ISO-10303-21;
HEADER;
FILE_DESCRIPTION(('Open CASCADE Model'),'2;1');
FILE_NAME('Open CASCADE Shape Model','2025-05-12T16:54:34',('Author'),(
    'Open CASCADE'),'Open CASCADE STEP processor 6.5','Open CASCADE 6.5'
  ,'Unknown');
FILE_SCHEMA(('AUTOMOTIVE_DESIGN { 1 0 10303 214 1 1 1 1 }'));
ENDSEC;
DATA;
#1 = APPLICATION_PROTOCOL_DEFINITION('international standard',
  'automotive_design',2000,#2);
#2 = APPLICATION_CONTEXT(
  'core data for automotive mechanical design processes');
#3 = SHAPE_DEFINITION_REPRESENTATION(#4,#10);
#4 = PRODUCT_DEFINITION_SHAPE('','',#5);
#5 = PRODUCT_DEFINITION('design','',#6,#9);
#6 = PRODUCT_DEFINITION_FORMATION('','',#7);
#7 = PRODUCT('PCB','PCB','',(#8));
#8 = PRODUCT_CONTEXT('',#2,'mechanical');
#9 = PRODUCT_DEFINITION_CONTEXT('part definition',#2,'design');
#10 = SHAPE_REPRESENTATION('',(#11,#15,#19,#23,#27,#31,#35,#39,#43,#47,
    #51,#55,#59,#63,#67,#71,#75,#79,#83,#87,#91,#95,#99,#103,#107,#111,
    #115,#119,#123,#127,#131,#135,#139,#143,#147),#151);
#11 = AXIS2_PLACEMENT_3D('',#12,#13,#14);
#12 = CARTESIAN_POINT('',(0.E+000,0.E+000,0.E+000));
#13 = DIRECTION('',(0.E+000,0.E+000,1.));
#14 = DIRECTION('',(1.,0.E+000,-0.E+000));
#15 = AXIS2_PLACEMENT_3D('',#16,#17,#18);
#16 = CARTESIAN_POINT('',(0.E+000,0.E+000,-0.41148));
#17 = DIRECTION('',(0.E+000,0.E+000,1.));
#18 = DIRECTION('',(1.,0.E+000,-0.E+000));
#19 = AXIS2_PLACEMENT_3D('',#20,#21,#22);
#20 = CARTESIAN_POINT('',(0.E+000,0.E+000,0.E+000));
#21 = DIRECTION('',(0.E+000,0.E+000,1.));
#22 = DIRECTION('',(1.,0.E+000,-0.E+000));
#23 = AXIS2_PLACEMENT_3D('',#24,#25,#26);
#24 = CARTESIAN_POINT('',(0.E+000,0.E+000,0.E+000));
#25 = DIRECTION('',(0.E+000,0.E+000,1.));
#26 = DIRECTION('',(1.,0.E+000,-0.E+000));
#27 = AXIS2_PLACEMENT_3D('',#28,#29,#30);
#28 = CARTESIAN_POINT('',(0.E+000,0.E+000,0.E+000));
#29 = DIRECTION('',(0.E+000,0.E+000,1.));
#30 = DIRECTION('',(1.,0.E+000,-0.E+000));
#31 = AXIS2_PLACEMENT_3D('',#32,#33,#34);
#32 = CARTESIAN_POINT('',(0.E+000,0.E+000,0.E+000));
#33 = DIRECTION('',(0.E+000,0.E+000,1.));
#34 = DIRECTION('',(1.,0.E+000,-0.E+000));
#35 = AXIS2_PLACEMENT_3D('',#36,#37,#38);
#36 = CARTESIAN_POINT('',(0.E+000,0.E+000,0.E+000));
#37 = DIRECTION('',(0.E+000,0.E+000,1.));
#38 = DIRECTION('',(1.,0.E+000,-0.E+000));
#39 = AXIS2_PLACEMENT_3D('',#40,#41,#42);
#40 = CARTESIAN_POINT('',(0.E+000,0.E+000,0.E+000));
#41 = DIRECTION('',(0.E+000,0.E+000,1.));
#42 = DIRECTION('',(1.,0.E+000,-0.E+000));
#43 = AXIS2_PLACEMENT_3D('',#44,#45,#46);
#44 = CARTESIAN_POINT('',(0.E+000,0.E+000,0.E+000));
#45 = DIRECTION('',(0.E+000,0.E+000,1.));
#46 = DIRECTION('',(1.,0.E+000,-0.E+000));
#47 = AXIS2_PLACEMENT_3D('',#48,#49,#50);
#48 = CARTESIAN_POINT('',(0.E+000,0.E+000,0.E+000));
#49 = DIRECTION('',(0.E+000,0.E+000,1.));
#50 = DIRECTION('',(1.,0.E+000,-0.E+000));
#51 = AXIS2_PLACEMENT_3D('',#52,#53,#54);
#52 = CARTESIAN_POINT('',(0.E+000,0.E+000,0.E+000));
#53 = DIRECTION('',(0.E+000,0.E+000,1.));
#54 = DIRECTION('',(1.,0.E+000,-0.E+000));
#55 = AXIS2_PLACEMENT_3D('',#56,#57,#58);
#56 = CARTESIAN_POINT('',(0.E+000,0.E+000,0.E+000));
#57 = DIRECTION('',(0.E+000,0.E+000,1.));
#58 = DIRECTION('',(1.,0.E+000,-0.E+000));
#59 = AXIS2_PLACEMENT_3D('',#60,#61,#62);
#60 = CARTESIAN_POINT('',(0.E+000,0.E+000,0.E+000));
#61 = DIRECTION('',(0.E+000,0.E+000,1.));
#62 = DIRECTION('',(1.,0.E+000,-0.E+000));
#63 = AXIS2_PLACEMENT_3D('',#64,#65,#66);
#64 = CARTESIAN_POINT('',(0.E+000,0.E+000,0.E+000));
#65 = DIRECTION('',(0.E+000,0.E+000,1.));
#66 = DIRECTION('',(1.,0.E+000,-0.E+000));
#67 = AXIS2_PLACEMENT_3D('',#68,#69,#70);
#68 = CARTESIAN_POINT('',(0.E+000,0.E+000,0.E+000));
#69 = DIRECTION('',(0.E+000,0.E+000,1.));
#70 = DIRECTION('',(1.,0.E+000,-0.E+000));
#71 = AXIS2_PLACEMENT_3D('',#72,#73,#74);
#72 = CARTESIAN_POINT('',(0.E+000,0.E+000,0.E+000));
#73 = DIRECTION('',(0.E+000,0.E+000,1.));
#74 = DIRECTION('',(1.,0.E+000,-0.E+000));
#75 = AXIS2_PLACEMENT_3D('',#76,#77,#78);
#76 = CARTESIAN_POINT('',(0.E+000,0.E+000,0.E+000));
#77 = DIRECTION('',(0.E+000,0.E+000,1.));
#78 = DIRECTION('',(1.,0.E+000,-0.E+000));
#79 = AXIS2_PLACEMENT_3D('',#80,#81,#82);
#80 = CARTESIAN_POINT('',(0.E+000,0.E+000,0.E+000));
#81 = DIRECTION('',(0.E+000,0.E+000,1.));
#82 = DIRECTION('',(1.,0.E+000,-0.E+000));
#83 = AXIS2_PLACEMENT_3D('',#84,#85,#86);
#84 = CARTESIAN_POINT('',(0.E+000,0.E+000,0.E+000));
#85 = DIRECTION('',(0.E+000,0.E+000,1.));
#86 = DIRECTION('',(1.,0.E+000,-0.E+000));
#87 = AXIS2_PLACEMENT_3D('',#88,#89,#90);
#88 = CARTESIAN_POINT('',(0.E+000,0.E+000,0.E+000));
#89 = DIRECTION('',(0.E+000,0.E+000,1.));
#90 = DIRECTION('',(1.,0.E+000,-0.E+000));
#91 = AXIS2_PLACEMENT_3D('',#92,#93,#94);
#92 = CARTESIAN_POINT('',(0.E+000,0.E+000,0.E+000));
#93 = DIRECTION('',(0.E+000,0.E+000,1.));
#94 = DIRECTION('',(1.,0.E+000,-0.E+000));
#95 = AXIS2_PLACEMENT_3D('',#96,#97,#98);
#96 = CARTESIAN_POINT('',(0.E+000,0.E+000,0.E+000));
#97 = DIRECTION('',(0.E+000,0.E+000,1.));
#98 = DIRECTION('',(1.,0.E+000,-0.E+000));
#99 = AXIS2_PLACEMENT_3D('',#100,#101,#102);
#100 = CARTESIAN_POINT('',(0.E+000,0.E+000,0.E+000));
#101 = DIRECTION('',(0.E+000,0.E+000,1.));
#102 = DIRECTION('',(1.,0.E+000,-0.E+000));
#103 = AXIS2_PLACEMENT_3D('',#104,#105,#106);
#104 = CARTESIAN_POINT('',(0.E+000,0.E+000,0.E+000));
#105 = DIRECTION('',(0.E+000,0.E+000,1.));
#106 = DIRECTION('',(1.,0.E+000,-0.E+000));
#107 = AXIS2_PLACEMENT_3D('',#108,#109,#110);
#108 = CARTESIAN_POINT('',(0.E+000,0.E+000,0.E+000));
#109 = DIRECTION('',(0.E+000,0.E+000,1.));
#110 = DIRECTION('',(1.,0.E+000,-0.E+000));
#111 = AXIS2_PLACEMENT_3D('',#112,#113,#114);
#112 = CARTESIAN_POINT('',(0.E+000,0.E+000,0.E+000));
#113 = DIRECTION('',(0.E+000,0.E+000,1.));
#114 = DIRECTION('',(1.,0.E+000,-0.E+000));
#115 = AXIS2_PLACEMENT_3D('',#116,#117,#118);
#116 = CARTESIAN_POINT('',(0.E+000,0.E+000,0.E+000));
#117 = DIRECTION('',(0.E+000,0.E+000,1.));
#118 = DIRECTION('',(1.,0.E+000,-0.E+000));
#119 = AXIS2_PLACEMENT_3D('',#120,#121,#122);
#120 = CARTESIAN_POINT('',(0.E+000,0.E+000,0.E+000));
#121 = DIRECTION('',(0.E+000,0.E+000,1.));
#122 = DIRECTION('',(1.,0.E+000,-0.E+000));
#123 = AXIS2_PLACEMENT_3D('',#124,#125,#126);
#124 = CARTESIAN_POINT('',(0.E+000,0.E+000,0.E+000));
#125 = DIRECTION('',(0.E+000,0.E+000,1.));
#126 = DIRECTION('',(1.,0.E+000,-0.E+000));
#127 = AXIS2_PLACEMENT_3D('',#128,#129,#130);
#128 = CARTESIAN_POINT('',(0.E+000,0.E+000,0.E+000));
#129 = DIRECTION('',(0.E+000,0.E+000,1.));
#130 = DIRECTION('',(1.,0.E+000,-0.E+000));
#131 = AXIS2_PLACEMENT_3D('',#132,#133,#134);
#132 = CARTESIAN_POINT('',(0.E+000,0.E+000,0.E+000));
#133 = DIRECTION('',(0.E+000,0.E+000,1.));
#134 = DIRECTION('',(1.,0.E+000,-0.E+000));
#135 = AXIS2_PLACEMENT_3D('',#136,#137,#138);
#136 = CARTESIAN_POINT('',(0.E+000,0.E+000,0.E+000));
#137 = DIRECTION('',(0.E+000,0.E+000,1.));
#138 = DIRECTION('',(1.,0.E+000,-0.E+000));
#139 = AXIS2_PLACEMENT_3D('',#140,#141,#142);
#140 = CARTESIAN_POINT('',(0.E+000,0.E+000,0.E+000));
#141 = DIRECTION('',(0.E+000,0.E+000,1.));
#142 = DIRECTION('',(1.,0.E+000,-0.E+000));
#143 = AXIS2_PLACEMENT_3D('',#144,#145,#146);
#144 = CARTESIAN_POINT('',(0.E+000,0.E+000,0.E+000));
#145 = DIRECTION('',(0.E+000,0.E+000,1.));
#146 = DIRECTION('',(1.,0.E+000,-0.E+000));
#147 = AXIS2_PLACEMENT_3D('',#148,#149,#150);
#148 = CARTESIAN_POINT('',(0.E+000,0.E+000,0.E+000));
#149 = DIRECTION('',(0.E+000,0.E+000,1.));
#150 = DIRECTION('',(1.,0.E+000,-0.E+000));
#151 = ( GEOMETRIC_REPRESENTATION_CONTEXT(3) 
GLOBAL_UNCERTAINTY_ASSIGNED_CONTEXT((#155)) GLOBAL_UNIT_ASSIGNED_CONTEXT
((#152,#153,#154)) REPRESENTATION_CONTEXT('Context #1',
  '3D Context with UNIT and UNCERTAINTY') );
#152 = ( LENGTH_UNIT() NAMED_UNIT(*) SI_UNIT(.MILLI.,.METRE.) );
#153 = ( NAMED_UNIT(*) PLANE_ANGLE_UNIT() SI_UNIT($,.RADIAN.) );
#154 = ( NAMED_UNIT(*) SI_UNIT($,.STERADIAN.) SOLID_ANGLE_UNIT() );
#155 = UNCERTAINTY_MEASURE_WITH_UNIT(LENGTH_MEASURE(1.E-007),#152,
  'distance_accuracy_value','confusion accuracy');
#156 = PRODUCT_RELATED_PRODUCT_CATEGORY('part',$,(#7));
#157 = ADVANCED_BREP_SHAPE_REPRESENTATION('',(#11,#158),#7248);
#158 = MANIFOLD_SOLID_BREP('',#159);
#159 = CLOSED_SHELL('',(#160,#280,#356,#432,#508,#584,#660,#736,#812,
    #888,#964,#1040,#1116,#1192,#1268,#1344,#1420,#1496,#1572,#1648,
    #1724,#1800,#1876,#1952,#2028,#2104,#2180,#2256,#2332,#2408,#2484,
    #2560,#2636,#2712,#2788,#2864,#2940,#3016,#3092,#3168,#3244,#3320,
    #3396,#3467,#3514,#3600,#3710,#3796,#3867,#3924,#4010,#4096,#4182,
    #4292,#4378,#4449,#4506,#4616,#4702,#4773,#4830,#4940,#5026,#5097,
    #5154,#5240,#5350,#5436,#5507,#5564,#5650,#5736,#5822,#5908,#6018,
    #6104,#6175,#6232,#6318,#6404,#6490,#6576,#6662,#6772,#6858,#6929,
    #6986,#7117));
#160 = ADVANCED_FACE('',(#161),#175,.F.);
#161 = FACE_BOUND('',#162,.F.);
#162 = EDGE_LOOP('',(#163,#198,#226,#254));
#163 = ORIENTED_EDGE('',*,*,#164,.T.);
#164 = EDGE_CURVE('',#165,#167,#169,.T.);
#165 = VERTEX_POINT('',#166);
#166 = CARTESIAN_POINT('',(3.240278E-002,2.96162222,0.E+000));
#167 = VERTEX_POINT('',#168);
#168 = CARTESIAN_POINT('',(3.240278E-002,2.96162222,0.41148));
#169 = SURFACE_CURVE('',#170,(#174,#186),.PCURVE_S1.);
#170 = LINE('',#171,#172);
#171 = CARTESIAN_POINT('',(3.240278E-002,2.96162222,0.E+000));
#172 = VECTOR('',#173,1.);
#173 = DIRECTION('',(0.E+000,0.E+000,1.));
#174 = PCURVE('',#175,#180);
#175 = PLANE('',#176);
#176 = AXIS2_PLACEMENT_3D('',#177,#178,#179);
#177 = CARTESIAN_POINT('',(3.240278E-002,2.96162222,0.E+000));
#178 = DIRECTION('',(0.972370015057,0.233444969571,-0.E+000));
#179 = DIRECTION('',(0.233444969571,-0.972370015057,0.E+000));
#180 = DEFINITIONAL_REPRESENTATION('',(#181),#185);
#181 = LINE('',#182,#183);
#182 = CARTESIAN_POINT('',(0.E+000,0.E+000));
#183 = VECTOR('',#184,1.);
#184 = DIRECTION('',(0.E+000,-1.));
#185 = ( GEOMETRIC_REPRESENTATION_CONTEXT(2) 
PARAMETRIC_REPRESENTATION_CONTEXT() REPRESENTATION_CONTEXT('2D SPACE',''
  ) );
#186 = PCURVE('',#187,#192);
#187 = PLANE('',#188);
#188 = AXIS2_PLACEMENT_3D('',#189,#190,#191);
#189 = CARTESIAN_POINT('',(0.E+000,3.51083372,0.E+000));
#190 = DIRECTION('',(0.998264105516,5.889631260984E-002,-0.E+000));
#191 = DIRECTION('',(5.889631260984E-002,-0.998264105516,0.E+000));
#192 = DEFINITIONAL_REPRESENTATION('',(#193),#197);
#193 = LINE('',#194,#195);
#194 = CARTESIAN_POINT('',(0.550166531047,0.E+000));
#195 = VECTOR('',#196,1.);
#196 = DIRECTION('',(0.E+000,-1.));
#197 = ( GEOMETRIC_REPRESENTATION_CONTEXT(2) 
PARAMETRIC_REPRESENTATION_CONTEXT() REPRESENTATION_CONTEXT('2D SPACE',''
  ) );
#198 = ORIENTED_EDGE('',*,*,#199,.T.);
#199 = EDGE_CURVE('',#167,#200,#202,.T.);
#200 = VERTEX_POINT('',#201);
#201 = CARTESIAN_POINT('',(0.1610106,2.42593114,0.41148));
#202 = SURFACE_CURVE('',#203,(#207,#214),.PCURVE_S1.);
#203 = LINE('',#204,#205);
#204 = CARTESIAN_POINT('',(3.240278E-002,2.96162222,0.41148));
#205 = VECTOR('',#206,1.);
#206 = DIRECTION('',(0.233444969571,-0.972370015057,0.E+000));
#207 = PCURVE('',#175,#208);
#208 = DEFINITIONAL_REPRESENTATION('',(#209),#213);
#209 = LINE('',#210,#211);
#210 = CARTESIAN_POINT('',(0.E+000,-0.41148));
#211 = VECTOR('',#212,1.);
#212 = DIRECTION('',(1.,0.E+000));
#213 = ( GEOMETRIC_REPRESENTATION_CONTEXT(2) 
PARAMETRIC_REPRESENTATION_CONTEXT() REPRESENTATION_CONTEXT('2D SPACE',''
  ) );
#214 = PCURVE('',#215,#220);
#215 = PLANE('',#216);
#216 = AXIS2_PLACEMENT_3D('',#217,#218,#219);
#217 = CARTESIAN_POINT('',(3.240278E-002,2.96162222,0.41148));
#218 = DIRECTION('',(0.E+000,0.E+000,-1.));
#219 = DIRECTION('',(-1.,0.E+000,-0.E+000));
#220 = DEFINITIONAL_REPRESENTATION('',(#221),#225);
#221 = LINE('',#222,#223);
#222 = CARTESIAN_POINT('',(0.E+000,0.E+000));
#223 = VECTOR('',#224,1.);
#224 = DIRECTION('',(-0.233444969571,-0.972370015057));
#225 = ( GEOMETRIC_REPRESENTATION_CONTEXT(2) 
PARAMETRIC_REPRESENTATION_CONTEXT() REPRESENTATION_CONTEXT('2D SPACE',''
  ) );
#226 = ORIENTED_EDGE('',*,*,#227,.F.);
#227 = EDGE_CURVE('',#228,#200,#230,.T.);
#228 = VERTEX_POINT('',#229);
#229 = CARTESIAN_POINT('',(0.1610106,2.42593114,0.E+000));
#230 = SURFACE_CURVE('',#231,(#235,#242),.PCURVE_S1.);
#231 = LINE('',#232,#233);
#232 = CARTESIAN_POINT('',(0.1610106,2.42593114,0.E+000));
#233 = VECTOR('',#234,1.);
#234 = DIRECTION('',(0.E+000,0.E+000,1.));
#235 = PCURVE('',#175,#236);
#236 = DEFINITIONAL_REPRESENTATION('',(#237),#241);
#237 = LINE('',#238,#239);
#238 = CARTESIAN_POINT('',(0.550912792152,0.E+000));
#239 = VECTOR('',#240,1.);
#240 = DIRECTION('',(0.E+000,-1.));
#241 = ( GEOMETRIC_REPRESENTATION_CONTEXT(2) 
PARAMETRIC_REPRESENTATION_CONTEXT() REPRESENTATION_CONTEXT('2D SPACE',''
  ) );
#242 = PCURVE('',#243,#248);
#243 = PLANE('',#244);
#244 = AXIS2_PLACEMENT_3D('',#245,#246,#247);
#245 = CARTESIAN_POINT('',(0.1610106,2.42593114,0.E+000));
#246 = DIRECTION('',(0.923879158381,0.382684335595,-0.E+000));
#247 = DIRECTION('',(0.382684335595,-0.923879158381,0.E+000));
#248 = DEFINITIONAL_REPRESENTATION('',(#249),#253);
#249 = LINE('',#250,#251);
#250 = CARTESIAN_POINT('',(0.E+000,0.E+000));
#251 = VECTOR('',#252,1.);
#252 = DIRECTION('',(0.E+000,-1.));
#253 = ( GEOMETRIC_REPRESENTATION_CONTEXT(2) 
PARAMETRIC_REPRESENTATION_CONTEXT() REPRESENTATION_CONTEXT('2D SPACE',''
  ) );
#254 = ORIENTED_EDGE('',*,*,#255,.F.);
#255 = EDGE_CURVE('',#165,#228,#256,.T.);
#256 = SURFACE_CURVE('',#257,(#261,#268),.PCURVE_S1.);
#257 = LINE('',#258,#259);
#258 = CARTESIAN_POINT('',(3.240278E-002,2.96162222,0.E+000));
#259 = VECTOR('',#260,1.);
#260 = DIRECTION('',(0.233444969571,-0.972370015057,0.E+000));
#261 = PCURVE('',#175,#262);
#262 = DEFINITIONAL_REPRESENTATION('',(#263),#267);
#263 = LINE('',#264,#265);
#264 = CARTESIAN_POINT('',(0.E+000,0.E+000));
#265 = VECTOR('',#266,1.);
#266 = DIRECTION('',(1.,0.E+000));
#267 = ( GEOMETRIC_REPRESENTATION_CONTEXT(2) 
PARAMETRIC_REPRESENTATION_CONTEXT() REPRESENTATION_CONTEXT('2D SPACE',''
  ) );
#268 = PCURVE('',#269,#274);
#269 = PLANE('',#270);
#270 = AXIS2_PLACEMENT_3D('',#271,#272,#273);
#271 = CARTESIAN_POINT('',(3.240278E-002,2.96162222,0.E+000));
#272 = DIRECTION('',(0.E+000,0.E+000,-1.));
#273 = DIRECTION('',(-1.,0.E+000,-0.E+000));
#274 = DEFINITIONAL_REPRESENTATION('',(#275),#279);
#275 = LINE('',#276,#277);
#276 = CARTESIAN_POINT('',(0.E+000,0.E+000));
#277 = VECTOR('',#278,1.);
#278 = DIRECTION('',(-0.233444969571,-0.972370015057));
#279 = ( GEOMETRIC_REPRESENTATION_CONTEXT(2) 
PARAMETRIC_REPRESENTATION_CONTEXT() REPRESENTATION_CONTEXT('2D SPACE',''
  ) );
#280 = ADVANCED_FACE('',(#281),#243,.F.);
#281 = FACE_BOUND('',#282,.F.);
#282 = EDGE_LOOP('',(#283,#284,#307,#335));
#283 = ORIENTED_EDGE('',*,*,#227,.T.);
#284 = ORIENTED_EDGE('',*,*,#285,.T.);
#285 = EDGE_CURVE('',#200,#286,#288,.T.);
#286 = VERTEX_POINT('',#287);
#287 = CARTESIAN_POINT('',(0.37183568,1.91695578,0.41148));
#288 = SURFACE_CURVE('',#289,(#293,#300),.PCURVE_S1.);
#289 = LINE('',#290,#291);
#290 = CARTESIAN_POINT('',(0.1610106,2.42593114,0.41148));
#291 = VECTOR('',#292,1.);
#292 = DIRECTION('',(0.382684335595,-0.923879158381,0.E+000));
#293 = PCURVE('',#243,#294);
#294 = DEFINITIONAL_REPRESENTATION('',(#295),#299);
#295 = LINE('',#296,#297);
#296 = CARTESIAN_POINT('',(0.E+000,-0.41148));
#297 = VECTOR('',#298,1.);
#298 = DIRECTION('',(1.,0.E+000));
#299 = ( GEOMETRIC_REPRESENTATION_CONTEXT(2) 
PARAMETRIC_REPRESENTATION_CONTEXT() REPRESENTATION_CONTEXT('2D SPACE',''
  ) );
#300 = PCURVE('',#215,#301);
#301 = DEFINITIONAL_REPRESENTATION('',(#302),#306);
#302 = LINE('',#303,#304);
#303 = CARTESIAN_POINT('',(-0.12860782,-0.53569108));
#304 = VECTOR('',#305,1.);
#305 = DIRECTION('',(-0.382684335595,-0.923879158381));
#306 = ( GEOMETRIC_REPRESENTATION_CONTEXT(2) 
PARAMETRIC_REPRESENTATION_CONTEXT() REPRESENTATION_CONTEXT('2D SPACE',''
  ) );
#307 = ORIENTED_EDGE('',*,*,#308,.F.);
#308 = EDGE_CURVE('',#309,#286,#311,.T.);
#309 = VERTEX_POINT('',#310);
#310 = CARTESIAN_POINT('',(0.37183568,1.91695578,0.E+000));
#311 = SURFACE_CURVE('',#312,(#316,#323),.PCURVE_S1.);
#312 = LINE('',#313,#314);
#313 = CARTESIAN_POINT('',(0.37183568,1.91695578,0.E+000));
#314 = VECTOR('',#315,1.);
#315 = DIRECTION('',(0.E+000,0.E+000,1.));
#316 = PCURVE('',#243,#317);
#317 = DEFINITIONAL_REPRESENTATION('',(#318),#322);
#318 = LINE('',#319,#320);
#319 = CARTESIAN_POINT('',(0.5509111829,0.E+000));
#320 = VECTOR('',#321,1.);
#321 = DIRECTION('',(0.E+000,-1.));
#322 = ( GEOMETRIC_REPRESENTATION_CONTEXT(2) 
PARAMETRIC_REPRESENTATION_CONTEXT() REPRESENTATION_CONTEXT('2D SPACE',''
  ) );
#323 = PCURVE('',#324,#329);
#324 = PLANE('',#325);
#325 = AXIS2_PLACEMENT_3D('',#326,#327,#328);
#326 = CARTESIAN_POINT('',(0.37183568,1.91695578,0.E+000));
#327 = DIRECTION('',(0.852640345421,0.522498269241,-0.E+000));
#328 = DIRECTION('',(0.522498269241,-0.852640345421,0.E+000));
#329 = DEFINITIONAL_REPRESENTATION('',(#330),#334);
#330 = LINE('',#331,#332);
#331 = CARTESIAN_POINT('',(0.E+000,0.E+000));
#332 = VECTOR('',#333,1.);
#333 = DIRECTION('',(0.E+000,-1.));
#334 = ( GEOMETRIC_REPRESENTATION_CONTEXT(2) 
PARAMETRIC_REPRESENTATION_CONTEXT() REPRESENTATION_CONTEXT('2D SPACE',''
  ) );
#335 = ORIENTED_EDGE('',*,*,#336,.F.);
#336 = EDGE_CURVE('',#228,#309,#337,.T.);
#337 = SURFACE_CURVE('',#338,(#342,#349),.PCURVE_S1.);
#338 = LINE('',#339,#340);
#339 = CARTESIAN_POINT('',(0.1610106,2.42593114,0.E+000));
#340 = VECTOR('',#341,1.);
#341 = DIRECTION('',(0.382684335595,-0.923879158381,0.E+000));
#342 = PCURVE('',#243,#343);
#343 = DEFINITIONAL_REPRESENTATION('',(#344),#348);
#344 = LINE('',#345,#346);
#345 = CARTESIAN_POINT('',(0.E+000,0.E+000));
#346 = VECTOR('',#347,1.);
#347 = DIRECTION('',(1.,0.E+000));
#348 = ( GEOMETRIC_REPRESENTATION_CONTEXT(2) 
PARAMETRIC_REPRESENTATION_CONTEXT() REPRESENTATION_CONTEXT('2D SPACE',''
  ) );
#349 = PCURVE('',#269,#350);
#350 = DEFINITIONAL_REPRESENTATION('',(#351),#355);
#351 = LINE('',#352,#353);
#352 = CARTESIAN_POINT('',(-0.12860782,-0.53569108));
#353 = VECTOR('',#354,1.);
#354 = DIRECTION('',(-0.382684335595,-0.923879158381));
#355 = ( GEOMETRIC_REPRESENTATION_CONTEXT(2) 
PARAMETRIC_REPRESENTATION_CONTEXT() REPRESENTATION_CONTEXT('2D SPACE',''
  ) );
#356 = ADVANCED_FACE('',(#357),#324,.F.);
#357 = FACE_BOUND('',#358,.F.);
#358 = EDGE_LOOP('',(#359,#360,#383,#411));
#359 = ORIENTED_EDGE('',*,*,#308,.T.);
#360 = ORIENTED_EDGE('',*,*,#361,.T.);
#361 = EDGE_CURVE('',#286,#362,#364,.T.);
#362 = VERTEX_POINT('',#363);
#363 = CARTESIAN_POINT('',(0.65968626,1.44722596,0.41148));
#364 = SURFACE_CURVE('',#365,(#369,#376),.PCURVE_S1.);
#365 = LINE('',#366,#367);
#366 = CARTESIAN_POINT('',(0.37183568,1.91695578,0.41148));
#367 = VECTOR('',#368,1.);
#368 = DIRECTION('',(0.522498269241,-0.852640345421,0.E+000));
#369 = PCURVE('',#324,#370);
#370 = DEFINITIONAL_REPRESENTATION('',(#371),#375);
#371 = LINE('',#372,#373);
#372 = CARTESIAN_POINT('',(0.E+000,-0.41148));
#373 = VECTOR('',#374,1.);
#374 = DIRECTION('',(1.,0.E+000));
#375 = ( GEOMETRIC_REPRESENTATION_CONTEXT(2) 
PARAMETRIC_REPRESENTATION_CONTEXT() REPRESENTATION_CONTEXT('2D SPACE',''
  ) );
#376 = PCURVE('',#215,#377);
#377 = DEFINITIONAL_REPRESENTATION('',(#378),#382);
#378 = LINE('',#379,#380);
#379 = CARTESIAN_POINT('',(-0.3394329,-1.04466644));
#380 = VECTOR('',#381,1.);
#381 = DIRECTION('',(-0.522498269241,-0.852640345421));
#382 = ( GEOMETRIC_REPRESENTATION_CONTEXT(2) 
PARAMETRIC_REPRESENTATION_CONTEXT() REPRESENTATION_CONTEXT('2D SPACE',''
  ) );
#383 = ORIENTED_EDGE('',*,*,#384,.F.);
#384 = EDGE_CURVE('',#385,#362,#387,.T.);
#385 = VERTEX_POINT('',#386);
#386 = CARTESIAN_POINT('',(0.65968626,1.44722596,0.E+000));
#387 = SURFACE_CURVE('',#388,(#392,#399),.PCURVE_S1.);
#388 = LINE('',#389,#390);
#389 = CARTESIAN_POINT('',(0.65968626,1.44722596,0.E+000));
#390 = VECTOR('',#391,1.);
#391 = DIRECTION('',(0.E+000,0.E+000,1.));
#392 = PCURVE('',#324,#393);
#393 = DEFINITIONAL_REPRESENTATION('',(#394),#398);
#394 = LINE('',#395,#396);
#395 = CARTESIAN_POINT('',(0.55091202583,0.E+000));
#396 = VECTOR('',#397,1.);
#397 = DIRECTION('',(0.E+000,-1.));
#398 = ( GEOMETRIC_REPRESENTATION_CONTEXT(2) 
PARAMETRIC_REPRESENTATION_CONTEXT() REPRESENTATION_CONTEXT('2D SPACE',''
  ) );
#399 = PCURVE('',#400,#405);
#400 = PLANE('',#401);
#401 = AXIS2_PLACEMENT_3D('',#402,#403,#404);
#402 = CARTESIAN_POINT('',(0.65968626,1.44722596,0.E+000));
#403 = DIRECTION('',(0.760405554149,0.649448530077,-0.E+000));
#404 = DIRECTION('',(0.649448530077,-0.760405554149,0.E+000));
#405 = DEFINITIONAL_REPRESENTATION('',(#406),#410);
#406 = LINE('',#407,#408);
#407 = CARTESIAN_POINT('',(0.E+000,0.E+000));
#408 = VECTOR('',#409,1.);
#409 = DIRECTION('',(0.E+000,-1.));
#410 = ( GEOMETRIC_REPRESENTATION_CONTEXT(2) 
PARAMETRIC_REPRESENTATION_CONTEXT() REPRESENTATION_CONTEXT('2D SPACE',''
  ) );
#411 = ORIENTED_EDGE('',*,*,#412,.F.);
#412 = EDGE_CURVE('',#309,#385,#413,.T.);
#413 = SURFACE_CURVE('',#414,(#418,#425),.PCURVE_S1.);
#414 = LINE('',#415,#416);
#415 = CARTESIAN_POINT('',(0.37183568,1.91695578,0.E+000));
#416 = VECTOR('',#417,1.);
#417 = DIRECTION('',(0.522498269241,-0.852640345421,0.E+000));
#418 = PCURVE('',#324,#419);
#419 = DEFINITIONAL_REPRESENTATION('',(#420),#424);
#420 = LINE('',#421,#422);
#421 = CARTESIAN_POINT('',(0.E+000,0.E+000));
#422 = VECTOR('',#423,1.);
#423 = DIRECTION('',(1.,0.E+000));
#424 = ( GEOMETRIC_REPRESENTATION_CONTEXT(2) 
PARAMETRIC_REPRESENTATION_CONTEXT() REPRESENTATION_CONTEXT('2D SPACE',''
  ) );
#425 = PCURVE('',#269,#426);
#426 = DEFINITIONAL_REPRESENTATION('',(#427),#431);
#427 = LINE('',#428,#429);
#428 = CARTESIAN_POINT('',(-0.3394329,-1.04466644));
#429 = VECTOR('',#430,1.);
#430 = DIRECTION('',(-0.522498269241,-0.852640345421));
#431 = ( GEOMETRIC_REPRESENTATION_CONTEXT(2) 
PARAMETRIC_REPRESENTATION_CONTEXT() REPRESENTATION_CONTEXT('2D SPACE',''
  ) );
#432 = ADVANCED_FACE('',(#433),#400,.F.);
#433 = FACE_BOUND('',#434,.F.);
#434 = EDGE_LOOP('',(#435,#436,#459,#487));
#435 = ORIENTED_EDGE('',*,*,#384,.T.);
#436 = ORIENTED_EDGE('',*,*,#437,.T.);
#437 = EDGE_CURVE('',#362,#438,#440,.T.);
#438 = VERTEX_POINT('',#439);
#439 = CARTESIAN_POINT('',(1.01747574,1.02830884,0.41148));
#440 = SURFACE_CURVE('',#441,(#445,#452),.PCURVE_S1.);
#441 = LINE('',#442,#443);
#442 = CARTESIAN_POINT('',(0.65968626,1.44722596,0.41148));
#443 = VECTOR('',#444,1.);
#444 = DIRECTION('',(0.649448530077,-0.760405554149,0.E+000));
#445 = PCURVE('',#400,#446);
#446 = DEFINITIONAL_REPRESENTATION('',(#447),#451);
#447 = LINE('',#448,#449);
#448 = CARTESIAN_POINT('',(0.E+000,-0.41148));
#449 = VECTOR('',#450,1.);
#450 = DIRECTION('',(1.,0.E+000));
#451 = ( GEOMETRIC_REPRESENTATION_CONTEXT(2) 
PARAMETRIC_REPRESENTATION_CONTEXT() REPRESENTATION_CONTEXT('2D SPACE',''
  ) );
#452 = PCURVE('',#215,#453);
#453 = DEFINITIONAL_REPRESENTATION('',(#454),#458);
#454 = LINE('',#455,#456);
#455 = CARTESIAN_POINT('',(-0.62728348,-1.51439626));
#456 = VECTOR('',#457,1.);
#457 = DIRECTION('',(-0.649448530077,-0.760405554149));
#458 = ( GEOMETRIC_REPRESENTATION_CONTEXT(2) 
PARAMETRIC_REPRESENTATION_CONTEXT() REPRESENTATION_CONTEXT('2D SPACE',''
  ) );
#459 = ORIENTED_EDGE('',*,*,#460,.F.);
#460 = EDGE_CURVE('',#461,#438,#463,.T.);
#461 = VERTEX_POINT('',#462);
#462 = CARTESIAN_POINT('',(1.01747574,1.02830884,0.E+000));
#463 = SURFACE_CURVE('',#464,(#468,#475),.PCURVE_S1.);
#464 = LINE('',#465,#466);
#465 = CARTESIAN_POINT('',(1.01747574,1.02830884,0.E+000));
#466 = VECTOR('',#467,1.);
#467 = DIRECTION('',(0.E+000,0.E+000,1.));
#468 = PCURVE('',#400,#469);
#469 = DEFINITIONAL_REPRESENTATION('',(#470),#474);
#470 = LINE('',#471,#472);
#471 = CARTESIAN_POINT('',(0.550912756639,0.E+000));
#472 = VECTOR('',#473,1.);
#473 = DIRECTION('',(0.E+000,-1.));
#474 = ( GEOMETRIC_REPRESENTATION_CONTEXT(2) 
PARAMETRIC_REPRESENTATION_CONTEXT() REPRESENTATION_CONTEXT('2D SPACE',''
  ) );
#475 = PCURVE('',#476,#481);
#476 = PLANE('',#477);
#477 = AXIS2_PLACEMENT_3D('',#478,#479,#480);
#478 = CARTESIAN_POINT('',(1.01747574,1.02830884,0.E+000));
#479 = DIRECTION('',(0.649448530077,0.760405554149,-0.E+000));
#480 = DIRECTION('',(0.760405554149,-0.649448530077,0.E+000));
#481 = DEFINITIONAL_REPRESENTATION('',(#482),#486);
#482 = LINE('',#483,#484);
#483 = CARTESIAN_POINT('',(0.E+000,0.E+000));
#484 = VECTOR('',#485,1.);
#485 = DIRECTION('',(0.E+000,-1.));
#486 = ( GEOMETRIC_REPRESENTATION_CONTEXT(2) 
PARAMETRIC_REPRESENTATION_CONTEXT() REPRESENTATION_CONTEXT('2D SPACE',''
  ) );
#487 = ORIENTED_EDGE('',*,*,#488,.F.);
#488 = EDGE_CURVE('',#385,#461,#489,.T.);
#489 = SURFACE_CURVE('',#490,(#494,#501),.PCURVE_S1.);
#490 = LINE('',#491,#492);
#491 = CARTESIAN_POINT('',(0.65968626,1.44722596,0.E+000));
#492 = VECTOR('',#493,1.);
#493 = DIRECTION('',(0.649448530077,-0.760405554149,0.E+000));
#494 = PCURVE('',#400,#495);
#495 = DEFINITIONAL_REPRESENTATION('',(#496),#500);
#496 = LINE('',#497,#498);
#497 = CARTESIAN_POINT('',(0.E+000,0.E+000));
#498 = VECTOR('',#499,1.);
#499 = DIRECTION('',(1.,0.E+000));
#500 = ( GEOMETRIC_REPRESENTATION_CONTEXT(2) 
PARAMETRIC_REPRESENTATION_CONTEXT() REPRESENTATION_CONTEXT('2D SPACE',''
  ) );
#501 = PCURVE('',#269,#502);
#502 = DEFINITIONAL_REPRESENTATION('',(#503),#507);
#503 = LINE('',#504,#505);
#504 = CARTESIAN_POINT('',(-0.62728348,-1.51439626));
#505 = VECTOR('',#506,1.);
#506 = DIRECTION('',(-0.649448530077,-0.760405554149));
#507 = ( GEOMETRIC_REPRESENTATION_CONTEXT(2) 
PARAMETRIC_REPRESENTATION_CONTEXT() REPRESENTATION_CONTEXT('2D SPACE',''
  ) );
#508 = ADVANCED_FACE('',(#509),#476,.F.);
#509 = FACE_BOUND('',#510,.F.);
#510 = EDGE_LOOP('',(#511,#512,#535,#563));
#511 = ORIENTED_EDGE('',*,*,#460,.T.);
#512 = ORIENTED_EDGE('',*,*,#513,.T.);
#513 = EDGE_CURVE('',#438,#514,#516,.T.);
#514 = VERTEX_POINT('',#515);
#515 = CARTESIAN_POINT('',(1.43639286,0.67051936,0.41148));
#516 = SURFACE_CURVE('',#517,(#521,#528),.PCURVE_S1.);
#517 = LINE('',#518,#519);
#518 = CARTESIAN_POINT('',(1.01747574,1.02830884,0.41148));
#519 = VECTOR('',#520,1.);
#520 = DIRECTION('',(0.760405554149,-0.649448530077,0.E+000));
#521 = PCURVE('',#476,#522);
#522 = DEFINITIONAL_REPRESENTATION('',(#523),#527);
#523 = LINE('',#524,#525);
#524 = CARTESIAN_POINT('',(0.E+000,-0.41148));
#525 = VECTOR('',#526,1.);
#526 = DIRECTION('',(1.,0.E+000));
#527 = ( GEOMETRIC_REPRESENTATION_CONTEXT(2) 
PARAMETRIC_REPRESENTATION_CONTEXT() REPRESENTATION_CONTEXT('2D SPACE',''
  ) );
#528 = PCURVE('',#215,#529);
#529 = DEFINITIONAL_REPRESENTATION('',(#530),#534);
#530 = LINE('',#531,#532);
#531 = CARTESIAN_POINT('',(-0.98507296,-1.93331338));
#532 = VECTOR('',#533,1.);
#533 = DIRECTION('',(-0.760405554149,-0.649448530077));
#534 = ( GEOMETRIC_REPRESENTATION_CONTEXT(2) 
PARAMETRIC_REPRESENTATION_CONTEXT() REPRESENTATION_CONTEXT('2D SPACE',''
  ) );
#535 = ORIENTED_EDGE('',*,*,#536,.F.);
#536 = EDGE_CURVE('',#537,#514,#539,.T.);
#537 = VERTEX_POINT('',#538);
#538 = CARTESIAN_POINT('',(1.43639286,0.67051936,0.E+000));
#539 = SURFACE_CURVE('',#540,(#544,#551),.PCURVE_S1.);
#540 = LINE('',#541,#542);
#541 = CARTESIAN_POINT('',(1.43639286,0.67051936,0.E+000));
#542 = VECTOR('',#543,1.);
#543 = DIRECTION('',(0.E+000,0.E+000,1.));
#544 = PCURVE('',#476,#545);
#545 = DEFINITIONAL_REPRESENTATION('',(#546),#550);
#546 = LINE('',#547,#548);
#547 = CARTESIAN_POINT('',(0.550912756639,0.E+000));
#548 = VECTOR('',#549,1.);
#549 = DIRECTION('',(0.E+000,-1.));
#550 = ( GEOMETRIC_REPRESENTATION_CONTEXT(2) 
PARAMETRIC_REPRESENTATION_CONTEXT() REPRESENTATION_CONTEXT('2D SPACE',''
  ) );
#551 = PCURVE('',#552,#557);
#552 = PLANE('',#553);
#553 = AXIS2_PLACEMENT_3D('',#554,#555,#556);
#554 = CARTESIAN_POINT('',(1.43639286,0.67051936,0.E+000));
#555 = DIRECTION('',(0.522498269241,0.852640345421,-0.E+000));
#556 = DIRECTION('',(0.852640345421,-0.522498269241,0.E+000));
#557 = DEFINITIONAL_REPRESENTATION('',(#558),#562);
#558 = LINE('',#559,#560);
#559 = CARTESIAN_POINT('',(0.E+000,0.E+000));
#560 = VECTOR('',#561,1.);
#561 = DIRECTION('',(0.E+000,-1.));
#562 = ( GEOMETRIC_REPRESENTATION_CONTEXT(2) 
PARAMETRIC_REPRESENTATION_CONTEXT() REPRESENTATION_CONTEXT('2D SPACE',''
  ) );
#563 = ORIENTED_EDGE('',*,*,#564,.F.);
#564 = EDGE_CURVE('',#461,#537,#565,.T.);
#565 = SURFACE_CURVE('',#566,(#570,#577),.PCURVE_S1.);
#566 = LINE('',#567,#568);
#567 = CARTESIAN_POINT('',(1.01747574,1.02830884,0.E+000));
#568 = VECTOR('',#569,1.);
#569 = DIRECTION('',(0.760405554149,-0.649448530077,0.E+000));
#570 = PCURVE('',#476,#571);
#571 = DEFINITIONAL_REPRESENTATION('',(#572),#576);
#572 = LINE('',#573,#574);
#573 = CARTESIAN_POINT('',(0.E+000,0.E+000));
#574 = VECTOR('',#575,1.);
#575 = DIRECTION('',(1.,0.E+000));
#576 = ( GEOMETRIC_REPRESENTATION_CONTEXT(2) 
PARAMETRIC_REPRESENTATION_CONTEXT() REPRESENTATION_CONTEXT('2D SPACE',''
  ) );
#577 = PCURVE('',#269,#578);
#578 = DEFINITIONAL_REPRESENTATION('',(#579),#583);
#579 = LINE('',#580,#581);
#580 = CARTESIAN_POINT('',(-0.98507296,-1.93331338));
#581 = VECTOR('',#582,1.);
#582 = DIRECTION('',(-0.760405554149,-0.649448530077));
#583 = ( GEOMETRIC_REPRESENTATION_CONTEXT(2) 
PARAMETRIC_REPRESENTATION_CONTEXT() REPRESENTATION_CONTEXT('2D SPACE',''
  ) );
#584 = ADVANCED_FACE('',(#585),#552,.F.);
#585 = FACE_BOUND('',#586,.F.);
#586 = EDGE_LOOP('',(#587,#588,#611,#639));
#587 = ORIENTED_EDGE('',*,*,#536,.T.);
#588 = ORIENTED_EDGE('',*,*,#589,.T.);
#589 = EDGE_CURVE('',#514,#590,#592,.T.);
#590 = VERTEX_POINT('',#591);
#591 = CARTESIAN_POINT('',(1.90612268,0.38266878,0.41148));
#592 = SURFACE_CURVE('',#593,(#597,#604),.PCURVE_S1.);
#593 = LINE('',#594,#595);
#594 = CARTESIAN_POINT('',(1.43639286,0.67051936,0.41148));
#595 = VECTOR('',#596,1.);
#596 = DIRECTION('',(0.852640345421,-0.522498269241,0.E+000));
#597 = PCURVE('',#552,#598);
#598 = DEFINITIONAL_REPRESENTATION('',(#599),#603);
#599 = LINE('',#600,#601);
#600 = CARTESIAN_POINT('',(0.E+000,-0.41148));
#601 = VECTOR('',#602,1.);
#602 = DIRECTION('',(1.,0.E+000));
#603 = ( GEOMETRIC_REPRESENTATION_CONTEXT(2) 
PARAMETRIC_REPRESENTATION_CONTEXT() REPRESENTATION_CONTEXT('2D SPACE',''
  ) );
#604 = PCURVE('',#215,#605);
#605 = DEFINITIONAL_REPRESENTATION('',(#606),#610);
#606 = LINE('',#607,#608);
#607 = CARTESIAN_POINT('',(-1.40399008,-2.29110286));
#608 = VECTOR('',#609,1.);
#609 = DIRECTION('',(-0.852640345421,-0.522498269241));
#610 = ( GEOMETRIC_REPRESENTATION_CONTEXT(2) 
PARAMETRIC_REPRESENTATION_CONTEXT() REPRESENTATION_CONTEXT('2D SPACE',''
  ) );
#611 = ORIENTED_EDGE('',*,*,#612,.F.);
#612 = EDGE_CURVE('',#613,#590,#615,.T.);
#613 = VERTEX_POINT('',#614);
#614 = CARTESIAN_POINT('',(1.90612268,0.38266878,0.E+000));
#615 = SURFACE_CURVE('',#616,(#620,#627),.PCURVE_S1.);
#616 = LINE('',#617,#618);
#617 = CARTESIAN_POINT('',(1.90612268,0.38266878,0.E+000));
#618 = VECTOR('',#619,1.);
#619 = DIRECTION('',(0.E+000,0.E+000,1.));
#620 = PCURVE('',#552,#621);
#621 = DEFINITIONAL_REPRESENTATION('',(#622),#626);
#622 = LINE('',#623,#624);
#623 = CARTESIAN_POINT('',(0.55091202583,0.E+000));
#624 = VECTOR('',#625,1.);
#625 = DIRECTION('',(0.E+000,-1.));
#626 = ( GEOMETRIC_REPRESENTATION_CONTEXT(2) 
PARAMETRIC_REPRESENTATION_CONTEXT() REPRESENTATION_CONTEXT('2D SPACE',''
  ) );
#627 = PCURVE('',#628,#633);
#628 = PLANE('',#629);
#629 = AXIS2_PLACEMENT_3D('',#630,#631,#632);
#630 = CARTESIAN_POINT('',(1.90612268,0.38266878,0.E+000));
#631 = DIRECTION('',(0.382684335595,0.923879158381,-0.E+000));
#632 = DIRECTION('',(0.923879158381,-0.382684335595,0.E+000));
#633 = DEFINITIONAL_REPRESENTATION('',(#634),#638);
#634 = LINE('',#635,#636);
#635 = CARTESIAN_POINT('',(0.E+000,0.E+000));
#636 = VECTOR('',#637,1.);
#637 = DIRECTION('',(0.E+000,-1.));
#638 = ( GEOMETRIC_REPRESENTATION_CONTEXT(2) 
PARAMETRIC_REPRESENTATION_CONTEXT() REPRESENTATION_CONTEXT('2D SPACE',''
  ) );
#639 = ORIENTED_EDGE('',*,*,#640,.F.);
#640 = EDGE_CURVE('',#537,#613,#641,.T.);
#641 = SURFACE_CURVE('',#642,(#646,#653),.PCURVE_S1.);
#642 = LINE('',#643,#644);
#643 = CARTESIAN_POINT('',(1.43639286,0.67051936,0.E+000));
#644 = VECTOR('',#645,1.);
#645 = DIRECTION('',(0.852640345421,-0.522498269241,0.E+000));
#646 = PCURVE('',#552,#647);
#647 = DEFINITIONAL_REPRESENTATION('',(#648),#652);
#648 = LINE('',#649,#650);
#649 = CARTESIAN_POINT('',(0.E+000,0.E+000));
#650 = VECTOR('',#651,1.);
#651 = DIRECTION('',(1.,0.E+000));
#652 = ( GEOMETRIC_REPRESENTATION_CONTEXT(2) 
PARAMETRIC_REPRESENTATION_CONTEXT() REPRESENTATION_CONTEXT('2D SPACE',''
  ) );
#653 = PCURVE('',#269,#654);
#654 = DEFINITIONAL_REPRESENTATION('',(#655),#659);
#655 = LINE('',#656,#657);
#656 = CARTESIAN_POINT('',(-1.40399008,-2.29110286));
#657 = VECTOR('',#658,1.);
#658 = DIRECTION('',(-0.852640345421,-0.522498269241));
#659 = ( GEOMETRIC_REPRESENTATION_CONTEXT(2) 
PARAMETRIC_REPRESENTATION_CONTEXT() REPRESENTATION_CONTEXT('2D SPACE',''
  ) );
#660 = ADVANCED_FACE('',(#661),#628,.F.);
#661 = FACE_BOUND('',#662,.F.);
#662 = EDGE_LOOP('',(#663,#664,#687,#715));
#663 = ORIENTED_EDGE('',*,*,#612,.T.);
#664 = ORIENTED_EDGE('',*,*,#665,.T.);
#665 = EDGE_CURVE('',#590,#666,#668,.T.);
#666 = VERTEX_POINT('',#667);
#667 = CARTESIAN_POINT('',(2.41509804,0.1718437,0.41148));
#668 = SURFACE_CURVE('',#669,(#673,#680),.PCURVE_S1.);
#669 = LINE('',#670,#671);
#670 = CARTESIAN_POINT('',(1.90612268,0.38266878,0.41148));
#671 = VECTOR('',#672,1.);
#672 = DIRECTION('',(0.923879158381,-0.382684335595,0.E+000));
#673 = PCURVE('',#628,#674);
#674 = DEFINITIONAL_REPRESENTATION('',(#675),#679);
#675 = LINE('',#676,#677);
#676 = CARTESIAN_POINT('',(0.E+000,-0.41148));
#677 = VECTOR('',#678,1.);
#678 = DIRECTION('',(1.,0.E+000));
#679 = ( GEOMETRIC_REPRESENTATION_CONTEXT(2) 
PARAMETRIC_REPRESENTATION_CONTEXT() REPRESENTATION_CONTEXT('2D SPACE',''
  ) );
#680 = PCURVE('',#215,#681);
#681 = DEFINITIONAL_REPRESENTATION('',(#682),#686);
#682 = LINE('',#683,#684);
#683 = CARTESIAN_POINT('',(-1.8737199,-2.57895344));
#684 = VECTOR('',#685,1.);
#685 = DIRECTION('',(-0.923879158381,-0.382684335595));
#686 = ( GEOMETRIC_REPRESENTATION_CONTEXT(2) 
PARAMETRIC_REPRESENTATION_CONTEXT() REPRESENTATION_CONTEXT('2D SPACE',''
  ) );
#687 = ORIENTED_EDGE('',*,*,#688,.F.);
#688 = EDGE_CURVE('',#689,#666,#691,.T.);
#689 = VERTEX_POINT('',#690);
#690 = CARTESIAN_POINT('',(2.41509804,0.1718437,0.E+000));
#691 = SURFACE_CURVE('',#692,(#696,#703),.PCURVE_S1.);
#692 = LINE('',#693,#694);
#693 = CARTESIAN_POINT('',(2.41509804,0.1718437,0.E+000));
#694 = VECTOR('',#695,1.);
#695 = DIRECTION('',(0.E+000,0.E+000,1.));
#696 = PCURVE('',#628,#697);
#697 = DEFINITIONAL_REPRESENTATION('',(#698),#702);
#698 = LINE('',#699,#700);
#699 = CARTESIAN_POINT('',(0.5509111829,0.E+000));
#700 = VECTOR('',#701,1.);
#701 = DIRECTION('',(0.E+000,-1.));
#702 = ( GEOMETRIC_REPRESENTATION_CONTEXT(2) 
PARAMETRIC_REPRESENTATION_CONTEXT() REPRESENTATION_CONTEXT('2D SPACE',''
  ) );
#703 = PCURVE('',#704,#709);
#704 = PLANE('',#705);
#705 = AXIS2_PLACEMENT_3D('',#706,#707,#708);
#706 = CARTESIAN_POINT('',(2.41509804,0.1718437,0.E+000));
#707 = DIRECTION('',(0.233444969571,0.972370015057,-0.E+000));
#708 = DIRECTION('',(0.972370015057,-0.233444969571,0.E+000));
#709 = DEFINITIONAL_REPRESENTATION('',(#710),#714);
#710 = LINE('',#711,#712);
#711 = CARTESIAN_POINT('',(0.E+000,0.E+000));
#712 = VECTOR('',#713,1.);
#713 = DIRECTION('',(0.E+000,-1.));
#714 = ( GEOMETRIC_REPRESENTATION_CONTEXT(2) 
PARAMETRIC_REPRESENTATION_CONTEXT() REPRESENTATION_CONTEXT('2D SPACE',''
  ) );
#715 = ORIENTED_EDGE('',*,*,#716,.F.);
#716 = EDGE_CURVE('',#613,#689,#717,.T.);
#717 = SURFACE_CURVE('',#718,(#722,#729),.PCURVE_S1.);
#718 = LINE('',#719,#720);
#719 = CARTESIAN_POINT('',(1.90612268,0.38266878,0.E+000));
#720 = VECTOR('',#721,1.);
#721 = DIRECTION('',(0.923879158381,-0.382684335595,0.E+000));
#722 = PCURVE('',#628,#723);
#723 = DEFINITIONAL_REPRESENTATION('',(#724),#728);
#724 = LINE('',#725,#726);
#725 = CARTESIAN_POINT('',(0.E+000,0.E+000));
#726 = VECTOR('',#727,1.);
#727 = DIRECTION('',(1.,0.E+000));
#728 = ( GEOMETRIC_REPRESENTATION_CONTEXT(2) 
PARAMETRIC_REPRESENTATION_CONTEXT() REPRESENTATION_CONTEXT('2D SPACE',''
  ) );
#729 = PCURVE('',#269,#730);
#730 = DEFINITIONAL_REPRESENTATION('',(#731),#735);
#731 = LINE('',#732,#733);
#732 = CARTESIAN_POINT('',(-1.8737199,-2.57895344));
#733 = VECTOR('',#734,1.);
#734 = DIRECTION('',(-0.923879158381,-0.382684335595));
#735 = ( GEOMETRIC_REPRESENTATION_CONTEXT(2) 
PARAMETRIC_REPRESENTATION_CONTEXT() REPRESENTATION_CONTEXT('2D SPACE',''
  ) );
#736 = ADVANCED_FACE('',(#737),#704,.F.);
#737 = FACE_BOUND('',#738,.F.);
#738 = EDGE_LOOP('',(#739,#740,#763,#791));
#739 = ORIENTED_EDGE('',*,*,#688,.T.);
#740 = ORIENTED_EDGE('',*,*,#741,.T.);
#741 = EDGE_CURVE('',#666,#742,#744,.T.);
#742 = VERTEX_POINT('',#743);
#743 = CARTESIAN_POINT('',(2.95078912,4.323588E-002,0.41148));
#744 = SURFACE_CURVE('',#745,(#749,#756),.PCURVE_S1.);
#745 = LINE('',#746,#747);
#746 = CARTESIAN_POINT('',(2.41509804,0.1718437,0.41148));
#747 = VECTOR('',#748,1.);
#748 = DIRECTION('',(0.972370015057,-0.233444969571,0.E+000));
#749 = PCURVE('',#704,#750);
#750 = DEFINITIONAL_REPRESENTATION('',(#751),#755);
#751 = LINE('',#752,#753);
#752 = CARTESIAN_POINT('',(0.E+000,-0.41148));
#753 = VECTOR('',#754,1.);
#754 = DIRECTION('',(1.,0.E+000));
#755 = ( GEOMETRIC_REPRESENTATION_CONTEXT(2) 
PARAMETRIC_REPRESENTATION_CONTEXT() REPRESENTATION_CONTEXT('2D SPACE',''
  ) );
#756 = PCURVE('',#215,#757);
#757 = DEFINITIONAL_REPRESENTATION('',(#758),#762);
#758 = LINE('',#759,#760);
#759 = CARTESIAN_POINT('',(-2.38269526,-2.78977852));
#760 = VECTOR('',#761,1.);
#761 = DIRECTION('',(-0.972370015057,-0.233444969571));
#762 = ( GEOMETRIC_REPRESENTATION_CONTEXT(2) 
PARAMETRIC_REPRESENTATION_CONTEXT() REPRESENTATION_CONTEXT('2D SPACE',''
  ) );
#763 = ORIENTED_EDGE('',*,*,#764,.F.);
#764 = EDGE_CURVE('',#765,#742,#767,.T.);
#765 = VERTEX_POINT('',#766);
#766 = CARTESIAN_POINT('',(2.95078912,4.323588E-002,0.E+000));
#767 = SURFACE_CURVE('',#768,(#772,#779),.PCURVE_S1.);
#768 = LINE('',#769,#770);
#769 = CARTESIAN_POINT('',(2.95078912,4.323588E-002,0.E+000));
#770 = VECTOR('',#771,1.);
#771 = DIRECTION('',(0.E+000,0.E+000,1.));
#772 = PCURVE('',#704,#773);
#773 = DEFINITIONAL_REPRESENTATION('',(#774),#778);
#774 = LINE('',#775,#776);
#775 = CARTESIAN_POINT('',(0.550912792152,0.E+000));
#776 = VECTOR('',#777,1.);
#777 = DIRECTION('',(0.E+000,-1.));
#778 = ( GEOMETRIC_REPRESENTATION_CONTEXT(2) 
PARAMETRIC_REPRESENTATION_CONTEXT() REPRESENTATION_CONTEXT('2D SPACE',''
  ) );
#779 = PCURVE('',#780,#785);
#780 = PLANE('',#781);
#781 = AXIS2_PLACEMENT_3D('',#782,#783,#784);
#782 = CARTESIAN_POINT('',(2.95078912,4.323588E-002,0.E+000));
#783 = DIRECTION('',(7.845746787272E-002,0.996917461847,-0.E+000));
#784 = DIRECTION('',(0.996917461847,-7.845746787272E-002,0.E+000));
#785 = DEFINITIONAL_REPRESENTATION('',(#786),#790);
#786 = LINE('',#787,#788);
#787 = CARTESIAN_POINT('',(0.E+000,0.E+000));
#788 = VECTOR('',#789,1.);
#789 = DIRECTION('',(0.E+000,-1.));
#790 = ( GEOMETRIC_REPRESENTATION_CONTEXT(2) 
PARAMETRIC_REPRESENTATION_CONTEXT() REPRESENTATION_CONTEXT('2D SPACE',''
  ) );
#791 = ORIENTED_EDGE('',*,*,#792,.F.);
#792 = EDGE_CURVE('',#689,#765,#793,.T.);
#793 = SURFACE_CURVE('',#794,(#798,#805),.PCURVE_S1.);
#794 = LINE('',#795,#796);
#795 = CARTESIAN_POINT('',(2.41509804,0.1718437,0.E+000));
#796 = VECTOR('',#797,1.);
#797 = DIRECTION('',(0.972370015057,-0.233444969571,0.E+000));
#798 = PCURVE('',#704,#799);
#799 = DEFINITIONAL_REPRESENTATION('',(#800),#804);
#800 = LINE('',#801,#802);
#801 = CARTESIAN_POINT('',(0.E+000,0.E+000));
#802 = VECTOR('',#803,1.);
#803 = DIRECTION('',(1.,0.E+000));
#804 = ( GEOMETRIC_REPRESENTATION_CONTEXT(2) 
PARAMETRIC_REPRESENTATION_CONTEXT() REPRESENTATION_CONTEXT('2D SPACE',''
  ) );
#805 = PCURVE('',#269,#806);
#806 = DEFINITIONAL_REPRESENTATION('',(#807),#811);
#807 = LINE('',#808,#809);
#808 = CARTESIAN_POINT('',(-2.38269526,-2.78977852));
#809 = VECTOR('',#810,1.);
#810 = DIRECTION('',(-0.972370015057,-0.233444969571));
#811 = ( GEOMETRIC_REPRESENTATION_CONTEXT(2) 
PARAMETRIC_REPRESENTATION_CONTEXT() REPRESENTATION_CONTEXT('2D SPACE',''
  ) );
#812 = ADVANCED_FACE('',(#813),#780,.F.);
#813 = FACE_BOUND('',#814,.F.);
#814 = EDGE_LOOP('',(#815,#816,#839,#867));
#815 = ORIENTED_EDGE('',*,*,#764,.T.);
#816 = ORIENTED_EDGE('',*,*,#817,.T.);
#817 = EDGE_CURVE('',#742,#818,#820,.T.);
#818 = VERTEX_POINT('',#819);
#819 = CARTESIAN_POINT('',(3.50000316,1.26999999992E-005,0.41148));
#820 = SURFACE_CURVE('',#821,(#825,#832),.PCURVE_S1.);
#821 = LINE('',#822,#823);
#822 = CARTESIAN_POINT('',(2.95078912,4.323588E-002,0.41148));
#823 = VECTOR('',#824,1.);
#824 = DIRECTION('',(0.996917461847,-7.845746787272E-002,0.E+000));
#825 = PCURVE('',#780,#826);
#826 = DEFINITIONAL_REPRESENTATION('',(#827),#831);
#827 = LINE('',#828,#829);
#828 = CARTESIAN_POINT('',(0.E+000,-0.41148));
#829 = VECTOR('',#830,1.);
#830 = DIRECTION('',(1.,0.E+000));
#831 = ( GEOMETRIC_REPRESENTATION_CONTEXT(2) 
PARAMETRIC_REPRESENTATION_CONTEXT() REPRESENTATION_CONTEXT('2D SPACE',''
  ) );
#832 = PCURVE('',#215,#833);
#833 = DEFINITIONAL_REPRESENTATION('',(#834),#838);
#834 = LINE('',#835,#836);
#835 = CARTESIAN_POINT('',(-2.91838634,-2.91838634));
#836 = VECTOR('',#837,1.);
#837 = DIRECTION('',(-0.996917461847,-7.845746787272E-002));
#838 = ( GEOMETRIC_REPRESENTATION_CONTEXT(2) 
PARAMETRIC_REPRESENTATION_CONTEXT() REPRESENTATION_CONTEXT('2D SPACE',''
  ) );
#839 = ORIENTED_EDGE('',*,*,#840,.F.);
#840 = EDGE_CURVE('',#841,#818,#843,.T.);
#841 = VERTEX_POINT('',#842);
#842 = CARTESIAN_POINT('',(3.50000316,1.26999999992E-005,0.E+000));
#843 = SURFACE_CURVE('',#844,(#848,#855),.PCURVE_S1.);
#844 = LINE('',#845,#846);
#845 = CARTESIAN_POINT('',(3.50000316,1.26999999992E-005,0.E+000));
#846 = VECTOR('',#847,1.);
#847 = DIRECTION('',(0.E+000,0.E+000,1.));
#848 = PCURVE('',#780,#849);
#849 = DEFINITIONAL_REPRESENTATION('',(#850),#854);
#850 = LINE('',#851,#852);
#851 = CARTESIAN_POINT('',(0.550912248024,0.E+000));
#852 = VECTOR('',#853,1.);
#853 = DIRECTION('',(0.E+000,-1.));
#854 = ( GEOMETRIC_REPRESENTATION_CONTEXT(2) 
PARAMETRIC_REPRESENTATION_CONTEXT() REPRESENTATION_CONTEXT('2D SPACE',''
  ) );
#855 = PCURVE('',#856,#861);
#856 = PLANE('',#857);
#857 = AXIS2_PLACEMENT_3D('',#858,#859,#860);
#858 = CARTESIAN_POINT('',(3.50000316,1.26999999992E-005,0.E+000));
#859 = DIRECTION('',(-1.862520793507E-004,0.999999982655,0.E+000));
#860 = DIRECTION('',(0.999999982655,1.862520793507E-004,0.E+000));
#861 = DEFINITIONAL_REPRESENTATION('',(#862),#866);
#862 = LINE('',#863,#864);
#863 = CARTESIAN_POINT('',(0.E+000,0.E+000));
#864 = VECTOR('',#865,1.);
#865 = DIRECTION('',(0.E+000,-1.));
#866 = ( GEOMETRIC_REPRESENTATION_CONTEXT(2) 
PARAMETRIC_REPRESENTATION_CONTEXT() REPRESENTATION_CONTEXT('2D SPACE',''
  ) );
#867 = ORIENTED_EDGE('',*,*,#868,.F.);
#868 = EDGE_CURVE('',#765,#841,#869,.T.);
#869 = SURFACE_CURVE('',#870,(#874,#881),.PCURVE_S1.);
#870 = LINE('',#871,#872);
#871 = CARTESIAN_POINT('',(2.95078912,4.323588E-002,0.E+000));
#872 = VECTOR('',#873,1.);
#873 = DIRECTION('',(0.996917461847,-7.845746787272E-002,0.E+000));
#874 = PCURVE('',#780,#875);
#875 = DEFINITIONAL_REPRESENTATION('',(#876),#880);
#876 = LINE('',#877,#878);
#877 = CARTESIAN_POINT('',(0.E+000,0.E+000));
#878 = VECTOR('',#879,1.);
#879 = DIRECTION('',(1.,0.E+000));
#880 = ( GEOMETRIC_REPRESENTATION_CONTEXT(2) 
PARAMETRIC_REPRESENTATION_CONTEXT() REPRESENTATION_CONTEXT('2D SPACE',''
  ) );
#881 = PCURVE('',#269,#882);
#882 = DEFINITIONAL_REPRESENTATION('',(#883),#887);
#883 = LINE('',#884,#885);
#884 = CARTESIAN_POINT('',(-2.91838634,-2.91838634));
#885 = VECTOR('',#886,1.);
#886 = DIRECTION('',(-0.996917461847,-7.845746787272E-002));
#887 = ( GEOMETRIC_REPRESENTATION_CONTEXT(2) 
PARAMETRIC_REPRESENTATION_CONTEXT() REPRESENTATION_CONTEXT('2D SPACE',''
  ) );
#888 = ADVANCED_FACE('',(#889),#856,.F.);
#889 = FACE_BOUND('',#890,.F.);
#890 = EDGE_LOOP('',(#891,#892,#915,#943));
#891 = ORIENTED_EDGE('',*,*,#840,.T.);
#892 = ORIENTED_EDGE('',*,*,#893,.T.);
#893 = EDGE_CURVE('',#818,#894,#896,.T.);
#894 = VERTEX_POINT('',#895);
#895 = CARTESIAN_POINT('',(61.49999892,1.081532E-002,0.41148));
#896 = SURFACE_CURVE('',#897,(#901,#908),.PCURVE_S1.);
#897 = LINE('',#898,#899);
#898 = CARTESIAN_POINT('',(3.50000316,1.26999999992E-005,0.41148));
#899 = VECTOR('',#900,1.);
#900 = DIRECTION('',(0.999999982655,1.862520793507E-004,0.E+000));
#901 = PCURVE('',#856,#902);
#902 = DEFINITIONAL_REPRESENTATION('',(#903),#907);
#903 = LINE('',#904,#905);
#904 = CARTESIAN_POINT('',(0.E+000,-0.41148));
#905 = VECTOR('',#906,1.);
#906 = DIRECTION('',(1.,0.E+000));
#907 = ( GEOMETRIC_REPRESENTATION_CONTEXT(2) 
PARAMETRIC_REPRESENTATION_CONTEXT() REPRESENTATION_CONTEXT('2D SPACE',''
  ) );
#908 = PCURVE('',#215,#909);
#909 = DEFINITIONAL_REPRESENTATION('',(#910),#914);
#910 = LINE('',#911,#912);
#911 = CARTESIAN_POINT('',(-3.46760038,-2.96160952));
#912 = VECTOR('',#913,1.);
#913 = DIRECTION('',(-0.999999982655,1.862520793507E-004));
#914 = ( GEOMETRIC_REPRESENTATION_CONTEXT(2) 
PARAMETRIC_REPRESENTATION_CONTEXT() REPRESENTATION_CONTEXT('2D SPACE',''
  ) );
#915 = ORIENTED_EDGE('',*,*,#916,.F.);
#916 = EDGE_CURVE('',#917,#894,#919,.T.);
#917 = VERTEX_POINT('',#918);
#918 = CARTESIAN_POINT('',(61.49999892,1.081532E-002,0.E+000));
#919 = SURFACE_CURVE('',#920,(#924,#931),.PCURVE_S1.);
#920 = LINE('',#921,#922);
#921 = CARTESIAN_POINT('',(61.49999892,1.081532E-002,0.E+000));
#922 = VECTOR('',#923,1.);
#923 = DIRECTION('',(0.E+000,0.E+000,1.));
#924 = PCURVE('',#856,#925);
#925 = DEFINITIONAL_REPRESENTATION('',(#926),#930);
#926 = LINE('',#927,#928);
#927 = CARTESIAN_POINT('',(57.999996766005,0.E+000));
#928 = VECTOR('',#929,1.);
#929 = DIRECTION('',(0.E+000,-1.));
#930 = ( GEOMETRIC_REPRESENTATION_CONTEXT(2) 
PARAMETRIC_REPRESENTATION_CONTEXT() REPRESENTATION_CONTEXT('2D SPACE',''
  ) );
#931 = PCURVE('',#932,#937);
#932 = PLANE('',#933);
#933 = AXIS2_PLACEMENT_3D('',#934,#935,#936);
#934 = CARTESIAN_POINT('',(61.49999892,1.081532E-002,0.E+000));
#935 = DIRECTION('',(-5.89282463176E-002,0.998262220955,0.E+000));
#936 = DIRECTION('',(0.998262220955,5.89282463176E-002,0.E+000));
#937 = DEFINITIONAL_REPRESENTATION('',(#938),#942);
#938 = LINE('',#939,#940);
#939 = CARTESIAN_POINT('',(0.E+000,0.E+000));
#940 = VECTOR('',#941,1.);
#941 = DIRECTION('',(0.E+000,-1.));
#942 = ( GEOMETRIC_REPRESENTATION_CONTEXT(2) 
PARAMETRIC_REPRESENTATION_CONTEXT() REPRESENTATION_CONTEXT('2D SPACE',''
  ) );
#943 = ORIENTED_EDGE('',*,*,#944,.F.);
#944 = EDGE_CURVE('',#841,#917,#945,.T.);
#945 = SURFACE_CURVE('',#946,(#950,#957),.PCURVE_S1.);
#946 = LINE('',#947,#948);
#947 = CARTESIAN_POINT('',(3.50000316,1.26999999992E-005,0.E+000));
#948 = VECTOR('',#949,1.);
#949 = DIRECTION('',(0.999999982655,1.862520793507E-004,0.E+000));
#950 = PCURVE('',#856,#951);
#951 = DEFINITIONAL_REPRESENTATION('',(#952),#956);
#952 = LINE('',#953,#954);
#953 = CARTESIAN_POINT('',(0.E+000,0.E+000));
#954 = VECTOR('',#955,1.);
#955 = DIRECTION('',(1.,0.E+000));
#956 = ( GEOMETRIC_REPRESENTATION_CONTEXT(2) 
PARAMETRIC_REPRESENTATION_CONTEXT() REPRESENTATION_CONTEXT('2D SPACE',''
  ) );
#957 = PCURVE('',#269,#958);
#958 = DEFINITIONAL_REPRESENTATION('',(#959),#963);
#959 = LINE('',#960,#961);
#960 = CARTESIAN_POINT('',(-3.46760038,-2.96160952));
#961 = VECTOR('',#962,1.);
#962 = DIRECTION('',(-0.999999982655,1.862520793507E-004));
#963 = ( GEOMETRIC_REPRESENTATION_CONTEXT(2) 
PARAMETRIC_REPRESENTATION_CONTEXT() REPRESENTATION_CONTEXT('2D SPACE',''
  ) );
#964 = ADVANCED_FACE('',(#965),#932,.F.);
#965 = FACE_BOUND('',#966,.F.);
#966 = EDGE_LOOP('',(#967,#968,#991,#1019));
#967 = ORIENTED_EDGE('',*,*,#916,.T.);
#968 = ORIENTED_EDGE('',*,*,#969,.T.);
#969 = EDGE_CURVE('',#894,#970,#972,.T.);
#970 = VERTEX_POINT('',#971);
#971 = CARTESIAN_POINT('',(62.04921296,4.323588E-002,0.41148));
#972 = SURFACE_CURVE('',#973,(#977,#984),.PCURVE_S1.);
#973 = LINE('',#974,#975);
#974 = CARTESIAN_POINT('',(61.49999892,1.081532E-002,0.41148));
#975 = VECTOR('',#976,1.);
#976 = DIRECTION('',(0.998262220955,5.89282463176E-002,0.E+000));
#977 = PCURVE('',#932,#978);
#978 = DEFINITIONAL_REPRESENTATION('',(#979),#983);
#979 = LINE('',#980,#981);
#980 = CARTESIAN_POINT('',(0.E+000,-0.41148));
#981 = VECTOR('',#982,1.);
#982 = DIRECTION('',(1.,0.E+000));
#983 = ( GEOMETRIC_REPRESENTATION_CONTEXT(2) 
PARAMETRIC_REPRESENTATION_CONTEXT() REPRESENTATION_CONTEXT('2D SPACE',''
  ) );
#984 = PCURVE('',#215,#985);
#985 = DEFINITIONAL_REPRESENTATION('',(#986),#990);
#986 = LINE('',#987,#988);
#987 = CARTESIAN_POINT('',(-61.46759614,-2.9508069));
#988 = VECTOR('',#989,1.);
#989 = DIRECTION('',(-0.998262220955,5.89282463176E-002));
#990 = ( GEOMETRIC_REPRESENTATION_CONTEXT(2) 
PARAMETRIC_REPRESENTATION_CONTEXT() REPRESENTATION_CONTEXT('2D SPACE',''
  ) );
#991 = ORIENTED_EDGE('',*,*,#992,.F.);
#992 = EDGE_CURVE('',#993,#970,#995,.T.);
#993 = VERTEX_POINT('',#994);
#994 = CARTESIAN_POINT('',(62.04921296,4.323588E-002,0.E+000));
#995 = SURFACE_CURVE('',#996,(#1000,#1007),.PCURVE_S1.);
#996 = LINE('',#997,#998);
#997 = CARTESIAN_POINT('',(62.04921296,4.323588E-002,0.E+000));
#998 = VECTOR('',#999,1.);
#999 = DIRECTION('',(0.E+000,0.E+000,1.));
#1000 = PCURVE('',#932,#1001);
#1001 = DEFINITIONAL_REPRESENTATION('',(#1002),#1006);
#1002 = LINE('',#1003,#1004);
#1003 = CARTESIAN_POINT('',(0.550170114095,0.E+000));
#1004 = VECTOR('',#1005,1.);
#1005 = DIRECTION('',(0.E+000,-1.));
#1006 = ( GEOMETRIC_REPRESENTATION_CONTEXT(2) 
PARAMETRIC_REPRESENTATION_CONTEXT() REPRESENTATION_CONTEXT('2D SPACE',''
  ) );
#1007 = PCURVE('',#1008,#1013);
#1008 = PLANE('',#1009);
#1009 = AXIS2_PLACEMENT_3D('',#1010,#1011,#1012);
#1010 = CARTESIAN_POINT('',(62.04921296,4.323588E-002,0.E+000));
#1011 = DIRECTION('',(-0.233444969571,0.972370015057,0.E+000));
#1012 = DIRECTION('',(0.972370015057,0.233444969571,0.E+000));
#1013 = DEFINITIONAL_REPRESENTATION('',(#1014),#1018);
#1014 = LINE('',#1015,#1016);
#1015 = CARTESIAN_POINT('',(0.E+000,0.E+000));
#1016 = VECTOR('',#1017,1.);
#1017 = DIRECTION('',(0.E+000,-1.));
#1018 = ( GEOMETRIC_REPRESENTATION_CONTEXT(2) 
PARAMETRIC_REPRESENTATION_CONTEXT() REPRESENTATION_CONTEXT('2D SPACE',''
  ) );
#1019 = ORIENTED_EDGE('',*,*,#1020,.F.);
#1020 = EDGE_CURVE('',#917,#993,#1021,.T.);
#1021 = SURFACE_CURVE('',#1022,(#1026,#1033),.PCURVE_S1.);
#1022 = LINE('',#1023,#1024);
#1023 = CARTESIAN_POINT('',(61.49999892,1.081532E-002,0.E+000));
#1024 = VECTOR('',#1025,1.);
#1025 = DIRECTION('',(0.998262220955,5.89282463176E-002,0.E+000));
#1026 = PCURVE('',#932,#1027);
#1027 = DEFINITIONAL_REPRESENTATION('',(#1028),#1032);
#1028 = LINE('',#1029,#1030);
#1029 = CARTESIAN_POINT('',(0.E+000,0.E+000));
#1030 = VECTOR('',#1031,1.);
#1031 = DIRECTION('',(1.,0.E+000));
#1032 = ( GEOMETRIC_REPRESENTATION_CONTEXT(2) 
PARAMETRIC_REPRESENTATION_CONTEXT() REPRESENTATION_CONTEXT('2D SPACE',''
  ) );
#1033 = PCURVE('',#269,#1034);
#1034 = DEFINITIONAL_REPRESENTATION('',(#1035),#1039);
#1035 = LINE('',#1036,#1037);
#1036 = CARTESIAN_POINT('',(-61.46759614,-2.9508069));
#1037 = VECTOR('',#1038,1.);
#1038 = DIRECTION('',(-0.998262220955,5.89282463176E-002));
#1039 = ( GEOMETRIC_REPRESENTATION_CONTEXT(2) 
PARAMETRIC_REPRESENTATION_CONTEXT() REPRESENTATION_CONTEXT('2D SPACE',''
  ) );
#1040 = ADVANCED_FACE('',(#1041),#1008,.F.);
#1041 = FACE_BOUND('',#1042,.F.);
#1042 = EDGE_LOOP('',(#1043,#1044,#1067,#1095));
#1043 = ORIENTED_EDGE('',*,*,#992,.T.);
#1044 = ORIENTED_EDGE('',*,*,#1045,.T.);
#1045 = EDGE_CURVE('',#970,#1046,#1048,.T.);
#1046 = VERTEX_POINT('',#1047);
#1047 = CARTESIAN_POINT('',(62.58490404,0.1718437,0.41148));
#1048 = SURFACE_CURVE('',#1049,(#1053,#1060),.PCURVE_S1.);
#1049 = LINE('',#1050,#1051);
#1050 = CARTESIAN_POINT('',(62.04921296,4.323588E-002,0.41148));
#1051 = VECTOR('',#1052,1.);
#1052 = DIRECTION('',(0.972370015057,0.233444969571,0.E+000));
#1053 = PCURVE('',#1008,#1054);
#1054 = DEFINITIONAL_REPRESENTATION('',(#1055),#1059);
#1055 = LINE('',#1056,#1057);
#1056 = CARTESIAN_POINT('',(0.E+000,-0.41148));
#1057 = VECTOR('',#1058,1.);
#1058 = DIRECTION('',(1.,0.E+000));
#1059 = ( GEOMETRIC_REPRESENTATION_CONTEXT(2) 
PARAMETRIC_REPRESENTATION_CONTEXT() REPRESENTATION_CONTEXT('2D SPACE',''
  ) );
#1060 = PCURVE('',#215,#1061);
#1061 = DEFINITIONAL_REPRESENTATION('',(#1062),#1066);
#1062 = LINE('',#1063,#1064);
#1063 = CARTESIAN_POINT('',(-62.01681018,-2.91838634));
#1064 = VECTOR('',#1065,1.);
#1065 = DIRECTION('',(-0.972370015057,0.233444969571));
#1066 = ( GEOMETRIC_REPRESENTATION_CONTEXT(2) 
PARAMETRIC_REPRESENTATION_CONTEXT() REPRESENTATION_CONTEXT('2D SPACE',''
  ) );
#1067 = ORIENTED_EDGE('',*,*,#1068,.F.);
#1068 = EDGE_CURVE('',#1069,#1046,#1071,.T.);
#1069 = VERTEX_POINT('',#1070);
#1070 = CARTESIAN_POINT('',(62.58490404,0.1718437,0.E+000));
#1071 = SURFACE_CURVE('',#1072,(#1076,#1083),.PCURVE_S1.);
#1072 = LINE('',#1073,#1074);
#1073 = CARTESIAN_POINT('',(62.58490404,0.1718437,0.E+000));
#1074 = VECTOR('',#1075,1.);
#1075 = DIRECTION('',(0.E+000,0.E+000,1.));
#1076 = PCURVE('',#1008,#1077);
#1077 = DEFINITIONAL_REPRESENTATION('',(#1078),#1082);
#1078 = LINE('',#1079,#1080);
#1079 = CARTESIAN_POINT('',(0.550912792152,0.E+000));
#1080 = VECTOR('',#1081,1.);
#1081 = DIRECTION('',(0.E+000,-1.));
#1082 = ( GEOMETRIC_REPRESENTATION_CONTEXT(2) 
PARAMETRIC_REPRESENTATION_CONTEXT() REPRESENTATION_CONTEXT('2D SPACE',''
  ) );
#1083 = PCURVE('',#1084,#1089);
#1084 = PLANE('',#1085);
#1085 = AXIS2_PLACEMENT_3D('',#1086,#1087,#1088);
#1086 = CARTESIAN_POINT('',(62.58490404,0.1718437,0.E+000));
#1087 = DIRECTION('',(-0.382684335595,0.923879158381,0.E+000));
#1088 = DIRECTION('',(0.923879158381,0.382684335595,0.E+000));
#1089 = DEFINITIONAL_REPRESENTATION('',(#1090),#1094);
#1090 = LINE('',#1091,#1092);
#1091 = CARTESIAN_POINT('',(0.E+000,0.E+000));
#1092 = VECTOR('',#1093,1.);
#1093 = DIRECTION('',(0.E+000,-1.));
#1094 = ( GEOMETRIC_REPRESENTATION_CONTEXT(2) 
PARAMETRIC_REPRESENTATION_CONTEXT() REPRESENTATION_CONTEXT('2D SPACE',''
  ) );
#1095 = ORIENTED_EDGE('',*,*,#1096,.F.);
#1096 = EDGE_CURVE('',#993,#1069,#1097,.T.);
#1097 = SURFACE_CURVE('',#1098,(#1102,#1109),.PCURVE_S1.);
#1098 = LINE('',#1099,#1100);
#1099 = CARTESIAN_POINT('',(62.04921296,4.323588E-002,0.E+000));
#1100 = VECTOR('',#1101,1.);
#1101 = DIRECTION('',(0.972370015057,0.233444969571,0.E+000));
#1102 = PCURVE('',#1008,#1103);
#1103 = DEFINITIONAL_REPRESENTATION('',(#1104),#1108);
#1104 = LINE('',#1105,#1106);
#1105 = CARTESIAN_POINT('',(0.E+000,0.E+000));
#1106 = VECTOR('',#1107,1.);
#1107 = DIRECTION('',(1.,0.E+000));
#1108 = ( GEOMETRIC_REPRESENTATION_CONTEXT(2) 
PARAMETRIC_REPRESENTATION_CONTEXT() REPRESENTATION_CONTEXT('2D SPACE',''
  ) );
#1109 = PCURVE('',#269,#1110);
#1110 = DEFINITIONAL_REPRESENTATION('',(#1111),#1115);
#1111 = LINE('',#1112,#1113);
#1112 = CARTESIAN_POINT('',(-62.01681018,-2.91838634));
#1113 = VECTOR('',#1114,1.);
#1114 = DIRECTION('',(-0.972370015057,0.233444969571));
#1115 = ( GEOMETRIC_REPRESENTATION_CONTEXT(2) 
PARAMETRIC_REPRESENTATION_CONTEXT() REPRESENTATION_CONTEXT('2D SPACE',''
  ) );
#1116 = ADVANCED_FACE('',(#1117),#1084,.F.);
#1117 = FACE_BOUND('',#1118,.F.);
#1118 = EDGE_LOOP('',(#1119,#1120,#1143,#1171));
#1119 = ORIENTED_EDGE('',*,*,#1068,.T.);
#1120 = ORIENTED_EDGE('',*,*,#1121,.T.);
#1121 = EDGE_CURVE('',#1046,#1122,#1124,.T.);
#1122 = VERTEX_POINT('',#1123);
#1123 = CARTESIAN_POINT('',(63.0938794,0.38266878,0.41148));
#1124 = SURFACE_CURVE('',#1125,(#1129,#1136),.PCURVE_S1.);
#1125 = LINE('',#1126,#1127);
#1126 = CARTESIAN_POINT('',(62.58490404,0.1718437,0.41148));
#1127 = VECTOR('',#1128,1.);
#1128 = DIRECTION('',(0.923879158381,0.382684335595,0.E+000));
#1129 = PCURVE('',#1084,#1130);
#1130 = DEFINITIONAL_REPRESENTATION('',(#1131),#1135);
#1131 = LINE('',#1132,#1133);
#1132 = CARTESIAN_POINT('',(0.E+000,-0.41148));
#1133 = VECTOR('',#1134,1.);
#1134 = DIRECTION('',(1.,0.E+000));
#1135 = ( GEOMETRIC_REPRESENTATION_CONTEXT(2) 
PARAMETRIC_REPRESENTATION_CONTEXT() REPRESENTATION_CONTEXT('2D SPACE',''
  ) );
#1136 = PCURVE('',#215,#1137);
#1137 = DEFINITIONAL_REPRESENTATION('',(#1138),#1142);
#1138 = LINE('',#1139,#1140);
#1139 = CARTESIAN_POINT('',(-62.55250126,-2.78977852));
#1140 = VECTOR('',#1141,1.);
#1141 = DIRECTION('',(-0.923879158381,0.382684335595));
#1142 = ( GEOMETRIC_REPRESENTATION_CONTEXT(2) 
PARAMETRIC_REPRESENTATION_CONTEXT() REPRESENTATION_CONTEXT('2D SPACE',''
  ) );
#1143 = ORIENTED_EDGE('',*,*,#1144,.F.);
#1144 = EDGE_CURVE('',#1145,#1122,#1147,.T.);
#1145 = VERTEX_POINT('',#1146);
#1146 = CARTESIAN_POINT('',(63.0938794,0.38266878,0.E+000));
#1147 = SURFACE_CURVE('',#1148,(#1152,#1159),.PCURVE_S1.);
#1148 = LINE('',#1149,#1150);
#1149 = CARTESIAN_POINT('',(63.0938794,0.38266878,0.E+000));
#1150 = VECTOR('',#1151,1.);
#1151 = DIRECTION('',(0.E+000,0.E+000,1.));
#1152 = PCURVE('',#1084,#1153);
#1153 = DEFINITIONAL_REPRESENTATION('',(#1154),#1158);
#1154 = LINE('',#1155,#1156);
#1155 = CARTESIAN_POINT('',(0.5509111829,0.E+000));
#1156 = VECTOR('',#1157,1.);
#1157 = DIRECTION('',(0.E+000,-1.));
#1158 = ( GEOMETRIC_REPRESENTATION_CONTEXT(2) 
PARAMETRIC_REPRESENTATION_CONTEXT() REPRESENTATION_CONTEXT('2D SPACE',''
  ) );
#1159 = PCURVE('',#1160,#1165);
#1160 = PLANE('',#1161);
#1161 = AXIS2_PLACEMENT_3D('',#1162,#1163,#1164);
#1162 = CARTESIAN_POINT('',(63.0938794,0.38266878,0.E+000));
#1163 = DIRECTION('',(-0.522498269241,0.852640345421,0.E+000));
#1164 = DIRECTION('',(0.852640345421,0.522498269241,0.E+000));
#1165 = DEFINITIONAL_REPRESENTATION('',(#1166),#1170);
#1166 = LINE('',#1167,#1168);
#1167 = CARTESIAN_POINT('',(0.E+000,0.E+000));
#1168 = VECTOR('',#1169,1.);
#1169 = DIRECTION('',(0.E+000,-1.));
#1170 = ( GEOMETRIC_REPRESENTATION_CONTEXT(2) 
PARAMETRIC_REPRESENTATION_CONTEXT() REPRESENTATION_CONTEXT('2D SPACE',''
  ) );
#1171 = ORIENTED_EDGE('',*,*,#1172,.F.);
#1172 = EDGE_CURVE('',#1069,#1145,#1173,.T.);
#1173 = SURFACE_CURVE('',#1174,(#1178,#1185),.PCURVE_S1.);
#1174 = LINE('',#1175,#1176);
#1175 = CARTESIAN_POINT('',(62.58490404,0.1718437,0.E+000));
#1176 = VECTOR('',#1177,1.);
#1177 = DIRECTION('',(0.923879158381,0.382684335595,0.E+000));
#1178 = PCURVE('',#1084,#1179);
#1179 = DEFINITIONAL_REPRESENTATION('',(#1180),#1184);
#1180 = LINE('',#1181,#1182);
#1181 = CARTESIAN_POINT('',(0.E+000,0.E+000));
#1182 = VECTOR('',#1183,1.);
#1183 = DIRECTION('',(1.,0.E+000));
#1184 = ( GEOMETRIC_REPRESENTATION_CONTEXT(2) 
PARAMETRIC_REPRESENTATION_CONTEXT() REPRESENTATION_CONTEXT('2D SPACE',''
  ) );
#1185 = PCURVE('',#269,#1186);
#1186 = DEFINITIONAL_REPRESENTATION('',(#1187),#1191);
#1187 = LINE('',#1188,#1189);
#1188 = CARTESIAN_POINT('',(-62.55250126,-2.78977852));
#1189 = VECTOR('',#1190,1.);
#1190 = DIRECTION('',(-0.923879158381,0.382684335595));
#1191 = ( GEOMETRIC_REPRESENTATION_CONTEXT(2) 
PARAMETRIC_REPRESENTATION_CONTEXT() REPRESENTATION_CONTEXT('2D SPACE',''
  ) );
#1192 = ADVANCED_FACE('',(#1193),#1160,.F.);
#1193 = FACE_BOUND('',#1194,.F.);
#1194 = EDGE_LOOP('',(#1195,#1196,#1219,#1247));
#1195 = ORIENTED_EDGE('',*,*,#1144,.T.);
#1196 = ORIENTED_EDGE('',*,*,#1197,.T.);
#1197 = EDGE_CURVE('',#1122,#1198,#1200,.T.);
#1198 = VERTEX_POINT('',#1199);
#1199 = CARTESIAN_POINT('',(63.56360922,0.67051936,0.41148));
#1200 = SURFACE_CURVE('',#1201,(#1205,#1212),.PCURVE_S1.);
#1201 = LINE('',#1202,#1203);
#1202 = CARTESIAN_POINT('',(63.0938794,0.38266878,0.41148));
#1203 = VECTOR('',#1204,1.);
#1204 = DIRECTION('',(0.852640345421,0.522498269241,0.E+000));
#1205 = PCURVE('',#1160,#1206);
#1206 = DEFINITIONAL_REPRESENTATION('',(#1207),#1211);
#1207 = LINE('',#1208,#1209);
#1208 = CARTESIAN_POINT('',(0.E+000,-0.41148));
#1209 = VECTOR('',#1210,1.);
#1210 = DIRECTION('',(1.,0.E+000));
#1211 = ( GEOMETRIC_REPRESENTATION_CONTEXT(2) 
PARAMETRIC_REPRESENTATION_CONTEXT() REPRESENTATION_CONTEXT('2D SPACE',''
  ) );
#1212 = PCURVE('',#215,#1213);
#1213 = DEFINITIONAL_REPRESENTATION('',(#1214),#1218);
#1214 = LINE('',#1215,#1216);
#1215 = CARTESIAN_POINT('',(-63.06147662,-2.57895344));
#1216 = VECTOR('',#1217,1.);
#1217 = DIRECTION('',(-0.852640345421,0.522498269241));
#1218 = ( GEOMETRIC_REPRESENTATION_CONTEXT(2) 
PARAMETRIC_REPRESENTATION_CONTEXT() REPRESENTATION_CONTEXT('2D SPACE',''
  ) );
#1219 = ORIENTED_EDGE('',*,*,#1220,.F.);
#1220 = EDGE_CURVE('',#1221,#1198,#1223,.T.);
#1221 = VERTEX_POINT('',#1222);
#1222 = CARTESIAN_POINT('',(63.56360922,0.67051936,0.E+000));
#1223 = SURFACE_CURVE('',#1224,(#1228,#1235),.PCURVE_S1.);
#1224 = LINE('',#1225,#1226);
#1225 = CARTESIAN_POINT('',(63.56360922,0.67051936,0.E+000));
#1226 = VECTOR('',#1227,1.);
#1227 = DIRECTION('',(0.E+000,0.E+000,1.));
#1228 = PCURVE('',#1160,#1229);
#1229 = DEFINITIONAL_REPRESENTATION('',(#1230),#1234);
#1230 = LINE('',#1231,#1232);
#1231 = CARTESIAN_POINT('',(0.55091202583,0.E+000));
#1232 = VECTOR('',#1233,1.);
#1233 = DIRECTION('',(0.E+000,-1.));
#1234 = ( GEOMETRIC_REPRESENTATION_CONTEXT(2) 
PARAMETRIC_REPRESENTATION_CONTEXT() REPRESENTATION_CONTEXT('2D SPACE',''
  ) );
#1235 = PCURVE('',#1236,#1241);
#1236 = PLANE('',#1237);
#1237 = AXIS2_PLACEMENT_3D('',#1238,#1239,#1240);
#1238 = CARTESIAN_POINT('',(63.56360922,0.67051936,0.E+000));
#1239 = DIRECTION('',(-0.649448530077,0.760405554149,0.E+000));
#1240 = DIRECTION('',(0.760405554149,0.649448530077,0.E+000));
#1241 = DEFINITIONAL_REPRESENTATION('',(#1242),#1246);
#1242 = LINE('',#1243,#1244);
#1243 = CARTESIAN_POINT('',(0.E+000,0.E+000));
#1244 = VECTOR('',#1245,1.);
#1245 = DIRECTION('',(0.E+000,-1.));
#1246 = ( GEOMETRIC_REPRESENTATION_CONTEXT(2) 
PARAMETRIC_REPRESENTATION_CONTEXT() REPRESENTATION_CONTEXT('2D SPACE',''
  ) );
#1247 = ORIENTED_EDGE('',*,*,#1248,.F.);
#1248 = EDGE_CURVE('',#1145,#1221,#1249,.T.);
#1249 = SURFACE_CURVE('',#1250,(#1254,#1261),.PCURVE_S1.);
#1250 = LINE('',#1251,#1252);
#1251 = CARTESIAN_POINT('',(63.0938794,0.38266878,0.E+000));
#1252 = VECTOR('',#1253,1.);
#1253 = DIRECTION('',(0.852640345421,0.522498269241,0.E+000));
#1254 = PCURVE('',#1160,#1255);
#1255 = DEFINITIONAL_REPRESENTATION('',(#1256),#1260);
#1256 = LINE('',#1257,#1258);
#1257 = CARTESIAN_POINT('',(0.E+000,0.E+000));
#1258 = VECTOR('',#1259,1.);
#1259 = DIRECTION('',(1.,0.E+000));
#1260 = ( GEOMETRIC_REPRESENTATION_CONTEXT(2) 
PARAMETRIC_REPRESENTATION_CONTEXT() REPRESENTATION_CONTEXT('2D SPACE',''
  ) );
#1261 = PCURVE('',#269,#1262);
#1262 = DEFINITIONAL_REPRESENTATION('',(#1263),#1267);
#1263 = LINE('',#1264,#1265);
#1264 = CARTESIAN_POINT('',(-63.06147662,-2.57895344));
#1265 = VECTOR('',#1266,1.);
#1266 = DIRECTION('',(-0.852640345421,0.522498269241));
#1267 = ( GEOMETRIC_REPRESENTATION_CONTEXT(2) 
PARAMETRIC_REPRESENTATION_CONTEXT() REPRESENTATION_CONTEXT('2D SPACE',''
  ) );
#1268 = ADVANCED_FACE('',(#1269),#1236,.F.);
#1269 = FACE_BOUND('',#1270,.F.);
#1270 = EDGE_LOOP('',(#1271,#1272,#1295,#1323));
#1271 = ORIENTED_EDGE('',*,*,#1220,.T.);
#1272 = ORIENTED_EDGE('',*,*,#1273,.T.);
#1273 = EDGE_CURVE('',#1198,#1274,#1276,.T.);
#1274 = VERTEX_POINT('',#1275);
#1275 = CARTESIAN_POINT('',(63.98252634,1.02830884,0.41148));
#1276 = SURFACE_CURVE('',#1277,(#1281,#1288),.PCURVE_S1.);
#1277 = LINE('',#1278,#1279);
#1278 = CARTESIAN_POINT('',(63.56360922,0.67051936,0.41148));
#1279 = VECTOR('',#1280,1.);
#1280 = DIRECTION('',(0.760405554149,0.649448530077,0.E+000));
#1281 = PCURVE('',#1236,#1282);
#1282 = DEFINITIONAL_REPRESENTATION('',(#1283),#1287);
#1283 = LINE('',#1284,#1285);
#1284 = CARTESIAN_POINT('',(0.E+000,-0.41148));
#1285 = VECTOR('',#1286,1.);
#1286 = DIRECTION('',(1.,0.E+000));
#1287 = ( GEOMETRIC_REPRESENTATION_CONTEXT(2) 
PARAMETRIC_REPRESENTATION_CONTEXT() REPRESENTATION_CONTEXT('2D SPACE',''
  ) );
#1288 = PCURVE('',#215,#1289);
#1289 = DEFINITIONAL_REPRESENTATION('',(#1290),#1294);
#1290 = LINE('',#1291,#1292);
#1291 = CARTESIAN_POINT('',(-63.53120644,-2.29110286));
#1292 = VECTOR('',#1293,1.);
#1293 = DIRECTION('',(-0.760405554149,0.649448530077));
#1294 = ( GEOMETRIC_REPRESENTATION_CONTEXT(2) 
PARAMETRIC_REPRESENTATION_CONTEXT() REPRESENTATION_CONTEXT('2D SPACE',''
  ) );
#1295 = ORIENTED_EDGE('',*,*,#1296,.F.);
#1296 = EDGE_CURVE('',#1297,#1274,#1299,.T.);
#1297 = VERTEX_POINT('',#1298);
#1298 = CARTESIAN_POINT('',(63.98252634,1.02830884,0.E+000));
#1299 = SURFACE_CURVE('',#1300,(#1304,#1311),.PCURVE_S1.);
#1300 = LINE('',#1301,#1302);
#1301 = CARTESIAN_POINT('',(63.98252634,1.02830884,0.E+000));
#1302 = VECTOR('',#1303,1.);
#1303 = DIRECTION('',(0.E+000,0.E+000,1.));
#1304 = PCURVE('',#1236,#1305);
#1305 = DEFINITIONAL_REPRESENTATION('',(#1306),#1310);
#1306 = LINE('',#1307,#1308);
#1307 = CARTESIAN_POINT('',(0.550912756639,0.E+000));
#1308 = VECTOR('',#1309,1.);
#1309 = DIRECTION('',(0.E+000,-1.));
#1310 = ( GEOMETRIC_REPRESENTATION_CONTEXT(2) 
PARAMETRIC_REPRESENTATION_CONTEXT() REPRESENTATION_CONTEXT('2D SPACE',''
  ) );
#1311 = PCURVE('',#1312,#1317);
#1312 = PLANE('',#1313);
#1313 = AXIS2_PLACEMENT_3D('',#1314,#1315,#1316);
#1314 = CARTESIAN_POINT('',(63.98252634,1.02830884,0.E+000));
#1315 = DIRECTION('',(-0.760405554149,0.649448530077,0.E+000));
#1316 = DIRECTION('',(0.649448530077,0.760405554149,0.E+000));
#1317 = DEFINITIONAL_REPRESENTATION('',(#1318),#1322);
#1318 = LINE('',#1319,#1320);
#1319 = CARTESIAN_POINT('',(0.E+000,0.E+000));
#1320 = VECTOR('',#1321,1.);
#1321 = DIRECTION('',(0.E+000,-1.));
#1322 = ( GEOMETRIC_REPRESENTATION_CONTEXT(2) 
PARAMETRIC_REPRESENTATION_CONTEXT() REPRESENTATION_CONTEXT('2D SPACE',''
  ) );
#1323 = ORIENTED_EDGE('',*,*,#1324,.F.);
#1324 = EDGE_CURVE('',#1221,#1297,#1325,.T.);
#1325 = SURFACE_CURVE('',#1326,(#1330,#1337),.PCURVE_S1.);
#1326 = LINE('',#1327,#1328);
#1327 = CARTESIAN_POINT('',(63.56360922,0.67051936,0.E+000));
#1328 = VECTOR('',#1329,1.);
#1329 = DIRECTION('',(0.760405554149,0.649448530077,0.E+000));
#1330 = PCURVE('',#1236,#1331);
#1331 = DEFINITIONAL_REPRESENTATION('',(#1332),#1336);
#1332 = LINE('',#1333,#1334);
#1333 = CARTESIAN_POINT('',(0.E+000,0.E+000));
#1334 = VECTOR('',#1335,1.);
#1335 = DIRECTION('',(1.,0.E+000));
#1336 = ( GEOMETRIC_REPRESENTATION_CONTEXT(2) 
PARAMETRIC_REPRESENTATION_CONTEXT() REPRESENTATION_CONTEXT('2D SPACE',''
  ) );
#1337 = PCURVE('',#269,#1338);
#1338 = DEFINITIONAL_REPRESENTATION('',(#1339),#1343);
#1339 = LINE('',#1340,#1341);
#1340 = CARTESIAN_POINT('',(-63.53120644,-2.29110286));
#1341 = VECTOR('',#1342,1.);
#1342 = DIRECTION('',(-0.760405554149,0.649448530077));
#1343 = ( GEOMETRIC_REPRESENTATION_CONTEXT(2) 
PARAMETRIC_REPRESENTATION_CONTEXT() REPRESENTATION_CONTEXT('2D SPACE',''
  ) );
#1344 = ADVANCED_FACE('',(#1345),#1312,.F.);
#1345 = FACE_BOUND('',#1346,.F.);
#1346 = EDGE_LOOP('',(#1347,#1348,#1371,#1399));
#1347 = ORIENTED_EDGE('',*,*,#1296,.T.);
#1348 = ORIENTED_EDGE('',*,*,#1349,.T.);
#1349 = EDGE_CURVE('',#1274,#1350,#1352,.T.);
#1350 = VERTEX_POINT('',#1351);
#1351 = CARTESIAN_POINT('',(64.34031582,1.44722596,0.41148));
#1352 = SURFACE_CURVE('',#1353,(#1357,#1364),.PCURVE_S1.);
#1353 = LINE('',#1354,#1355);
#1354 = CARTESIAN_POINT('',(63.98252634,1.02830884,0.41148));
#1355 = VECTOR('',#1356,1.);
#1356 = DIRECTION('',(0.649448530077,0.760405554149,0.E+000));
#1357 = PCURVE('',#1312,#1358);
#1358 = DEFINITIONAL_REPRESENTATION('',(#1359),#1363);
#1359 = LINE('',#1360,#1361);
#1360 = CARTESIAN_POINT('',(0.E+000,-0.41148));
#1361 = VECTOR('',#1362,1.);
#1362 = DIRECTION('',(1.,0.E+000));
#1363 = ( GEOMETRIC_REPRESENTATION_CONTEXT(2) 
PARAMETRIC_REPRESENTATION_CONTEXT() REPRESENTATION_CONTEXT('2D SPACE',''
  ) );
#1364 = PCURVE('',#215,#1365);
#1365 = DEFINITIONAL_REPRESENTATION('',(#1366),#1370);
#1366 = LINE('',#1367,#1368);
#1367 = CARTESIAN_POINT('',(-63.95012356,-1.93331338));
#1368 = VECTOR('',#1369,1.);
#1369 = DIRECTION('',(-0.649448530077,0.760405554149));
#1370 = ( GEOMETRIC_REPRESENTATION_CONTEXT(2) 
PARAMETRIC_REPRESENTATION_CONTEXT() REPRESENTATION_CONTEXT('2D SPACE',''
  ) );
#1371 = ORIENTED_EDGE('',*,*,#1372,.F.);
#1372 = EDGE_CURVE('',#1373,#1350,#1375,.T.);
#1373 = VERTEX_POINT('',#1374);
#1374 = CARTESIAN_POINT('',(64.34031582,1.44722596,0.E+000));
#1375 = SURFACE_CURVE('',#1376,(#1380,#1387),.PCURVE_S1.);
#1376 = LINE('',#1377,#1378);
#1377 = CARTESIAN_POINT('',(64.34031582,1.44722596,0.E+000));
#1378 = VECTOR('',#1379,1.);
#1379 = DIRECTION('',(0.E+000,0.E+000,1.));
#1380 = PCURVE('',#1312,#1381);
#1381 = DEFINITIONAL_REPRESENTATION('',(#1382),#1386);
#1382 = LINE('',#1383,#1384);
#1383 = CARTESIAN_POINT('',(0.550912756639,0.E+000));
#1384 = VECTOR('',#1385,1.);
#1385 = DIRECTION('',(0.E+000,-1.));
#1386 = ( GEOMETRIC_REPRESENTATION_CONTEXT(2) 
PARAMETRIC_REPRESENTATION_CONTEXT() REPRESENTATION_CONTEXT('2D SPACE',''
  ) );
#1387 = PCURVE('',#1388,#1393);
#1388 = PLANE('',#1389);
#1389 = AXIS2_PLACEMENT_3D('',#1390,#1391,#1392);
#1390 = CARTESIAN_POINT('',(64.34031582,1.44722596,0.E+000));
#1391 = DIRECTION('',(-0.852640345421,0.522498269241,0.E+000));
#1392 = DIRECTION('',(0.522498269241,0.852640345421,0.E+000));
#1393 = DEFINITIONAL_REPRESENTATION('',(#1394),#1398);
#1394 = LINE('',#1395,#1396);
#1395 = CARTESIAN_POINT('',(0.E+000,0.E+000));
#1396 = VECTOR('',#1397,1.);
#1397 = DIRECTION('',(0.E+000,-1.));
#1398 = ( GEOMETRIC_REPRESENTATION_CONTEXT(2) 
PARAMETRIC_REPRESENTATION_CONTEXT() REPRESENTATION_CONTEXT('2D SPACE',''
  ) );
#1399 = ORIENTED_EDGE('',*,*,#1400,.F.);
#1400 = EDGE_CURVE('',#1297,#1373,#1401,.T.);
#1401 = SURFACE_CURVE('',#1402,(#1406,#1413),.PCURVE_S1.);
#1402 = LINE('',#1403,#1404);
#1403 = CARTESIAN_POINT('',(63.98252634,1.02830884,0.E+000));
#1404 = VECTOR('',#1405,1.);
#1405 = DIRECTION('',(0.649448530077,0.760405554149,0.E+000));
#1406 = PCURVE('',#1312,#1407);
#1407 = DEFINITIONAL_REPRESENTATION('',(#1408),#1412);
#1408 = LINE('',#1409,#1410);
#1409 = CARTESIAN_POINT('',(0.E+000,0.E+000));
#1410 = VECTOR('',#1411,1.);
#1411 = DIRECTION('',(1.,0.E+000));
#1412 = ( GEOMETRIC_REPRESENTATION_CONTEXT(2) 
PARAMETRIC_REPRESENTATION_CONTEXT() REPRESENTATION_CONTEXT('2D SPACE',''
  ) );
#1413 = PCURVE('',#269,#1414);
#1414 = DEFINITIONAL_REPRESENTATION('',(#1415),#1419);
#1415 = LINE('',#1416,#1417);
#1416 = CARTESIAN_POINT('',(-63.95012356,-1.93331338));
#1417 = VECTOR('',#1418,1.);
#1418 = DIRECTION('',(-0.649448530077,0.760405554149));
#1419 = ( GEOMETRIC_REPRESENTATION_CONTEXT(2) 
PARAMETRIC_REPRESENTATION_CONTEXT() REPRESENTATION_CONTEXT('2D SPACE',''
  ) );
#1420 = ADVANCED_FACE('',(#1421),#1388,.F.);
#1421 = FACE_BOUND('',#1422,.F.);
#1422 = EDGE_LOOP('',(#1423,#1424,#1447,#1475));
#1423 = ORIENTED_EDGE('',*,*,#1372,.T.);
#1424 = ORIENTED_EDGE('',*,*,#1425,.T.);
#1425 = EDGE_CURVE('',#1350,#1426,#1428,.T.);
#1426 = VERTEX_POINT('',#1427);
#1427 = CARTESIAN_POINT('',(64.6281664,1.91695578,0.41148));
#1428 = SURFACE_CURVE('',#1429,(#1433,#1440),.PCURVE_S1.);
#1429 = LINE('',#1430,#1431);
#1430 = CARTESIAN_POINT('',(64.34031582,1.44722596,0.41148));
#1431 = VECTOR('',#1432,1.);
#1432 = DIRECTION('',(0.522498269241,0.852640345421,0.E+000));
#1433 = PCURVE('',#1388,#1434);
#1434 = DEFINITIONAL_REPRESENTATION('',(#1435),#1439);
#1435 = LINE('',#1436,#1437);
#1436 = CARTESIAN_POINT('',(0.E+000,-0.41148));
#1437 = VECTOR('',#1438,1.);
#1438 = DIRECTION('',(1.,0.E+000));
#1439 = ( GEOMETRIC_REPRESENTATION_CONTEXT(2) 
PARAMETRIC_REPRESENTATION_CONTEXT() REPRESENTATION_CONTEXT('2D SPACE',''
  ) );
#1440 = PCURVE('',#215,#1441);
#1441 = DEFINITIONAL_REPRESENTATION('',(#1442),#1446);
#1442 = LINE('',#1443,#1444);
#1443 = CARTESIAN_POINT('',(-64.30791304,-1.51439626));
#1444 = VECTOR('',#1445,1.);
#1445 = DIRECTION('',(-0.522498269241,0.852640345421));
#1446 = ( GEOMETRIC_REPRESENTATION_CONTEXT(2) 
PARAMETRIC_REPRESENTATION_CONTEXT() REPRESENTATION_CONTEXT('2D SPACE',''
  ) );
#1447 = ORIENTED_EDGE('',*,*,#1448,.F.);
#1448 = EDGE_CURVE('',#1449,#1426,#1451,.T.);
#1449 = VERTEX_POINT('',#1450);
#1450 = CARTESIAN_POINT('',(64.6281664,1.91695578,0.E+000));
#1451 = SURFACE_CURVE('',#1452,(#1456,#1463),.PCURVE_S1.);
#1452 = LINE('',#1453,#1454);
#1453 = CARTESIAN_POINT('',(64.6281664,1.91695578,0.E+000));
#1454 = VECTOR('',#1455,1.);
#1455 = DIRECTION('',(0.E+000,0.E+000,1.));
#1456 = PCURVE('',#1388,#1457);
#1457 = DEFINITIONAL_REPRESENTATION('',(#1458),#1462);
#1458 = LINE('',#1459,#1460);
#1459 = CARTESIAN_POINT('',(0.55091202583,0.E+000));
#1460 = VECTOR('',#1461,1.);
#1461 = DIRECTION('',(0.E+000,-1.));
#1462 = ( GEOMETRIC_REPRESENTATION_CONTEXT(2) 
PARAMETRIC_REPRESENTATION_CONTEXT() REPRESENTATION_CONTEXT('2D SPACE',''
  ) );
#1463 = PCURVE('',#1464,#1469);
#1464 = PLANE('',#1465);
#1465 = AXIS2_PLACEMENT_3D('',#1466,#1467,#1468);
#1466 = CARTESIAN_POINT('',(64.6281664,1.91695578,0.E+000));
#1467 = DIRECTION('',(-0.923879158381,0.382684335595,0.E+000));
#1468 = DIRECTION('',(0.382684335595,0.923879158381,0.E+000));
#1469 = DEFINITIONAL_REPRESENTATION('',(#1470),#1474);
#1470 = LINE('',#1471,#1472);
#1471 = CARTESIAN_POINT('',(0.E+000,0.E+000));
#1472 = VECTOR('',#1473,1.);
#1473 = DIRECTION('',(0.E+000,-1.));
#1474 = ( GEOMETRIC_REPRESENTATION_CONTEXT(2) 
PARAMETRIC_REPRESENTATION_CONTEXT() REPRESENTATION_CONTEXT('2D SPACE',''
  ) );
#1475 = ORIENTED_EDGE('',*,*,#1476,.F.);
#1476 = EDGE_CURVE('',#1373,#1449,#1477,.T.);
#1477 = SURFACE_CURVE('',#1478,(#1482,#1489),.PCURVE_S1.);
#1478 = LINE('',#1479,#1480);
#1479 = CARTESIAN_POINT('',(64.34031582,1.44722596,0.E+000));
#1480 = VECTOR('',#1481,1.);
#1481 = DIRECTION('',(0.522498269241,0.852640345421,0.E+000));
#1482 = PCURVE('',#1388,#1483);
#1483 = DEFINITIONAL_REPRESENTATION('',(#1484),#1488);
#1484 = LINE('',#1485,#1486);
#1485 = CARTESIAN_POINT('',(0.E+000,0.E+000));
#1486 = VECTOR('',#1487,1.);
#1487 = DIRECTION('',(1.,0.E+000));
#1488 = ( GEOMETRIC_REPRESENTATION_CONTEXT(2) 
PARAMETRIC_REPRESENTATION_CONTEXT() REPRESENTATION_CONTEXT('2D SPACE',''
  ) );
#1489 = PCURVE('',#269,#1490);
#1490 = DEFINITIONAL_REPRESENTATION('',(#1491),#1495);
#1491 = LINE('',#1492,#1493);
#1492 = CARTESIAN_POINT('',(-64.30791304,-1.51439626));
#1493 = VECTOR('',#1494,1.);
#1494 = DIRECTION('',(-0.522498269241,0.852640345421));
#1495 = ( GEOMETRIC_REPRESENTATION_CONTEXT(2) 
PARAMETRIC_REPRESENTATION_CONTEXT() REPRESENTATION_CONTEXT('2D SPACE',''
  ) );
#1496 = ADVANCED_FACE('',(#1497),#1464,.F.);
#1497 = FACE_BOUND('',#1498,.F.);
#1498 = EDGE_LOOP('',(#1499,#1500,#1523,#1551));
#1499 = ORIENTED_EDGE('',*,*,#1448,.T.);
#1500 = ORIENTED_EDGE('',*,*,#1501,.T.);
#1501 = EDGE_CURVE('',#1426,#1502,#1504,.T.);
#1502 = VERTEX_POINT('',#1503);
#1503 = CARTESIAN_POINT('',(64.83899148,2.42593114,0.41148));
#1504 = SURFACE_CURVE('',#1505,(#1509,#1516),.PCURVE_S1.);
#1505 = LINE('',#1506,#1507);
#1506 = CARTESIAN_POINT('',(64.6281664,1.91695578,0.41148));
#1507 = VECTOR('',#1508,1.);
#1508 = DIRECTION('',(0.382684335595,0.923879158381,0.E+000));
#1509 = PCURVE('',#1464,#1510);
#1510 = DEFINITIONAL_REPRESENTATION('',(#1511),#1515);
#1511 = LINE('',#1512,#1513);
#1512 = CARTESIAN_POINT('',(0.E+000,-0.41148));
#1513 = VECTOR('',#1514,1.);
#1514 = DIRECTION('',(1.,0.E+000));
#1515 = ( GEOMETRIC_REPRESENTATION_CONTEXT(2) 
PARAMETRIC_REPRESENTATION_CONTEXT() REPRESENTATION_CONTEXT('2D SPACE',''
  ) );
#1516 = PCURVE('',#215,#1517);
#1517 = DEFINITIONAL_REPRESENTATION('',(#1518),#1522);
#1518 = LINE('',#1519,#1520);
#1519 = CARTESIAN_POINT('',(-64.59576362,-1.04466644));
#1520 = VECTOR('',#1521,1.);
#1521 = DIRECTION('',(-0.382684335595,0.923879158381));
#1522 = ( GEOMETRIC_REPRESENTATION_CONTEXT(2) 
PARAMETRIC_REPRESENTATION_CONTEXT() REPRESENTATION_CONTEXT('2D SPACE',''
  ) );
#1523 = ORIENTED_EDGE('',*,*,#1524,.F.);
#1524 = EDGE_CURVE('',#1525,#1502,#1527,.T.);
#1525 = VERTEX_POINT('',#1526);
#1526 = CARTESIAN_POINT('',(64.83899148,2.42593114,0.E+000));
#1527 = SURFACE_CURVE('',#1528,(#1532,#1539),.PCURVE_S1.);
#1528 = LINE('',#1529,#1530);
#1529 = CARTESIAN_POINT('',(64.83899148,2.42593114,0.E+000));
#1530 = VECTOR('',#1531,1.);
#1531 = DIRECTION('',(0.E+000,0.E+000,1.));
#1532 = PCURVE('',#1464,#1533);
#1533 = DEFINITIONAL_REPRESENTATION('',(#1534),#1538);
#1534 = LINE('',#1535,#1536);
#1535 = CARTESIAN_POINT('',(0.5509111829,0.E+000));
#1536 = VECTOR('',#1537,1.);
#1537 = DIRECTION('',(0.E+000,-1.));
#1538 = ( GEOMETRIC_REPRESENTATION_CONTEXT(2) 
PARAMETRIC_REPRESENTATION_CONTEXT() REPRESENTATION_CONTEXT('2D SPACE',''
  ) );
#1539 = PCURVE('',#1540,#1545);
#1540 = PLANE('',#1541);
#1541 = AXIS2_PLACEMENT_3D('',#1542,#1543,#1544);
#1542 = CARTESIAN_POINT('',(64.83899148,2.42593114,0.E+000));
#1543 = DIRECTION('',(-0.972370015057,0.233444969571,0.E+000));
#1544 = DIRECTION('',(0.233444969571,0.972370015057,0.E+000));
#1545 = DEFINITIONAL_REPRESENTATION('',(#1546),#1550);
#1546 = LINE('',#1547,#1548);
#1547 = CARTESIAN_POINT('',(0.E+000,0.E+000));
#1548 = VECTOR('',#1549,1.);
#1549 = DIRECTION('',(0.E+000,-1.));
#1550 = ( GEOMETRIC_REPRESENTATION_CONTEXT(2) 
PARAMETRIC_REPRESENTATION_CONTEXT() REPRESENTATION_CONTEXT('2D SPACE',''
  ) );
#1551 = ORIENTED_EDGE('',*,*,#1552,.F.);
#1552 = EDGE_CURVE('',#1449,#1525,#1553,.T.);
#1553 = SURFACE_CURVE('',#1554,(#1558,#1565),.PCURVE_S1.);
#1554 = LINE('',#1555,#1556);
#1555 = CARTESIAN_POINT('',(64.6281664,1.91695578,0.E+000));
#1556 = VECTOR('',#1557,1.);
#1557 = DIRECTION('',(0.382684335595,0.923879158381,0.E+000));
#1558 = PCURVE('',#1464,#1559);
#1559 = DEFINITIONAL_REPRESENTATION('',(#1560),#1564);
#1560 = LINE('',#1561,#1562);
#1561 = CARTESIAN_POINT('',(0.E+000,0.E+000));
#1562 = VECTOR('',#1563,1.);
#1563 = DIRECTION('',(1.,0.E+000));
#1564 = ( GEOMETRIC_REPRESENTATION_CONTEXT(2) 
PARAMETRIC_REPRESENTATION_CONTEXT() REPRESENTATION_CONTEXT('2D SPACE',''
  ) );
#1565 = PCURVE('',#269,#1566);
#1566 = DEFINITIONAL_REPRESENTATION('',(#1567),#1571);
#1567 = LINE('',#1568,#1569);
#1568 = CARTESIAN_POINT('',(-64.59576362,-1.04466644));
#1569 = VECTOR('',#1570,1.);
#1570 = DIRECTION('',(-0.382684335595,0.923879158381));
#1571 = ( GEOMETRIC_REPRESENTATION_CONTEXT(2) 
PARAMETRIC_REPRESENTATION_CONTEXT() REPRESENTATION_CONTEXT('2D SPACE',''
  ) );
#1572 = ADVANCED_FACE('',(#1573),#1540,.F.);
#1573 = FACE_BOUND('',#1574,.F.);
#1574 = EDGE_LOOP('',(#1575,#1576,#1599,#1627));
#1575 = ORIENTED_EDGE('',*,*,#1524,.T.);
#1576 = ORIENTED_EDGE('',*,*,#1577,.T.);
#1577 = EDGE_CURVE('',#1502,#1578,#1580,.T.);
#1578 = VERTEX_POINT('',#1579);
#1579 = CARTESIAN_POINT('',(64.9675993,2.96162222,0.41148));
#1580 = SURFACE_CURVE('',#1581,(#1585,#1592),.PCURVE_S1.);
#1581 = LINE('',#1582,#1583);
#1582 = CARTESIAN_POINT('',(64.83899148,2.42593114,0.41148));
#1583 = VECTOR('',#1584,1.);
#1584 = DIRECTION('',(0.233444969571,0.972370015057,0.E+000));
#1585 = PCURVE('',#1540,#1586);
#1586 = DEFINITIONAL_REPRESENTATION('',(#1587),#1591);
#1587 = LINE('',#1588,#1589);
#1588 = CARTESIAN_POINT('',(0.E+000,-0.41148));
#1589 = VECTOR('',#1590,1.);
#1590 = DIRECTION('',(1.,0.E+000));
#1591 = ( GEOMETRIC_REPRESENTATION_CONTEXT(2) 
PARAMETRIC_REPRESENTATION_CONTEXT() REPRESENTATION_CONTEXT('2D SPACE',''
  ) );
#1592 = PCURVE('',#215,#1593);
#1593 = DEFINITIONAL_REPRESENTATION('',(#1594),#1598);
#1594 = LINE('',#1595,#1596);
#1595 = CARTESIAN_POINT('',(-64.8065887,-0.53569108));
#1596 = VECTOR('',#1597,1.);
#1597 = DIRECTION('',(-0.233444969571,0.972370015057));
#1598 = ( GEOMETRIC_REPRESENTATION_CONTEXT(2) 
PARAMETRIC_REPRESENTATION_CONTEXT() REPRESENTATION_CONTEXT('2D SPACE',''
  ) );
#1599 = ORIENTED_EDGE('',*,*,#1600,.F.);
#1600 = EDGE_CURVE('',#1601,#1578,#1603,.T.);
#1601 = VERTEX_POINT('',#1602);
#1602 = CARTESIAN_POINT('',(64.9675993,2.96162222,0.E+000));
#1603 = SURFACE_CURVE('',#1604,(#1608,#1615),.PCURVE_S1.);
#1604 = LINE('',#1605,#1606);
#1605 = CARTESIAN_POINT('',(64.9675993,2.96162222,0.E+000));
#1606 = VECTOR('',#1607,1.);
#1607 = DIRECTION('',(0.E+000,0.E+000,1.));
#1608 = PCURVE('',#1540,#1609);
#1609 = DEFINITIONAL_REPRESENTATION('',(#1610),#1614);
#1610 = LINE('',#1611,#1612);
#1611 = CARTESIAN_POINT('',(0.550912792152,0.E+000));
#1612 = VECTOR('',#1613,1.);
#1613 = DIRECTION('',(0.E+000,-1.));
#1614 = ( GEOMETRIC_REPRESENTATION_CONTEXT(2) 
PARAMETRIC_REPRESENTATION_CONTEXT() REPRESENTATION_CONTEXT('2D SPACE',''
  ) );
#1615 = PCURVE('',#1616,#1621);
#1616 = PLANE('',#1617);
#1617 = AXIS2_PLACEMENT_3D('',#1618,#1619,#1620);
#1618 = CARTESIAN_POINT('',(64.9675993,2.96162222,0.E+000));
#1619 = DIRECTION('',(-0.996917461847,7.845746787272E-002,0.E+000));
#1620 = DIRECTION('',(7.845746787272E-002,0.996917461847,0.E+000));
#1621 = DEFINITIONAL_REPRESENTATION('',(#1622),#1626);
#1622 = LINE('',#1623,#1624);
#1623 = CARTESIAN_POINT('',(0.E+000,0.E+000));
#1624 = VECTOR('',#1625,1.);
#1625 = DIRECTION('',(0.E+000,-1.));
#1626 = ( GEOMETRIC_REPRESENTATION_CONTEXT(2) 
PARAMETRIC_REPRESENTATION_CONTEXT() REPRESENTATION_CONTEXT('2D SPACE',''
  ) );
#1627 = ORIENTED_EDGE('',*,*,#1628,.F.);
#1628 = EDGE_CURVE('',#1525,#1601,#1629,.T.);
#1629 = SURFACE_CURVE('',#1630,(#1634,#1641),.PCURVE_S1.);
#1630 = LINE('',#1631,#1632);
#1631 = CARTESIAN_POINT('',(64.83899148,2.42593114,0.E+000));
#1632 = VECTOR('',#1633,1.);
#1633 = DIRECTION('',(0.233444969571,0.972370015057,0.E+000));
#1634 = PCURVE('',#1540,#1635);
#1635 = DEFINITIONAL_REPRESENTATION('',(#1636),#1640);
#1636 = LINE('',#1637,#1638);
#1637 = CARTESIAN_POINT('',(0.E+000,0.E+000));
#1638 = VECTOR('',#1639,1.);
#1639 = DIRECTION('',(1.,0.E+000));
#1640 = ( GEOMETRIC_REPRESENTATION_CONTEXT(2) 
PARAMETRIC_REPRESENTATION_CONTEXT() REPRESENTATION_CONTEXT('2D SPACE',''
  ) );
#1641 = PCURVE('',#269,#1642);
#1642 = DEFINITIONAL_REPRESENTATION('',(#1643),#1647);
#1643 = LINE('',#1644,#1645);
#1644 = CARTESIAN_POINT('',(-64.8065887,-0.53569108));
#1645 = VECTOR('',#1646,1.);
#1646 = DIRECTION('',(-0.233444969571,0.972370015057));
#1647 = ( GEOMETRIC_REPRESENTATION_CONTEXT(2) 
PARAMETRIC_REPRESENTATION_CONTEXT() REPRESENTATION_CONTEXT('2D SPACE',''
  ) );
#1648 = ADVANCED_FACE('',(#1649),#1616,.F.);
#1649 = FACE_BOUND('',#1650,.F.);
#1650 = EDGE_LOOP('',(#1651,#1652,#1675,#1703));
#1651 = ORIENTED_EDGE('',*,*,#1600,.T.);
#1652 = ORIENTED_EDGE('',*,*,#1653,.T.);
#1653 = EDGE_CURVE('',#1578,#1654,#1656,.T.);
#1654 = VERTEX_POINT('',#1655);
#1655 = CARTESIAN_POINT('',(65.01082248,3.51083626,0.41148));
#1656 = SURFACE_CURVE('',#1657,(#1661,#1668),.PCURVE_S1.);
#1657 = LINE('',#1658,#1659);
#1658 = CARTESIAN_POINT('',(64.9675993,2.96162222,0.41148));
#1659 = VECTOR('',#1660,1.);
#1660 = DIRECTION('',(7.845746787272E-002,0.996917461847,0.E+000));
#1661 = PCURVE('',#1616,#1662);
#1662 = DEFINITIONAL_REPRESENTATION('',(#1663),#1667);
#1663 = LINE('',#1664,#1665);
#1664 = CARTESIAN_POINT('',(0.E+000,-0.41148));
#1665 = VECTOR('',#1666,1.);
#1666 = DIRECTION('',(1.,0.E+000));
#1667 = ( GEOMETRIC_REPRESENTATION_CONTEXT(2) 
PARAMETRIC_REPRESENTATION_CONTEXT() REPRESENTATION_CONTEXT('2D SPACE',''
  ) );
#1668 = PCURVE('',#215,#1669);
#1669 = DEFINITIONAL_REPRESENTATION('',(#1670),#1674);
#1670 = LINE('',#1671,#1672);
#1671 = CARTESIAN_POINT('',(-64.93519652,0.E+000));
#1672 = VECTOR('',#1673,1.);
#1673 = DIRECTION('',(-7.845746787272E-002,0.996917461847));
#1674 = ( GEOMETRIC_REPRESENTATION_CONTEXT(2) 
PARAMETRIC_REPRESENTATION_CONTEXT() REPRESENTATION_CONTEXT('2D SPACE',''
  ) );
#1675 = ORIENTED_EDGE('',*,*,#1676,.F.);
#1676 = EDGE_CURVE('',#1677,#1654,#1679,.T.);
#1677 = VERTEX_POINT('',#1678);
#1678 = CARTESIAN_POINT('',(65.01082248,3.51083626,0.E+000));
#1679 = SURFACE_CURVE('',#1680,(#1684,#1691),.PCURVE_S1.);
#1680 = LINE('',#1681,#1682);
#1681 = CARTESIAN_POINT('',(65.01082248,3.51083626,0.E+000));
#1682 = VECTOR('',#1683,1.);
#1683 = DIRECTION('',(0.E+000,0.E+000,1.));
#1684 = PCURVE('',#1616,#1685);
#1685 = DEFINITIONAL_REPRESENTATION('',(#1686),#1690);
#1686 = LINE('',#1687,#1688);
#1687 = CARTESIAN_POINT('',(0.550912248024,0.E+000));
#1688 = VECTOR('',#1689,1.);
#1689 = DIRECTION('',(0.E+000,-1.));
#1690 = ( GEOMETRIC_REPRESENTATION_CONTEXT(2) 
PARAMETRIC_REPRESENTATION_CONTEXT() REPRESENTATION_CONTEXT('2D SPACE',''
  ) );
#1691 = PCURVE('',#1692,#1697);
#1692 = PLANE('',#1693);
#1693 = AXIS2_PLACEMENT_3D('',#1694,#1695,#1696);
#1694 = CARTESIAN_POINT('',(65.01082248,3.51083626,0.E+000));
#1695 = DIRECTION('',(-0.999999889285,-4.70562562326E-004,0.E+000));
#1696 = DIRECTION('',(-4.70562562326E-004,0.999999889285,0.E+000));
#1697 = DEFINITIONAL_REPRESENTATION('',(#1698),#1702);
#1698 = LINE('',#1699,#1700);
#1699 = CARTESIAN_POINT('',(0.E+000,0.E+000));
#1700 = VECTOR('',#1701,1.);
#1701 = DIRECTION('',(0.E+000,-1.));
#1702 = ( GEOMETRIC_REPRESENTATION_CONTEXT(2) 
PARAMETRIC_REPRESENTATION_CONTEXT() REPRESENTATION_CONTEXT('2D SPACE',''
  ) );
#1703 = ORIENTED_EDGE('',*,*,#1704,.F.);
#1704 = EDGE_CURVE('',#1601,#1677,#1705,.T.);
#1705 = SURFACE_CURVE('',#1706,(#1710,#1717),.PCURVE_S1.);
#1706 = LINE('',#1707,#1708);
#1707 = CARTESIAN_POINT('',(64.9675993,2.96162222,0.E+000));
#1708 = VECTOR('',#1709,1.);
#1709 = DIRECTION('',(7.845746787272E-002,0.996917461847,0.E+000));
#1710 = PCURVE('',#1616,#1711);
#1711 = DEFINITIONAL_REPRESENTATION('',(#1712),#1716);
#1712 = LINE('',#1713,#1714);
#1713 = CARTESIAN_POINT('',(0.E+000,0.E+000));
#1714 = VECTOR('',#1715,1.);
#1715 = DIRECTION('',(1.,0.E+000));
#1716 = ( GEOMETRIC_REPRESENTATION_CONTEXT(2) 
PARAMETRIC_REPRESENTATION_CONTEXT() REPRESENTATION_CONTEXT('2D SPACE',''
  ) );
#1717 = PCURVE('',#269,#1718);
#1718 = DEFINITIONAL_REPRESENTATION('',(#1719),#1723);
#1719 = LINE('',#1720,#1721);
#1720 = CARTESIAN_POINT('',(-64.93519652,0.E+000));
#1721 = VECTOR('',#1722,1.);
#1722 = DIRECTION('',(-7.845746787272E-002,0.996917461847));
#1723 = ( GEOMETRIC_REPRESENTATION_CONTEXT(2) 
PARAMETRIC_REPRESENTATION_CONTEXT() REPRESENTATION_CONTEXT('2D SPACE',''
  ) );
#1724 = ADVANCED_FACE('',(#1725),#1692,.F.);
#1725 = FACE_BOUND('',#1726,.F.);
#1726 = EDGE_LOOP('',(#1727,#1728,#1751,#1779));
#1727 = ORIENTED_EDGE('',*,*,#1676,.T.);
#1728 = ORIENTED_EDGE('',*,*,#1729,.T.);
#1729 = EDGE_CURVE('',#1654,#1730,#1732,.T.);
#1730 = VERTEX_POINT('',#1731);
#1731 = CARTESIAN_POINT('',(64.99999954,26.51083598,0.41148));
#1732 = SURFACE_CURVE('',#1733,(#1737,#1744),.PCURVE_S1.);
#1733 = LINE('',#1734,#1735);
#1734 = CARTESIAN_POINT('',(65.01082248,3.51083626,0.41148));
#1735 = VECTOR('',#1736,1.);
#1736 = DIRECTION('',(-4.70562562326E-004,0.999999889285,0.E+000));
#1737 = PCURVE('',#1692,#1738);
#1738 = DEFINITIONAL_REPRESENTATION('',(#1739),#1743);
#1739 = LINE('',#1740,#1741);
#1740 = CARTESIAN_POINT('',(0.E+000,-0.41148));
#1741 = VECTOR('',#1742,1.);
#1742 = DIRECTION('',(1.,0.E+000));
#1743 = ( GEOMETRIC_REPRESENTATION_CONTEXT(2) 
PARAMETRIC_REPRESENTATION_CONTEXT() REPRESENTATION_CONTEXT('2D SPACE',''
  ) );
#1744 = PCURVE('',#215,#1745);
#1745 = DEFINITIONAL_REPRESENTATION('',(#1746),#1750);
#1746 = LINE('',#1747,#1748);
#1747 = CARTESIAN_POINT('',(-64.9784197,0.54921404));
#1748 = VECTOR('',#1749,1.);
#1749 = DIRECTION('',(4.70562562326E-004,0.999999889285));
#1750 = ( GEOMETRIC_REPRESENTATION_CONTEXT(2) 
PARAMETRIC_REPRESENTATION_CONTEXT() REPRESENTATION_CONTEXT('2D SPACE',''
  ) );
#1751 = ORIENTED_EDGE('',*,*,#1752,.F.);
#1752 = EDGE_CURVE('',#1753,#1730,#1755,.T.);
#1753 = VERTEX_POINT('',#1754);
#1754 = CARTESIAN_POINT('',(64.99999954,26.51083598,0.E+000));
#1755 = SURFACE_CURVE('',#1756,(#1760,#1767),.PCURVE_S1.);
#1756 = LINE('',#1757,#1758);
#1757 = CARTESIAN_POINT('',(64.99999954,26.51083598,0.E+000));
#1758 = VECTOR('',#1759,1.);
#1759 = DIRECTION('',(0.E+000,0.E+000,1.));
#1760 = PCURVE('',#1692,#1761);
#1761 = DEFINITIONAL_REPRESENTATION('',(#1762),#1766);
#1762 = LINE('',#1763,#1764);
#1763 = CARTESIAN_POINT('',(23.000002266435,0.E+000));
#1764 = VECTOR('',#1765,1.);
#1765 = DIRECTION('',(0.E+000,-1.));
#1766 = ( GEOMETRIC_REPRESENTATION_CONTEXT(2) 
PARAMETRIC_REPRESENTATION_CONTEXT() REPRESENTATION_CONTEXT('2D SPACE',''
  ) );
#1767 = PCURVE('',#1768,#1773);
#1768 = PLANE('',#1769);
#1769 = AXIS2_PLACEMENT_3D('',#1770,#1771,#1772);
#1770 = CARTESIAN_POINT('',(64.99999954,26.51083598,0.E+000));
#1771 = DIRECTION('',(-0.998264392957,-5.889144042139E-002,0.E+000));
#1772 = DIRECTION('',(-5.889144042139E-002,0.998264392957,0.E+000));
#1773 = DEFINITIONAL_REPRESENTATION('',(#1774),#1778);
#1774 = LINE('',#1775,#1776);
#1775 = CARTESIAN_POINT('',(0.E+000,0.E+000));
#1776 = VECTOR('',#1777,1.);
#1777 = DIRECTION('',(0.E+000,-1.));
#1778 = ( GEOMETRIC_REPRESENTATION_CONTEXT(2) 
PARAMETRIC_REPRESENTATION_CONTEXT() REPRESENTATION_CONTEXT('2D SPACE',''
  ) );
#1779 = ORIENTED_EDGE('',*,*,#1780,.F.);
#1780 = EDGE_CURVE('',#1677,#1753,#1781,.T.);
#1781 = SURFACE_CURVE('',#1782,(#1786,#1793),.PCURVE_S1.);
#1782 = LINE('',#1783,#1784);
#1783 = CARTESIAN_POINT('',(65.01082248,3.51083626,0.E+000));
#1784 = VECTOR('',#1785,1.);
#1785 = DIRECTION('',(-4.70562562326E-004,0.999999889285,0.E+000));
#1786 = PCURVE('',#1692,#1787);
#1787 = DEFINITIONAL_REPRESENTATION('',(#1788),#1792);
#1788 = LINE('',#1789,#1790);
#1789 = CARTESIAN_POINT('',(0.E+000,0.E+000));
#1790 = VECTOR('',#1791,1.);
#1791 = DIRECTION('',(1.,0.E+000));
#1792 = ( GEOMETRIC_REPRESENTATION_CONTEXT(2) 
PARAMETRIC_REPRESENTATION_CONTEXT() REPRESENTATION_CONTEXT('2D SPACE',''
  ) );
#1793 = PCURVE('',#269,#1794);
#1794 = DEFINITIONAL_REPRESENTATION('',(#1795),#1799);
#1795 = LINE('',#1796,#1797);
#1796 = CARTESIAN_POINT('',(-64.9784197,0.54921404));
#1797 = VECTOR('',#1798,1.);
#1798 = DIRECTION('',(4.70562562326E-004,0.999999889285));
#1799 = ( GEOMETRIC_REPRESENTATION_CONTEXT(2) 
PARAMETRIC_REPRESENTATION_CONTEXT() REPRESENTATION_CONTEXT('2D SPACE',''
  ) );
#1800 = ADVANCED_FACE('',(#1801),#1768,.F.);
#1801 = FACE_BOUND('',#1802,.F.);
#1802 = EDGE_LOOP('',(#1803,#1804,#1827,#1855));
#1803 = ORIENTED_EDGE('',*,*,#1752,.T.);
#1804 = ORIENTED_EDGE('',*,*,#1805,.T.);
#1805 = EDGE_CURVE('',#1730,#1806,#1808,.T.);
#1806 = VERTEX_POINT('',#1807);
#1807 = CARTESIAN_POINT('',(64.9675993,27.06005002,0.41148));
#1808 = SURFACE_CURVE('',#1809,(#1813,#1820),.PCURVE_S1.);
#1809 = LINE('',#1810,#1811);
#1810 = CARTESIAN_POINT('',(64.99999954,26.51083598,0.41148));
#1811 = VECTOR('',#1812,1.);
#1812 = DIRECTION('',(-5.889144042139E-002,0.998264392957,0.E+000));
#1813 = PCURVE('',#1768,#1814);
#1814 = DEFINITIONAL_REPRESENTATION('',(#1815),#1819);
#1815 = LINE('',#1816,#1817);
#1816 = CARTESIAN_POINT('',(0.E+000,-0.41148));
#1817 = VECTOR('',#1818,1.);
#1818 = DIRECTION('',(1.,0.E+000));
#1819 = ( GEOMETRIC_REPRESENTATION_CONTEXT(2) 
PARAMETRIC_REPRESENTATION_CONTEXT() REPRESENTATION_CONTEXT('2D SPACE',''
  ) );
#1820 = PCURVE('',#215,#1821);
#1821 = DEFINITIONAL_REPRESENTATION('',(#1822),#1826);
#1822 = LINE('',#1823,#1824);
#1823 = CARTESIAN_POINT('',(-64.96759676,23.54921376));
#1824 = VECTOR('',#1825,1.);
#1825 = DIRECTION('',(5.889144042139E-002,0.998264392957));
#1826 = ( GEOMETRIC_REPRESENTATION_CONTEXT(2) 
PARAMETRIC_REPRESENTATION_CONTEXT() REPRESENTATION_CONTEXT('2D SPACE',''
  ) );
#1827 = ORIENTED_EDGE('',*,*,#1828,.F.);
#1828 = EDGE_CURVE('',#1829,#1806,#1831,.T.);
#1829 = VERTEX_POINT('',#1830);
#1830 = CARTESIAN_POINT('',(64.9675993,27.06005002,0.E+000));
#1831 = SURFACE_CURVE('',#1832,(#1836,#1843),.PCURVE_S1.);
#1832 = LINE('',#1833,#1834);
#1833 = CARTESIAN_POINT('',(64.9675993,27.06005002,0.E+000));
#1834 = VECTOR('',#1835,1.);
#1835 = DIRECTION('',(0.E+000,0.E+000,1.));
#1836 = PCURVE('',#1768,#1837);
#1837 = DEFINITIONAL_REPRESENTATION('',(#1838),#1842);
#1838 = LINE('',#1839,#1840);
#1839 = CARTESIAN_POINT('',(0.550168917047,0.E+000));
#1840 = VECTOR('',#1841,1.);
#1841 = DIRECTION('',(0.E+000,-1.));
#1842 = ( GEOMETRIC_REPRESENTATION_CONTEXT(2) 
PARAMETRIC_REPRESENTATION_CONTEXT() REPRESENTATION_CONTEXT('2D SPACE',''
  ) );
#1843 = PCURVE('',#1844,#1849);
#1844 = PLANE('',#1845);
#1845 = AXIS2_PLACEMENT_3D('',#1846,#1847,#1848);
#1846 = CARTESIAN_POINT('',(64.9675993,27.06005002,0.E+000));
#1847 = DIRECTION('',(-0.972370015057,-0.233444969571,0.E+000));
#1848 = DIRECTION('',(-0.233444969571,0.972370015057,0.E+000));
#1849 = DEFINITIONAL_REPRESENTATION('',(#1850),#1854);
#1850 = LINE('',#1851,#1852);
#1851 = CARTESIAN_POINT('',(0.E+000,0.E+000));
#1852 = VECTOR('',#1853,1.);
#1853 = DIRECTION('',(0.E+000,-1.));
#1854 = ( GEOMETRIC_REPRESENTATION_CONTEXT(2) 
PARAMETRIC_REPRESENTATION_CONTEXT() REPRESENTATION_CONTEXT('2D SPACE',''
  ) );
#1855 = ORIENTED_EDGE('',*,*,#1856,.F.);
#1856 = EDGE_CURVE('',#1753,#1829,#1857,.T.);
#1857 = SURFACE_CURVE('',#1858,(#1862,#1869),.PCURVE_S1.);
#1858 = LINE('',#1859,#1860);
#1859 = CARTESIAN_POINT('',(64.99999954,26.51083598,0.E+000));
#1860 = VECTOR('',#1861,1.);
#1861 = DIRECTION('',(-5.889144042139E-002,0.998264392957,0.E+000));
#1862 = PCURVE('',#1768,#1863);
#1863 = DEFINITIONAL_REPRESENTATION('',(#1864),#1868);
#1864 = LINE('',#1865,#1866);
#1865 = CARTESIAN_POINT('',(0.E+000,0.E+000));
#1866 = VECTOR('',#1867,1.);
#1867 = DIRECTION('',(1.,0.E+000));
#1868 = ( GEOMETRIC_REPRESENTATION_CONTEXT(2) 
PARAMETRIC_REPRESENTATION_CONTEXT() REPRESENTATION_CONTEXT('2D SPACE',''
  ) );
#1869 = PCURVE('',#269,#1870);
#1870 = DEFINITIONAL_REPRESENTATION('',(#1871),#1875);
#1871 = LINE('',#1872,#1873);
#1872 = CARTESIAN_POINT('',(-64.96759676,23.54921376));
#1873 = VECTOR('',#1874,1.);
#1874 = DIRECTION('',(5.889144042139E-002,0.998264392957));
#1875 = ( GEOMETRIC_REPRESENTATION_CONTEXT(2) 
PARAMETRIC_REPRESENTATION_CONTEXT() REPRESENTATION_CONTEXT('2D SPACE',''
  ) );
#1876 = ADVANCED_FACE('',(#1877),#1844,.F.);
#1877 = FACE_BOUND('',#1878,.F.);
#1878 = EDGE_LOOP('',(#1879,#1880,#1903,#1931));
#1879 = ORIENTED_EDGE('',*,*,#1828,.T.);
#1880 = ORIENTED_EDGE('',*,*,#1881,.T.);
#1881 = EDGE_CURVE('',#1806,#1882,#1884,.T.);
#1882 = VERTEX_POINT('',#1883);
#1883 = CARTESIAN_POINT('',(64.83899148,27.5957411,0.41148));
#1884 = SURFACE_CURVE('',#1885,(#1889,#1896),.PCURVE_S1.);
#1885 = LINE('',#1886,#1887);
#1886 = CARTESIAN_POINT('',(64.9675993,27.06005002,0.41148));
#1887 = VECTOR('',#1888,1.);
#1888 = DIRECTION('',(-0.233444969571,0.972370015057,0.E+000));
#1889 = PCURVE('',#1844,#1890);
#1890 = DEFINITIONAL_REPRESENTATION('',(#1891),#1895);
#1891 = LINE('',#1892,#1893);
#1892 = CARTESIAN_POINT('',(0.E+000,-0.41148));
#1893 = VECTOR('',#1894,1.);
#1894 = DIRECTION('',(1.,0.E+000));
#1895 = ( GEOMETRIC_REPRESENTATION_CONTEXT(2) 
PARAMETRIC_REPRESENTATION_CONTEXT() REPRESENTATION_CONTEXT('2D SPACE',''
  ) );
#1896 = PCURVE('',#215,#1897);
#1897 = DEFINITIONAL_REPRESENTATION('',(#1898),#1902);
#1898 = LINE('',#1899,#1900);
#1899 = CARTESIAN_POINT('',(-64.93519652,24.0984278));
#1900 = VECTOR('',#1901,1.);
#1901 = DIRECTION('',(0.233444969571,0.972370015057));
#1902 = ( GEOMETRIC_REPRESENTATION_CONTEXT(2) 
PARAMETRIC_REPRESENTATION_CONTEXT() REPRESENTATION_CONTEXT('2D SPACE',''
  ) );
#1903 = ORIENTED_EDGE('',*,*,#1904,.F.);
#1904 = EDGE_CURVE('',#1905,#1882,#1907,.T.);
#1905 = VERTEX_POINT('',#1906);
#1906 = CARTESIAN_POINT('',(64.83899148,27.5957411,0.E+000));
#1907 = SURFACE_CURVE('',#1908,(#1912,#1919),.PCURVE_S1.);
#1908 = LINE('',#1909,#1910);
#1909 = CARTESIAN_POINT('',(64.83899148,27.5957411,0.E+000));
#1910 = VECTOR('',#1911,1.);
#1911 = DIRECTION('',(0.E+000,0.E+000,1.));
#1912 = PCURVE('',#1844,#1913);
#1913 = DEFINITIONAL_REPRESENTATION('',(#1914),#1918);
#1914 = LINE('',#1915,#1916);
#1915 = CARTESIAN_POINT('',(0.550912792152,0.E+000));
#1916 = VECTOR('',#1917,1.);
#1917 = DIRECTION('',(0.E+000,-1.));
#1918 = ( GEOMETRIC_REPRESENTATION_CONTEXT(2) 
PARAMETRIC_REPRESENTATION_CONTEXT() REPRESENTATION_CONTEXT('2D SPACE',''
  ) );
#1919 = PCURVE('',#1920,#1925);
#1920 = PLANE('',#1921);
#1921 = AXIS2_PLACEMENT_3D('',#1922,#1923,#1924);
#1922 = CARTESIAN_POINT('',(64.83899148,27.5957411,0.E+000));
#1923 = DIRECTION('',(-0.923879158381,-0.382684335595,0.E+000));
#1924 = DIRECTION('',(-0.382684335595,0.923879158381,0.E+000));
#1925 = DEFINITIONAL_REPRESENTATION('',(#1926),#1930);
#1926 = LINE('',#1927,#1928);
#1927 = CARTESIAN_POINT('',(0.E+000,0.E+000));
#1928 = VECTOR('',#1929,1.);
#1929 = DIRECTION('',(0.E+000,-1.));
#1930 = ( GEOMETRIC_REPRESENTATION_CONTEXT(2) 
PARAMETRIC_REPRESENTATION_CONTEXT() REPRESENTATION_CONTEXT('2D SPACE',''
  ) );
#1931 = ORIENTED_EDGE('',*,*,#1932,.F.);
#1932 = EDGE_CURVE('',#1829,#1905,#1933,.T.);
#1933 = SURFACE_CURVE('',#1934,(#1938,#1945),.PCURVE_S1.);
#1934 = LINE('',#1935,#1936);
#1935 = CARTESIAN_POINT('',(64.9675993,27.06005002,0.E+000));
#1936 = VECTOR('',#1937,1.);
#1937 = DIRECTION('',(-0.233444969571,0.972370015057,0.E+000));
#1938 = PCURVE('',#1844,#1939);
#1939 = DEFINITIONAL_REPRESENTATION('',(#1940),#1944);
#1940 = LINE('',#1941,#1942);
#1941 = CARTESIAN_POINT('',(0.E+000,0.E+000));
#1942 = VECTOR('',#1943,1.);
#1943 = DIRECTION('',(1.,0.E+000));
#1944 = ( GEOMETRIC_REPRESENTATION_CONTEXT(2) 
PARAMETRIC_REPRESENTATION_CONTEXT() REPRESENTATION_CONTEXT('2D SPACE',''
  ) );
#1945 = PCURVE('',#269,#1946);
#1946 = DEFINITIONAL_REPRESENTATION('',(#1947),#1951);
#1947 = LINE('',#1948,#1949);
#1948 = CARTESIAN_POINT('',(-64.93519652,24.0984278));
#1949 = VECTOR('',#1950,1.);
#1950 = DIRECTION('',(0.233444969571,0.972370015057));
#1951 = ( GEOMETRIC_REPRESENTATION_CONTEXT(2) 
PARAMETRIC_REPRESENTATION_CONTEXT() REPRESENTATION_CONTEXT('2D SPACE',''
  ) );
#1952 = ADVANCED_FACE('',(#1953),#1920,.F.);
#1953 = FACE_BOUND('',#1954,.F.);
#1954 = EDGE_LOOP('',(#1955,#1956,#1979,#2007));
#1955 = ORIENTED_EDGE('',*,*,#1904,.T.);
#1956 = ORIENTED_EDGE('',*,*,#1957,.T.);
#1957 = EDGE_CURVE('',#1882,#1958,#1960,.T.);
#1958 = VERTEX_POINT('',#1959);
#1959 = CARTESIAN_POINT('',(64.6281664,28.10471646,0.41148));
#1960 = SURFACE_CURVE('',#1961,(#1965,#1972),.PCURVE_S1.);
#1961 = LINE('',#1962,#1963);
#1962 = CARTESIAN_POINT('',(64.83899148,27.5957411,0.41148));
#1963 = VECTOR('',#1964,1.);
#1964 = DIRECTION('',(-0.382684335595,0.923879158381,0.E+000));
#1965 = PCURVE('',#1920,#1966);
#1966 = DEFINITIONAL_REPRESENTATION('',(#1967),#1971);
#1967 = LINE('',#1968,#1969);
#1968 = CARTESIAN_POINT('',(0.E+000,-0.41148));
#1969 = VECTOR('',#1970,1.);
#1970 = DIRECTION('',(1.,0.E+000));
#1971 = ( GEOMETRIC_REPRESENTATION_CONTEXT(2) 
PARAMETRIC_REPRESENTATION_CONTEXT() REPRESENTATION_CONTEXT('2D SPACE',''
  ) );
#1972 = PCURVE('',#215,#1973);
#1973 = DEFINITIONAL_REPRESENTATION('',(#1974),#1978);
#1974 = LINE('',#1975,#1976);
#1975 = CARTESIAN_POINT('',(-64.8065887,24.63411888));
#1976 = VECTOR('',#1977,1.);
#1977 = DIRECTION('',(0.382684335595,0.923879158381));
#1978 = ( GEOMETRIC_REPRESENTATION_CONTEXT(2) 
PARAMETRIC_REPRESENTATION_CONTEXT() REPRESENTATION_CONTEXT('2D SPACE',''
  ) );
#1979 = ORIENTED_EDGE('',*,*,#1980,.F.);
#1980 = EDGE_CURVE('',#1981,#1958,#1983,.T.);
#1981 = VERTEX_POINT('',#1982);
#1982 = CARTESIAN_POINT('',(64.6281664,28.10471646,0.E+000));
#1983 = SURFACE_CURVE('',#1984,(#1988,#1995),.PCURVE_S1.);
#1984 = LINE('',#1985,#1986);
#1985 = CARTESIAN_POINT('',(64.6281664,28.10471646,0.E+000));
#1986 = VECTOR('',#1987,1.);
#1987 = DIRECTION('',(0.E+000,0.E+000,1.));
#1988 = PCURVE('',#1920,#1989);
#1989 = DEFINITIONAL_REPRESENTATION('',(#1990),#1994);
#1990 = LINE('',#1991,#1992);
#1991 = CARTESIAN_POINT('',(0.5509111829,0.E+000));
#1992 = VECTOR('',#1993,1.);
#1993 = DIRECTION('',(0.E+000,-1.));
#1994 = ( GEOMETRIC_REPRESENTATION_CONTEXT(2) 
PARAMETRIC_REPRESENTATION_CONTEXT() REPRESENTATION_CONTEXT('2D SPACE',''
  ) );
#1995 = PCURVE('',#1996,#2001);
#1996 = PLANE('',#1997);
#1997 = AXIS2_PLACEMENT_3D('',#1998,#1999,#2000);
#1998 = CARTESIAN_POINT('',(64.6281664,28.10471646,0.E+000));
#1999 = DIRECTION('',(-0.852640345421,-0.522498269241,0.E+000));
#2000 = DIRECTION('',(-0.522498269241,0.852640345421,0.E+000));
#2001 = DEFINITIONAL_REPRESENTATION('',(#2002),#2006);
#2002 = LINE('',#2003,#2004);
#2003 = CARTESIAN_POINT('',(0.E+000,0.E+000));
#2004 = VECTOR('',#2005,1.);
#2005 = DIRECTION('',(0.E+000,-1.));
#2006 = ( GEOMETRIC_REPRESENTATION_CONTEXT(2) 
PARAMETRIC_REPRESENTATION_CONTEXT() REPRESENTATION_CONTEXT('2D SPACE',''
  ) );
#2007 = ORIENTED_EDGE('',*,*,#2008,.F.);
#2008 = EDGE_CURVE('',#1905,#1981,#2009,.T.);
#2009 = SURFACE_CURVE('',#2010,(#2014,#2021),.PCURVE_S1.);
#2010 = LINE('',#2011,#2012);
#2011 = CARTESIAN_POINT('',(64.83899148,27.5957411,0.E+000));
#2012 = VECTOR('',#2013,1.);
#2013 = DIRECTION('',(-0.382684335595,0.923879158381,0.E+000));
#2014 = PCURVE('',#1920,#2015);
#2015 = DEFINITIONAL_REPRESENTATION('',(#2016),#2020);
#2016 = LINE('',#2017,#2018);
#2017 = CARTESIAN_POINT('',(0.E+000,0.E+000));
#2018 = VECTOR('',#2019,1.);
#2019 = DIRECTION('',(1.,0.E+000));
#2020 = ( GEOMETRIC_REPRESENTATION_CONTEXT(2) 
PARAMETRIC_REPRESENTATION_CONTEXT() REPRESENTATION_CONTEXT('2D SPACE',''
  ) );
#2021 = PCURVE('',#269,#2022);
#2022 = DEFINITIONAL_REPRESENTATION('',(#2023),#2027);
#2023 = LINE('',#2024,#2025);
#2024 = CARTESIAN_POINT('',(-64.8065887,24.63411888));
#2025 = VECTOR('',#2026,1.);
#2026 = DIRECTION('',(0.382684335595,0.923879158381));
#2027 = ( GEOMETRIC_REPRESENTATION_CONTEXT(2) 
PARAMETRIC_REPRESENTATION_CONTEXT() REPRESENTATION_CONTEXT('2D SPACE',''
  ) );
#2028 = ADVANCED_FACE('',(#2029),#1996,.F.);
#2029 = FACE_BOUND('',#2030,.F.);
#2030 = EDGE_LOOP('',(#2031,#2032,#2055,#2083));
#2031 = ORIENTED_EDGE('',*,*,#1980,.T.);
#2032 = ORIENTED_EDGE('',*,*,#2033,.T.);
#2033 = EDGE_CURVE('',#1958,#2034,#2036,.T.);
#2034 = VERTEX_POINT('',#2035);
#2035 = CARTESIAN_POINT('',(64.34031582,28.57444628,0.41148));
#2036 = SURFACE_CURVE('',#2037,(#2041,#2048),.PCURVE_S1.);
#2037 = LINE('',#2038,#2039);
#2038 = CARTESIAN_POINT('',(64.6281664,28.10471646,0.41148));
#2039 = VECTOR('',#2040,1.);
#2040 = DIRECTION('',(-0.522498269241,0.852640345421,0.E+000));
#2041 = PCURVE('',#1996,#2042);
#2042 = DEFINITIONAL_REPRESENTATION('',(#2043),#2047);
#2043 = LINE('',#2044,#2045);
#2044 = CARTESIAN_POINT('',(0.E+000,-0.41148));
#2045 = VECTOR('',#2046,1.);
#2046 = DIRECTION('',(1.,0.E+000));
#2047 = ( GEOMETRIC_REPRESENTATION_CONTEXT(2) 
PARAMETRIC_REPRESENTATION_CONTEXT() REPRESENTATION_CONTEXT('2D SPACE',''
  ) );
#2048 = PCURVE('',#215,#2049);
#2049 = DEFINITIONAL_REPRESENTATION('',(#2050),#2054);
#2050 = LINE('',#2051,#2052);
#2051 = CARTESIAN_POINT('',(-64.59576362,25.14309424));
#2052 = VECTOR('',#2053,1.);
#2053 = DIRECTION('',(0.522498269241,0.852640345421));
#2054 = ( GEOMETRIC_REPRESENTATION_CONTEXT(2) 
PARAMETRIC_REPRESENTATION_CONTEXT() REPRESENTATION_CONTEXT('2D SPACE',''
  ) );
#2055 = ORIENTED_EDGE('',*,*,#2056,.F.);
#2056 = EDGE_CURVE('',#2057,#2034,#2059,.T.);
#2057 = VERTEX_POINT('',#2058);
#2058 = CARTESIAN_POINT('',(64.34031582,28.57444628,0.E+000));
#2059 = SURFACE_CURVE('',#2060,(#2064,#2071),.PCURVE_S1.);
#2060 = LINE('',#2061,#2062);
#2061 = CARTESIAN_POINT('',(64.34031582,28.57444628,0.E+000));
#2062 = VECTOR('',#2063,1.);
#2063 = DIRECTION('',(0.E+000,0.E+000,1.));
#2064 = PCURVE('',#1996,#2065);
#2065 = DEFINITIONAL_REPRESENTATION('',(#2066),#2070);
#2066 = LINE('',#2067,#2068);
#2067 = CARTESIAN_POINT('',(0.55091202583,0.E+000));
#2068 = VECTOR('',#2069,1.);
#2069 = DIRECTION('',(0.E+000,-1.));
#2070 = ( GEOMETRIC_REPRESENTATION_CONTEXT(2) 
PARAMETRIC_REPRESENTATION_CONTEXT() REPRESENTATION_CONTEXT('2D SPACE',''
  ) );
#2071 = PCURVE('',#2072,#2077);
#2072 = PLANE('',#2073);
#2073 = AXIS2_PLACEMENT_3D('',#2074,#2075,#2076);
#2074 = CARTESIAN_POINT('',(64.34031582,28.57444628,0.E+000));
#2075 = DIRECTION('',(-0.760405554149,-0.649448530077,0.E+000));
#2076 = DIRECTION('',(-0.649448530077,0.760405554149,0.E+000));
#2077 = DEFINITIONAL_REPRESENTATION('',(#2078),#2082);
#2078 = LINE('',#2079,#2080);
#2079 = CARTESIAN_POINT('',(0.E+000,0.E+000));
#2080 = VECTOR('',#2081,1.);
#2081 = DIRECTION('',(0.E+000,-1.));
#2082 = ( GEOMETRIC_REPRESENTATION_CONTEXT(2) 
PARAMETRIC_REPRESENTATION_CONTEXT() REPRESENTATION_CONTEXT('2D SPACE',''
  ) );
#2083 = ORIENTED_EDGE('',*,*,#2084,.F.);
#2084 = EDGE_CURVE('',#1981,#2057,#2085,.T.);
#2085 = SURFACE_CURVE('',#2086,(#2090,#2097),.PCURVE_S1.);
#2086 = LINE('',#2087,#2088);
#2087 = CARTESIAN_POINT('',(64.6281664,28.10471646,0.E+000));
#2088 = VECTOR('',#2089,1.);
#2089 = DIRECTION('',(-0.522498269241,0.852640345421,0.E+000));
#2090 = PCURVE('',#1996,#2091);
#2091 = DEFINITIONAL_REPRESENTATION('',(#2092),#2096);
#2092 = LINE('',#2093,#2094);
#2093 = CARTESIAN_POINT('',(0.E+000,0.E+000));
#2094 = VECTOR('',#2095,1.);
#2095 = DIRECTION('',(1.,0.E+000));
#2096 = ( GEOMETRIC_REPRESENTATION_CONTEXT(2) 
PARAMETRIC_REPRESENTATION_CONTEXT() REPRESENTATION_CONTEXT('2D SPACE',''
  ) );
#2097 = PCURVE('',#269,#2098);
#2098 = DEFINITIONAL_REPRESENTATION('',(#2099),#2103);
#2099 = LINE('',#2100,#2101);
#2100 = CARTESIAN_POINT('',(-64.59576362,25.14309424));
#2101 = VECTOR('',#2102,1.);
#2102 = DIRECTION('',(0.522498269241,0.852640345421));
#2103 = ( GEOMETRIC_REPRESENTATION_CONTEXT(2) 
PARAMETRIC_REPRESENTATION_CONTEXT() REPRESENTATION_CONTEXT('2D SPACE',''
  ) );
#2104 = ADVANCED_FACE('',(#2105),#2072,.F.);
#2105 = FACE_BOUND('',#2106,.F.);
#2106 = EDGE_LOOP('',(#2107,#2108,#2131,#2159));
#2107 = ORIENTED_EDGE('',*,*,#2056,.T.);
#2108 = ORIENTED_EDGE('',*,*,#2109,.T.);
#2109 = EDGE_CURVE('',#2034,#2110,#2112,.T.);
#2110 = VERTEX_POINT('',#2111);
#2111 = CARTESIAN_POINT('',(63.98252634,28.9933634,0.41148));
#2112 = SURFACE_CURVE('',#2113,(#2117,#2124),.PCURVE_S1.);
#2113 = LINE('',#2114,#2115);
#2114 = CARTESIAN_POINT('',(64.34031582,28.57444628,0.41148));
#2115 = VECTOR('',#2116,1.);
#2116 = DIRECTION('',(-0.649448530077,0.760405554149,0.E+000));
#2117 = PCURVE('',#2072,#2118);
#2118 = DEFINITIONAL_REPRESENTATION('',(#2119),#2123);
#2119 = LINE('',#2120,#2121);
#2120 = CARTESIAN_POINT('',(0.E+000,-0.41148));
#2121 = VECTOR('',#2122,1.);
#2122 = DIRECTION('',(1.,0.E+000));
#2123 = ( GEOMETRIC_REPRESENTATION_CONTEXT(2) 
PARAMETRIC_REPRESENTATION_CONTEXT() REPRESENTATION_CONTEXT('2D SPACE',''
  ) );
#2124 = PCURVE('',#215,#2125);
#2125 = DEFINITIONAL_REPRESENTATION('',(#2126),#2130);
#2126 = LINE('',#2127,#2128);
#2127 = CARTESIAN_POINT('',(-64.30791304,25.61282406));
#2128 = VECTOR('',#2129,1.);
#2129 = DIRECTION('',(0.649448530077,0.760405554149));
#2130 = ( GEOMETRIC_REPRESENTATION_CONTEXT(2) 
PARAMETRIC_REPRESENTATION_CONTEXT() REPRESENTATION_CONTEXT('2D SPACE',''
  ) );
#2131 = ORIENTED_EDGE('',*,*,#2132,.F.);
#2132 = EDGE_CURVE('',#2133,#2110,#2135,.T.);
#2133 = VERTEX_POINT('',#2134);
#2134 = CARTESIAN_POINT('',(63.98252634,28.9933634,0.E+000));
#2135 = SURFACE_CURVE('',#2136,(#2140,#2147),.PCURVE_S1.);
#2136 = LINE('',#2137,#2138);
#2137 = CARTESIAN_POINT('',(63.98252634,28.9933634,0.E+000));
#2138 = VECTOR('',#2139,1.);
#2139 = DIRECTION('',(0.E+000,0.E+000,1.));
#2140 = PCURVE('',#2072,#2141);
#2141 = DEFINITIONAL_REPRESENTATION('',(#2142),#2146);
#2142 = LINE('',#2143,#2144);
#2143 = CARTESIAN_POINT('',(0.550912756639,0.E+000));
#2144 = VECTOR('',#2145,1.);
#2145 = DIRECTION('',(0.E+000,-1.));
#2146 = ( GEOMETRIC_REPRESENTATION_CONTEXT(2) 
PARAMETRIC_REPRESENTATION_CONTEXT() REPRESENTATION_CONTEXT('2D SPACE',''
  ) );
#2147 = PCURVE('',#2148,#2153);
#2148 = PLANE('',#2149);
#2149 = AXIS2_PLACEMENT_3D('',#2150,#2151,#2152);
#2150 = CARTESIAN_POINT('',(63.98252634,28.9933634,0.E+000));
#2151 = DIRECTION('',(-0.649448530077,-0.760405554149,0.E+000));
#2152 = DIRECTION('',(-0.760405554149,0.649448530077,0.E+000));
#2153 = DEFINITIONAL_REPRESENTATION('',(#2154),#2158);
#2154 = LINE('',#2155,#2156);
#2155 = CARTESIAN_POINT('',(0.E+000,0.E+000));
#2156 = VECTOR('',#2157,1.);
#2157 = DIRECTION('',(0.E+000,-1.));
#2158 = ( GEOMETRIC_REPRESENTATION_CONTEXT(2) 
PARAMETRIC_REPRESENTATION_CONTEXT() REPRESENTATION_CONTEXT('2D SPACE',''
  ) );
#2159 = ORIENTED_EDGE('',*,*,#2160,.F.);
#2160 = EDGE_CURVE('',#2057,#2133,#2161,.T.);
#2161 = SURFACE_CURVE('',#2162,(#2166,#2173),.PCURVE_S1.);
#2162 = LINE('',#2163,#2164);
#2163 = CARTESIAN_POINT('',(64.34031582,28.57444628,0.E+000));
#2164 = VECTOR('',#2165,1.);
#2165 = DIRECTION('',(-0.649448530077,0.760405554149,0.E+000));
#2166 = PCURVE('',#2072,#2167);
#2167 = DEFINITIONAL_REPRESENTATION('',(#2168),#2172);
#2168 = LINE('',#2169,#2170);
#2169 = CARTESIAN_POINT('',(0.E+000,0.E+000));
#2170 = VECTOR('',#2171,1.);
#2171 = DIRECTION('',(1.,0.E+000));
#2172 = ( GEOMETRIC_REPRESENTATION_CONTEXT(2) 
PARAMETRIC_REPRESENTATION_CONTEXT() REPRESENTATION_CONTEXT('2D SPACE',''
  ) );
#2173 = PCURVE('',#269,#2174);
#2174 = DEFINITIONAL_REPRESENTATION('',(#2175),#2179);
#2175 = LINE('',#2176,#2177);
#2176 = CARTESIAN_POINT('',(-64.30791304,25.61282406));
#2177 = VECTOR('',#2178,1.);
#2178 = DIRECTION('',(0.649448530077,0.760405554149));
#2179 = ( GEOMETRIC_REPRESENTATION_CONTEXT(2) 
PARAMETRIC_REPRESENTATION_CONTEXT() REPRESENTATION_CONTEXT('2D SPACE',''
  ) );
#2180 = ADVANCED_FACE('',(#2181),#2148,.F.);
#2181 = FACE_BOUND('',#2182,.F.);
#2182 = EDGE_LOOP('',(#2183,#2184,#2207,#2235));
#2183 = ORIENTED_EDGE('',*,*,#2132,.T.);
#2184 = ORIENTED_EDGE('',*,*,#2185,.T.);
#2185 = EDGE_CURVE('',#2110,#2186,#2188,.T.);
#2186 = VERTEX_POINT('',#2187);
#2187 = CARTESIAN_POINT('',(63.56360922,29.35115288,0.41148));
#2188 = SURFACE_CURVE('',#2189,(#2193,#2200),.PCURVE_S1.);
#2189 = LINE('',#2190,#2191);
#2190 = CARTESIAN_POINT('',(63.98252634,28.9933634,0.41148));
#2191 = VECTOR('',#2192,1.);
#2192 = DIRECTION('',(-0.760405554149,0.649448530077,0.E+000));
#2193 = PCURVE('',#2148,#2194);
#2194 = DEFINITIONAL_REPRESENTATION('',(#2195),#2199);
#2195 = LINE('',#2196,#2197);
#2196 = CARTESIAN_POINT('',(0.E+000,-0.41148));
#2197 = VECTOR('',#2198,1.);
#2198 = DIRECTION('',(1.,0.E+000));
#2199 = ( GEOMETRIC_REPRESENTATION_CONTEXT(2) 
PARAMETRIC_REPRESENTATION_CONTEXT() REPRESENTATION_CONTEXT('2D SPACE',''
  ) );
#2200 = PCURVE('',#215,#2201);
#2201 = DEFINITIONAL_REPRESENTATION('',(#2202),#2206);
#2202 = LINE('',#2203,#2204);
#2203 = CARTESIAN_POINT('',(-63.95012356,26.03174118));
#2204 = VECTOR('',#2205,1.);
#2205 = DIRECTION('',(0.760405554149,0.649448530077));
#2206 = ( GEOMETRIC_REPRESENTATION_CONTEXT(2) 
PARAMETRIC_REPRESENTATION_CONTEXT() REPRESENTATION_CONTEXT('2D SPACE',''
  ) );
#2207 = ORIENTED_EDGE('',*,*,#2208,.F.);
#2208 = EDGE_CURVE('',#2209,#2186,#2211,.T.);
#2209 = VERTEX_POINT('',#2210);
#2210 = CARTESIAN_POINT('',(63.56360922,29.35115288,0.E+000));
#2211 = SURFACE_CURVE('',#2212,(#2216,#2223),.PCURVE_S1.);
#2212 = LINE('',#2213,#2214);
#2213 = CARTESIAN_POINT('',(63.56360922,29.35115288,0.E+000));
#2214 = VECTOR('',#2215,1.);
#2215 = DIRECTION('',(0.E+000,0.E+000,1.));
#2216 = PCURVE('',#2148,#2217);
#2217 = DEFINITIONAL_REPRESENTATION('',(#2218),#2222);
#2218 = LINE('',#2219,#2220);
#2219 = CARTESIAN_POINT('',(0.550912756639,0.E+000));
#2220 = VECTOR('',#2221,1.);
#2221 = DIRECTION('',(0.E+000,-1.));
#2222 = ( GEOMETRIC_REPRESENTATION_CONTEXT(2) 
PARAMETRIC_REPRESENTATION_CONTEXT() REPRESENTATION_CONTEXT('2D SPACE',''
  ) );
#2223 = PCURVE('',#2224,#2229);
#2224 = PLANE('',#2225);
#2225 = AXIS2_PLACEMENT_3D('',#2226,#2227,#2228);
#2226 = CARTESIAN_POINT('',(63.56360922,29.35115288,0.E+000));
#2227 = DIRECTION('',(-0.522498269241,-0.852640345421,0.E+000));
#2228 = DIRECTION('',(-0.852640345421,0.522498269241,0.E+000));
#2229 = DEFINITIONAL_REPRESENTATION('',(#2230),#2234);
#2230 = LINE('',#2231,#2232);
#2231 = CARTESIAN_POINT('',(0.E+000,0.E+000));
#2232 = VECTOR('',#2233,1.);
#2233 = DIRECTION('',(0.E+000,-1.));
#2234 = ( GEOMETRIC_REPRESENTATION_CONTEXT(2) 
PARAMETRIC_REPRESENTATION_CONTEXT() REPRESENTATION_CONTEXT('2D SPACE',''
  ) );
#2235 = ORIENTED_EDGE('',*,*,#2236,.F.);
#2236 = EDGE_CURVE('',#2133,#2209,#2237,.T.);
#2237 = SURFACE_CURVE('',#2238,(#2242,#2249),.PCURVE_S1.);
#2238 = LINE('',#2239,#2240);
#2239 = CARTESIAN_POINT('',(63.98252634,28.9933634,0.E+000));
#2240 = VECTOR('',#2241,1.);
#2241 = DIRECTION('',(-0.760405554149,0.649448530077,0.E+000));
#2242 = PCURVE('',#2148,#2243);
#2243 = DEFINITIONAL_REPRESENTATION('',(#2244),#2248);
#2244 = LINE('',#2245,#2246);
#2245 = CARTESIAN_POINT('',(0.E+000,0.E+000));
#2246 = VECTOR('',#2247,1.);
#2247 = DIRECTION('',(1.,0.E+000));
#2248 = ( GEOMETRIC_REPRESENTATION_CONTEXT(2) 
PARAMETRIC_REPRESENTATION_CONTEXT() REPRESENTATION_CONTEXT('2D SPACE',''
  ) );
#2249 = PCURVE('',#269,#2250);
#2250 = DEFINITIONAL_REPRESENTATION('',(#2251),#2255);
#2251 = LINE('',#2252,#2253);
#2252 = CARTESIAN_POINT('',(-63.95012356,26.03174118));
#2253 = VECTOR('',#2254,1.);
#2254 = DIRECTION('',(0.760405554149,0.649448530077));
#2255 = ( GEOMETRIC_REPRESENTATION_CONTEXT(2) 
PARAMETRIC_REPRESENTATION_CONTEXT() REPRESENTATION_CONTEXT('2D SPACE',''
  ) );
#2256 = ADVANCED_FACE('',(#2257),#2224,.F.);
#2257 = FACE_BOUND('',#2258,.F.);
#2258 = EDGE_LOOP('',(#2259,#2260,#2283,#2311));
#2259 = ORIENTED_EDGE('',*,*,#2208,.T.);
#2260 = ORIENTED_EDGE('',*,*,#2261,.T.);
#2261 = EDGE_CURVE('',#2186,#2262,#2264,.T.);
#2262 = VERTEX_POINT('',#2263);
#2263 = CARTESIAN_POINT('',(63.0938794,29.63900346,0.41148));
#2264 = SURFACE_CURVE('',#2265,(#2269,#2276),.PCURVE_S1.);
#2265 = LINE('',#2266,#2267);
#2266 = CARTESIAN_POINT('',(63.56360922,29.35115288,0.41148));
#2267 = VECTOR('',#2268,1.);
#2268 = DIRECTION('',(-0.852640345421,0.522498269241,0.E+000));
#2269 = PCURVE('',#2224,#2270);
#2270 = DEFINITIONAL_REPRESENTATION('',(#2271),#2275);
#2271 = LINE('',#2272,#2273);
#2272 = CARTESIAN_POINT('',(0.E+000,-0.41148));
#2273 = VECTOR('',#2274,1.);
#2274 = DIRECTION('',(1.,0.E+000));
#2275 = ( GEOMETRIC_REPRESENTATION_CONTEXT(2) 
PARAMETRIC_REPRESENTATION_CONTEXT() REPRESENTATION_CONTEXT('2D SPACE',''
  ) );
#2276 = PCURVE('',#215,#2277);
#2277 = DEFINITIONAL_REPRESENTATION('',(#2278),#2282);
#2278 = LINE('',#2279,#2280);
#2279 = CARTESIAN_POINT('',(-63.53120644,26.38953066));
#2280 = VECTOR('',#2281,1.);
#2281 = DIRECTION('',(0.852640345421,0.522498269241));
#2282 = ( GEOMETRIC_REPRESENTATION_CONTEXT(2) 
PARAMETRIC_REPRESENTATION_CONTEXT() REPRESENTATION_CONTEXT('2D SPACE',''
  ) );
#2283 = ORIENTED_EDGE('',*,*,#2284,.F.);
#2284 = EDGE_CURVE('',#2285,#2262,#2287,.T.);
#2285 = VERTEX_POINT('',#2286);
#2286 = CARTESIAN_POINT('',(63.0938794,29.63900346,0.E+000));
#2287 = SURFACE_CURVE('',#2288,(#2292,#2299),.PCURVE_S1.);
#2288 = LINE('',#2289,#2290);
#2289 = CARTESIAN_POINT('',(63.0938794,29.63900346,0.E+000));
#2290 = VECTOR('',#2291,1.);
#2291 = DIRECTION('',(0.E+000,0.E+000,1.));
#2292 = PCURVE('',#2224,#2293);
#2293 = DEFINITIONAL_REPRESENTATION('',(#2294),#2298);
#2294 = LINE('',#2295,#2296);
#2295 = CARTESIAN_POINT('',(0.55091202583,0.E+000));
#2296 = VECTOR('',#2297,1.);
#2297 = DIRECTION('',(0.E+000,-1.));
#2298 = ( GEOMETRIC_REPRESENTATION_CONTEXT(2) 
PARAMETRIC_REPRESENTATION_CONTEXT() REPRESENTATION_CONTEXT('2D SPACE',''
  ) );
#2299 = PCURVE('',#2300,#2305);
#2300 = PLANE('',#2301);
#2301 = AXIS2_PLACEMENT_3D('',#2302,#2303,#2304);
#2302 = CARTESIAN_POINT('',(63.0938794,29.63900346,0.E+000));
#2303 = DIRECTION('',(-0.382684335595,-0.923879158381,0.E+000));
#2304 = DIRECTION('',(-0.923879158381,0.382684335595,0.E+000));
#2305 = DEFINITIONAL_REPRESENTATION('',(#2306),#2310);
#2306 = LINE('',#2307,#2308);
#2307 = CARTESIAN_POINT('',(0.E+000,0.E+000));
#2308 = VECTOR('',#2309,1.);
#2309 = DIRECTION('',(0.E+000,-1.));
#2310 = ( GEOMETRIC_REPRESENTATION_CONTEXT(2) 
PARAMETRIC_REPRESENTATION_CONTEXT() REPRESENTATION_CONTEXT('2D SPACE',''
  ) );
#2311 = ORIENTED_EDGE('',*,*,#2312,.F.);
#2312 = EDGE_CURVE('',#2209,#2285,#2313,.T.);
#2313 = SURFACE_CURVE('',#2314,(#2318,#2325),.PCURVE_S1.);
#2314 = LINE('',#2315,#2316);
#2315 = CARTESIAN_POINT('',(63.56360922,29.35115288,0.E+000));
#2316 = VECTOR('',#2317,1.);
#2317 = DIRECTION('',(-0.852640345421,0.522498269241,0.E+000));
#2318 = PCURVE('',#2224,#2319);
#2319 = DEFINITIONAL_REPRESENTATION('',(#2320),#2324);
#2320 = LINE('',#2321,#2322);
#2321 = CARTESIAN_POINT('',(0.E+000,0.E+000));
#2322 = VECTOR('',#2323,1.);
#2323 = DIRECTION('',(1.,0.E+000));
#2324 = ( GEOMETRIC_REPRESENTATION_CONTEXT(2) 
PARAMETRIC_REPRESENTATION_CONTEXT() REPRESENTATION_CONTEXT('2D SPACE',''
  ) );
#2325 = PCURVE('',#269,#2326);
#2326 = DEFINITIONAL_REPRESENTATION('',(#2327),#2331);
#2327 = LINE('',#2328,#2329);
#2328 = CARTESIAN_POINT('',(-63.53120644,26.38953066));
#2329 = VECTOR('',#2330,1.);
#2330 = DIRECTION('',(0.852640345421,0.522498269241));
#2331 = ( GEOMETRIC_REPRESENTATION_CONTEXT(2) 
PARAMETRIC_REPRESENTATION_CONTEXT() REPRESENTATION_CONTEXT('2D SPACE',''
  ) );
#2332 = ADVANCED_FACE('',(#2333),#2300,.F.);
#2333 = FACE_BOUND('',#2334,.F.);
#2334 = EDGE_LOOP('',(#2335,#2336,#2359,#2387));
#2335 = ORIENTED_EDGE('',*,*,#2284,.T.);
#2336 = ORIENTED_EDGE('',*,*,#2337,.T.);
#2337 = EDGE_CURVE('',#2262,#2338,#2340,.T.);
#2338 = VERTEX_POINT('',#2339);
#2339 = CARTESIAN_POINT('',(62.58490404,29.84982854,0.41148));
#2340 = SURFACE_CURVE('',#2341,(#2345,#2352),.PCURVE_S1.);
#2341 = LINE('',#2342,#2343);
#2342 = CARTESIAN_POINT('',(63.0938794,29.63900346,0.41148));
#2343 = VECTOR('',#2344,1.);
#2344 = DIRECTION('',(-0.923879158381,0.382684335595,0.E+000));
#2345 = PCURVE('',#2300,#2346);
#2346 = DEFINITIONAL_REPRESENTATION('',(#2347),#2351);
#2347 = LINE('',#2348,#2349);
#2348 = CARTESIAN_POINT('',(0.E+000,-0.41148));
#2349 = VECTOR('',#2350,1.);
#2350 = DIRECTION('',(1.,0.E+000));
#2351 = ( GEOMETRIC_REPRESENTATION_CONTEXT(2) 
PARAMETRIC_REPRESENTATION_CONTEXT() REPRESENTATION_CONTEXT('2D SPACE',''
  ) );
#2352 = PCURVE('',#215,#2353);
#2353 = DEFINITIONAL_REPRESENTATION('',(#2354),#2358);
#2354 = LINE('',#2355,#2356);
#2355 = CARTESIAN_POINT('',(-63.06147662,26.67738124));
#2356 = VECTOR('',#2357,1.);
#2357 = DIRECTION('',(0.923879158381,0.382684335595));
#2358 = ( GEOMETRIC_REPRESENTATION_CONTEXT(2) 
PARAMETRIC_REPRESENTATION_CONTEXT() REPRESENTATION_CONTEXT('2D SPACE',''
  ) );
#2359 = ORIENTED_EDGE('',*,*,#2360,.F.);
#2360 = EDGE_CURVE('',#2361,#2338,#2363,.T.);
#2361 = VERTEX_POINT('',#2362);
#2362 = CARTESIAN_POINT('',(62.58490404,29.84982854,0.E+000));
#2363 = SURFACE_CURVE('',#2364,(#2368,#2375),.PCURVE_S1.);
#2364 = LINE('',#2365,#2366);
#2365 = CARTESIAN_POINT('',(62.58490404,29.84982854,0.E+000));
#2366 = VECTOR('',#2367,1.);
#2367 = DIRECTION('',(0.E+000,0.E+000,1.));
#2368 = PCURVE('',#2300,#2369);
#2369 = DEFINITIONAL_REPRESENTATION('',(#2370),#2374);
#2370 = LINE('',#2371,#2372);
#2371 = CARTESIAN_POINT('',(0.5509111829,0.E+000));
#2372 = VECTOR('',#2373,1.);
#2373 = DIRECTION('',(0.E+000,-1.));
#2374 = ( GEOMETRIC_REPRESENTATION_CONTEXT(2) 
PARAMETRIC_REPRESENTATION_CONTEXT() REPRESENTATION_CONTEXT('2D SPACE',''
  ) );
#2375 = PCURVE('',#2376,#2381);
#2376 = PLANE('',#2377);
#2377 = AXIS2_PLACEMENT_3D('',#2378,#2379,#2380);
#2378 = CARTESIAN_POINT('',(62.58490404,29.84982854,0.E+000));
#2379 = DIRECTION('',(-0.233444969571,-0.972370015057,0.E+000));
#2380 = DIRECTION('',(-0.972370015057,0.233444969571,0.E+000));
#2381 = DEFINITIONAL_REPRESENTATION('',(#2382),#2386);
#2382 = LINE('',#2383,#2384);
#2383 = CARTESIAN_POINT('',(0.E+000,0.E+000));
#2384 = VECTOR('',#2385,1.);
#2385 = DIRECTION('',(0.E+000,-1.));
#2386 = ( GEOMETRIC_REPRESENTATION_CONTEXT(2) 
PARAMETRIC_REPRESENTATION_CONTEXT() REPRESENTATION_CONTEXT('2D SPACE',''
  ) );
#2387 = ORIENTED_EDGE('',*,*,#2388,.F.);
#2388 = EDGE_CURVE('',#2285,#2361,#2389,.T.);
#2389 = SURFACE_CURVE('',#2390,(#2394,#2401),.PCURVE_S1.);
#2390 = LINE('',#2391,#2392);
#2391 = CARTESIAN_POINT('',(63.0938794,29.63900346,0.E+000));
#2392 = VECTOR('',#2393,1.);
#2393 = DIRECTION('',(-0.923879158381,0.382684335595,0.E+000));
#2394 = PCURVE('',#2300,#2395);
#2395 = DEFINITIONAL_REPRESENTATION('',(#2396),#2400);
#2396 = LINE('',#2397,#2398);
#2397 = CARTESIAN_POINT('',(0.E+000,0.E+000));
#2398 = VECTOR('',#2399,1.);
#2399 = DIRECTION('',(1.,0.E+000));
#2400 = ( GEOMETRIC_REPRESENTATION_CONTEXT(2) 
PARAMETRIC_REPRESENTATION_CONTEXT() REPRESENTATION_CONTEXT('2D SPACE',''
  ) );
#2401 = PCURVE('',#269,#2402);
#2402 = DEFINITIONAL_REPRESENTATION('',(#2403),#2407);
#2403 = LINE('',#2404,#2405);
#2404 = CARTESIAN_POINT('',(-63.06147662,26.67738124));
#2405 = VECTOR('',#2406,1.);
#2406 = DIRECTION('',(0.923879158381,0.382684335595));
#2407 = ( GEOMETRIC_REPRESENTATION_CONTEXT(2) 
PARAMETRIC_REPRESENTATION_CONTEXT() REPRESENTATION_CONTEXT('2D SPACE',''
  ) );
#2408 = ADVANCED_FACE('',(#2409),#2376,.F.);
#2409 = FACE_BOUND('',#2410,.F.);
#2410 = EDGE_LOOP('',(#2411,#2412,#2435,#2463));
#2411 = ORIENTED_EDGE('',*,*,#2360,.T.);
#2412 = ORIENTED_EDGE('',*,*,#2413,.T.);
#2413 = EDGE_CURVE('',#2338,#2414,#2416,.T.);
#2414 = VERTEX_POINT('',#2415);
#2415 = CARTESIAN_POINT('',(62.04921296,29.97843636,0.41148));
#2416 = SURFACE_CURVE('',#2417,(#2421,#2428),.PCURVE_S1.);
#2417 = LINE('',#2418,#2419);
#2418 = CARTESIAN_POINT('',(62.58490404,29.84982854,0.41148));
#2419 = VECTOR('',#2420,1.);
#2420 = DIRECTION('',(-0.972370015057,0.233444969571,0.E+000));
#2421 = PCURVE('',#2376,#2422);
#2422 = DEFINITIONAL_REPRESENTATION('',(#2423),#2427);
#2423 = LINE('',#2424,#2425);
#2424 = CARTESIAN_POINT('',(0.E+000,-0.41148));
#2425 = VECTOR('',#2426,1.);
#2426 = DIRECTION('',(1.,0.E+000));
#2427 = ( GEOMETRIC_REPRESENTATION_CONTEXT(2) 
PARAMETRIC_REPRESENTATION_CONTEXT() REPRESENTATION_CONTEXT('2D SPACE',''
  ) );
#2428 = PCURVE('',#215,#2429);
#2429 = DEFINITIONAL_REPRESENTATION('',(#2430),#2434);
#2430 = LINE('',#2431,#2432);
#2431 = CARTESIAN_POINT('',(-62.55250126,26.88820632));
#2432 = VECTOR('',#2433,1.);
#2433 = DIRECTION('',(0.972370015057,0.233444969571));
#2434 = ( GEOMETRIC_REPRESENTATION_CONTEXT(2) 
PARAMETRIC_REPRESENTATION_CONTEXT() REPRESENTATION_CONTEXT('2D SPACE',''
  ) );
#2435 = ORIENTED_EDGE('',*,*,#2436,.F.);
#2436 = EDGE_CURVE('',#2437,#2414,#2439,.T.);
#2437 = VERTEX_POINT('',#2438);
#2438 = CARTESIAN_POINT('',(62.04921296,29.97843636,0.E+000));
#2439 = SURFACE_CURVE('',#2440,(#2444,#2451),.PCURVE_S1.);
#2440 = LINE('',#2441,#2442);
#2441 = CARTESIAN_POINT('',(62.04921296,29.97843636,0.E+000));
#2442 = VECTOR('',#2443,1.);
#2443 = DIRECTION('',(0.E+000,0.E+000,1.));
#2444 = PCURVE('',#2376,#2445);
#2445 = DEFINITIONAL_REPRESENTATION('',(#2446),#2450);
#2446 = LINE('',#2447,#2448);
#2447 = CARTESIAN_POINT('',(0.550912792152,0.E+000));
#2448 = VECTOR('',#2449,1.);
#2449 = DIRECTION('',(0.E+000,-1.));
#2450 = ( GEOMETRIC_REPRESENTATION_CONTEXT(2) 
PARAMETRIC_REPRESENTATION_CONTEXT() REPRESENTATION_CONTEXT('2D SPACE',''
  ) );
#2451 = PCURVE('',#2452,#2457);
#2452 = PLANE('',#2453);
#2453 = AXIS2_PLACEMENT_3D('',#2454,#2455,#2456);
#2454 = CARTESIAN_POINT('',(62.04921296,29.97843636,0.E+000));
#2455 = DIRECTION('',(-7.845746787271E-002,-0.996917461847,0.E+000));
#2456 = DIRECTION('',(-0.996917461847,7.845746787271E-002,0.E+000));
#2457 = DEFINITIONAL_REPRESENTATION('',(#2458),#2462);
#2458 = LINE('',#2459,#2460);
#2459 = CARTESIAN_POINT('',(0.E+000,0.E+000));
#2460 = VECTOR('',#2461,1.);
#2461 = DIRECTION('',(0.E+000,-1.));
#2462 = ( GEOMETRIC_REPRESENTATION_CONTEXT(2) 
PARAMETRIC_REPRESENTATION_CONTEXT() REPRESENTATION_CONTEXT('2D SPACE',''
  ) );
#2463 = ORIENTED_EDGE('',*,*,#2464,.F.);
#2464 = EDGE_CURVE('',#2361,#2437,#2465,.T.);
#2465 = SURFACE_CURVE('',#2466,(#2470,#2477),.PCURVE_S1.);
#2466 = LINE('',#2467,#2468);
#2467 = CARTESIAN_POINT('',(62.58490404,29.84982854,0.E+000));
#2468 = VECTOR('',#2469,1.);
#2469 = DIRECTION('',(-0.972370015057,0.233444969571,0.E+000));
#2470 = PCURVE('',#2376,#2471);
#2471 = DEFINITIONAL_REPRESENTATION('',(#2472),#2476);
#2472 = LINE('',#2473,#2474);
#2473 = CARTESIAN_POINT('',(0.E+000,0.E+000));
#2474 = VECTOR('',#2475,1.);
#2475 = DIRECTION('',(1.,0.E+000));
#2476 = ( GEOMETRIC_REPRESENTATION_CONTEXT(2) 
PARAMETRIC_REPRESENTATION_CONTEXT() REPRESENTATION_CONTEXT('2D SPACE',''
  ) );
#2477 = PCURVE('',#269,#2478);
#2478 = DEFINITIONAL_REPRESENTATION('',(#2479),#2483);
#2479 = LINE('',#2480,#2481);
#2480 = CARTESIAN_POINT('',(-62.55250126,26.88820632));
#2481 = VECTOR('',#2482,1.);
#2482 = DIRECTION('',(0.972370015057,0.233444969571));
#2483 = ( GEOMETRIC_REPRESENTATION_CONTEXT(2) 
PARAMETRIC_REPRESENTATION_CONTEXT() REPRESENTATION_CONTEXT('2D SPACE',''
  ) );
#2484 = ADVANCED_FACE('',(#2485),#2452,.F.);
#2485 = FACE_BOUND('',#2486,.F.);
#2486 = EDGE_LOOP('',(#2487,#2488,#2511,#2539));
#2487 = ORIENTED_EDGE('',*,*,#2436,.T.);
#2488 = ORIENTED_EDGE('',*,*,#2489,.T.);
#2489 = EDGE_CURVE('',#2414,#2490,#2492,.T.);
#2490 = VERTEX_POINT('',#2491);
#2491 = CARTESIAN_POINT('',(61.49999892,30.02165954,0.41148));
#2492 = SURFACE_CURVE('',#2493,(#2497,#2504),.PCURVE_S1.);
#2493 = LINE('',#2494,#2495);
#2494 = CARTESIAN_POINT('',(62.04921296,29.97843636,0.41148));
#2495 = VECTOR('',#2496,1.);
#2496 = DIRECTION('',(-0.996917461847,7.845746787271E-002,0.E+000));
#2497 = PCURVE('',#2452,#2498);
#2498 = DEFINITIONAL_REPRESENTATION('',(#2499),#2503);
#2499 = LINE('',#2500,#2501);
#2500 = CARTESIAN_POINT('',(0.E+000,-0.41148));
#2501 = VECTOR('',#2502,1.);
#2502 = DIRECTION('',(1.,0.E+000));
#2503 = ( GEOMETRIC_REPRESENTATION_CONTEXT(2) 
PARAMETRIC_REPRESENTATION_CONTEXT() REPRESENTATION_CONTEXT('2D SPACE',''
  ) );
#2504 = PCURVE('',#215,#2505);
#2505 = DEFINITIONAL_REPRESENTATION('',(#2506),#2510);
#2506 = LINE('',#2507,#2508);
#2507 = CARTESIAN_POINT('',(-62.01681018,27.01681414));
#2508 = VECTOR('',#2509,1.);
#2509 = DIRECTION('',(0.996917461847,7.845746787271E-002));
#2510 = ( GEOMETRIC_REPRESENTATION_CONTEXT(2) 
PARAMETRIC_REPRESENTATION_CONTEXT() REPRESENTATION_CONTEXT('2D SPACE',''
  ) );
#2511 = ORIENTED_EDGE('',*,*,#2512,.F.);
#2512 = EDGE_CURVE('',#2513,#2490,#2515,.T.);
#2513 = VERTEX_POINT('',#2514);
#2514 = CARTESIAN_POINT('',(61.49999892,30.02165954,0.E+000));
#2515 = SURFACE_CURVE('',#2516,(#2520,#2527),.PCURVE_S1.);
#2516 = LINE('',#2517,#2518);
#2517 = CARTESIAN_POINT('',(61.49999892,30.02165954,0.E+000));
#2518 = VECTOR('',#2519,1.);
#2519 = DIRECTION('',(0.E+000,0.E+000,1.));
#2520 = PCURVE('',#2452,#2521);
#2521 = DEFINITIONAL_REPRESENTATION('',(#2522),#2526);
#2522 = LINE('',#2523,#2524);
#2523 = CARTESIAN_POINT('',(0.550912248024,0.E+000));
#2524 = VECTOR('',#2525,1.);
#2525 = DIRECTION('',(0.E+000,-1.));
#2526 = ( GEOMETRIC_REPRESENTATION_CONTEXT(2) 
PARAMETRIC_REPRESENTATION_CONTEXT() REPRESENTATION_CONTEXT('2D SPACE',''
  ) );
#2527 = PCURVE('',#2528,#2533);
#2528 = PLANE('',#2529);
#2529 = AXIS2_PLACEMENT_3D('',#2530,#2531,#2532);
#2530 = CARTESIAN_POINT('',(61.49999892,30.02165954,0.E+000));
#2531 = DIRECTION('',(1.8625212829E-004,-0.999999982655,0.E+000));
#2532 = DIRECTION('',(-0.999999982655,-1.8625212829E-004,0.E+000));
#2533 = DEFINITIONAL_REPRESENTATION('',(#2534),#2538);
#2534 = LINE('',#2535,#2536);
#2535 = CARTESIAN_POINT('',(0.E+000,0.E+000));
#2536 = VECTOR('',#2537,1.);
#2537 = DIRECTION('',(0.E+000,-1.));
#2538 = ( GEOMETRIC_REPRESENTATION_CONTEXT(2) 
PARAMETRIC_REPRESENTATION_CONTEXT() REPRESENTATION_CONTEXT('2D SPACE',''
  ) );
#2539 = ORIENTED_EDGE('',*,*,#2540,.F.);
#2540 = EDGE_CURVE('',#2437,#2513,#2541,.T.);
#2541 = SURFACE_CURVE('',#2542,(#2546,#2553),.PCURVE_S1.);
#2542 = LINE('',#2543,#2544);
#2543 = CARTESIAN_POINT('',(62.04921296,29.97843636,0.E+000));
#2544 = VECTOR('',#2545,1.);
#2545 = DIRECTION('',(-0.996917461847,7.845746787271E-002,0.E+000));
#2546 = PCURVE('',#2452,#2547);
#2547 = DEFINITIONAL_REPRESENTATION('',(#2548),#2552);
#2548 = LINE('',#2549,#2550);
#2549 = CARTESIAN_POINT('',(0.E+000,0.E+000));
#2550 = VECTOR('',#2551,1.);
#2551 = DIRECTION('',(1.,0.E+000));
#2552 = ( GEOMETRIC_REPRESENTATION_CONTEXT(2) 
PARAMETRIC_REPRESENTATION_CONTEXT() REPRESENTATION_CONTEXT('2D SPACE',''
  ) );
#2553 = PCURVE('',#269,#2554);
#2554 = DEFINITIONAL_REPRESENTATION('',(#2555),#2559);
#2555 = LINE('',#2556,#2557);
#2556 = CARTESIAN_POINT('',(-62.01681018,27.01681414));
#2557 = VECTOR('',#2558,1.);
#2558 = DIRECTION('',(0.996917461847,7.845746787271E-002));
#2559 = ( GEOMETRIC_REPRESENTATION_CONTEXT(2) 
PARAMETRIC_REPRESENTATION_CONTEXT() REPRESENTATION_CONTEXT('2D SPACE',''
  ) );
#2560 = ADVANCED_FACE('',(#2561),#2528,.F.);
#2561 = FACE_BOUND('',#2562,.F.);
#2562 = EDGE_LOOP('',(#2563,#2564,#2587,#2615));
#2563 = ORIENTED_EDGE('',*,*,#2512,.T.);
#2564 = ORIENTED_EDGE('',*,*,#2565,.T.);
#2565 = EDGE_CURVE('',#2490,#2566,#2568,.T.);
#2566 = VERTEX_POINT('',#2567);
#2567 = CARTESIAN_POINT('',(3.5000184,30.01085692,0.41148));
#2568 = SURFACE_CURVE('',#2569,(#2573,#2580),.PCURVE_S1.);
#2569 = LINE('',#2570,#2571);
#2570 = CARTESIAN_POINT('',(61.49999892,30.02165954,0.41148));
#2571 = VECTOR('',#2572,1.);
#2572 = DIRECTION('',(-0.999999982655,-1.8625212829E-004,0.E+000));
#2573 = PCURVE('',#2528,#2574);
#2574 = DEFINITIONAL_REPRESENTATION('',(#2575),#2579);
#2575 = LINE('',#2576,#2577);
#2576 = CARTESIAN_POINT('',(0.E+000,-0.41148));
#2577 = VECTOR('',#2578,1.);
#2578 = DIRECTION('',(1.,0.E+000));
#2579 = ( GEOMETRIC_REPRESENTATION_CONTEXT(2) 
PARAMETRIC_REPRESENTATION_CONTEXT() REPRESENTATION_CONTEXT('2D SPACE',''
  ) );
#2580 = PCURVE('',#215,#2581);
#2581 = DEFINITIONAL_REPRESENTATION('',(#2582),#2586);
#2582 = LINE('',#2583,#2584);
#2583 = CARTESIAN_POINT('',(-61.46759614,27.06003732));
#2584 = VECTOR('',#2585,1.);
#2585 = DIRECTION('',(0.999999982655,-1.8625212829E-004));
#2586 = ( GEOMETRIC_REPRESENTATION_CONTEXT(2) 
PARAMETRIC_REPRESENTATION_CONTEXT() REPRESENTATION_CONTEXT('2D SPACE',''
  ) );
#2587 = ORIENTED_EDGE('',*,*,#2588,.F.);
#2588 = EDGE_CURVE('',#2589,#2566,#2591,.T.);
#2589 = VERTEX_POINT('',#2590);
#2590 = CARTESIAN_POINT('',(3.5000184,30.01085692,0.E+000));
#2591 = SURFACE_CURVE('',#2592,(#2596,#2603),.PCURVE_S1.);
#2592 = LINE('',#2593,#2594);
#2593 = CARTESIAN_POINT('',(3.5000184,30.01085692,0.E+000));
#2594 = VECTOR('',#2595,1.);
#2595 = DIRECTION('',(0.E+000,0.E+000,1.));
#2596 = PCURVE('',#2528,#2597);
#2597 = DEFINITIONAL_REPRESENTATION('',(#2598),#2602);
#2598 = LINE('',#2599,#2600);
#2599 = CARTESIAN_POINT('',(57.999981526005,0.E+000));
#2600 = VECTOR('',#2601,1.);
#2601 = DIRECTION('',(0.E+000,-1.));
#2602 = ( GEOMETRIC_REPRESENTATION_CONTEXT(2) 
PARAMETRIC_REPRESENTATION_CONTEXT() REPRESENTATION_CONTEXT('2D SPACE',''
  ) );
#2603 = PCURVE('',#2604,#2609);
#2604 = PLANE('',#2605);
#2605 = AXIS2_PLACEMENT_3D('',#2606,#2607,#2608);
#2606 = CARTESIAN_POINT('',(3.5000184,30.01085692,0.E+000));
#2607 = DIRECTION('',(5.892661685597E-002,-0.998262317142,0.E+000));
#2608 = DIRECTION('',(-0.998262317142,-5.892661685597E-002,0.E+000));
#2609 = DEFINITIONAL_REPRESENTATION('',(#2610),#2614);
#2610 = LINE('',#2611,#2612);
#2611 = CARTESIAN_POINT('',(0.E+000,0.E+000));
#2612 = VECTOR('',#2613,1.);
#2613 = DIRECTION('',(0.E+000,-1.));
#2614 = ( GEOMETRIC_REPRESENTATION_CONTEXT(2) 
PARAMETRIC_REPRESENTATION_CONTEXT() REPRESENTATION_CONTEXT('2D SPACE',''
  ) );
#2615 = ORIENTED_EDGE('',*,*,#2616,.F.);
#2616 = EDGE_CURVE('',#2513,#2589,#2617,.T.);
#2617 = SURFACE_CURVE('',#2618,(#2622,#2629),.PCURVE_S1.);
#2618 = LINE('',#2619,#2620);
#2619 = CARTESIAN_POINT('',(61.49999892,30.02165954,0.E+000));
#2620 = VECTOR('',#2621,1.);
#2621 = DIRECTION('',(-0.999999982655,-1.8625212829E-004,0.E+000));
#2622 = PCURVE('',#2528,#2623);
#2623 = DEFINITIONAL_REPRESENTATION('',(#2624),#2628);
#2624 = LINE('',#2625,#2626);
#2625 = CARTESIAN_POINT('',(0.E+000,0.E+000));
#2626 = VECTOR('',#2627,1.);
#2627 = DIRECTION('',(1.,0.E+000));
#2628 = ( GEOMETRIC_REPRESENTATION_CONTEXT(2) 
PARAMETRIC_REPRESENTATION_CONTEXT() REPRESENTATION_CONTEXT('2D SPACE',''
  ) );
#2629 = PCURVE('',#269,#2630);
#2630 = DEFINITIONAL_REPRESENTATION('',(#2631),#2635);
#2631 = LINE('',#2632,#2633);
#2632 = CARTESIAN_POINT('',(-61.46759614,27.06003732));
#2633 = VECTOR('',#2634,1.);
#2634 = DIRECTION('',(0.999999982655,-1.8625212829E-004));
#2635 = ( GEOMETRIC_REPRESENTATION_CONTEXT(2) 
PARAMETRIC_REPRESENTATION_CONTEXT() REPRESENTATION_CONTEXT('2D SPACE',''
  ) );
#2636 = ADVANCED_FACE('',(#2637),#2604,.F.);
#2637 = FACE_BOUND('',#2638,.F.);
#2638 = EDGE_LOOP('',(#2639,#2640,#2663,#2691));
#2639 = ORIENTED_EDGE('',*,*,#2588,.T.);
#2640 = ORIENTED_EDGE('',*,*,#2641,.T.);
#2641 = EDGE_CURVE('',#2566,#2642,#2644,.T.);
#2642 = VERTEX_POINT('',#2643);
#2643 = CARTESIAN_POINT('',(2.95078912,29.97843636,0.41148));
#2644 = SURFACE_CURVE('',#2645,(#2649,#2656),.PCURVE_S1.);
#2645 = LINE('',#2646,#2647);
#2646 = CARTESIAN_POINT('',(3.5000184,30.01085692,0.41148));
#2647 = VECTOR('',#2648,1.);
#2648 = DIRECTION('',(-0.998262317142,-5.892661685597E-002,0.E+000));
#2649 = PCURVE('',#2604,#2650);
#2650 = DEFINITIONAL_REPRESENTATION('',(#2651),#2655);
#2651 = LINE('',#2652,#2653);
#2652 = CARTESIAN_POINT('',(0.E+000,-0.41148));
#2653 = VECTOR('',#2654,1.);
#2654 = DIRECTION('',(1.,0.E+000));
#2655 = ( GEOMETRIC_REPRESENTATION_CONTEXT(2) 
PARAMETRIC_REPRESENTATION_CONTEXT() REPRESENTATION_CONTEXT('2D SPACE',''
  ) );
#2656 = PCURVE('',#215,#2657);
#2657 = DEFINITIONAL_REPRESENTATION('',(#2658),#2662);
#2658 = LINE('',#2659,#2660);
#2659 = CARTESIAN_POINT('',(-3.46761562,27.0492347));
#2660 = VECTOR('',#2661,1.);
#2661 = DIRECTION('',(0.998262317142,-5.892661685597E-002));
#2662 = ( GEOMETRIC_REPRESENTATION_CONTEXT(2) 
PARAMETRIC_REPRESENTATION_CONTEXT() REPRESENTATION_CONTEXT('2D SPACE',''
  ) );
#2663 = ORIENTED_EDGE('',*,*,#2664,.F.);
#2664 = EDGE_CURVE('',#2665,#2642,#2667,.T.);
#2665 = VERTEX_POINT('',#2666);
#2666 = CARTESIAN_POINT('',(2.95078912,29.97843636,0.E+000));
#2667 = SURFACE_CURVE('',#2668,(#2672,#2679),.PCURVE_S1.);
#2668 = LINE('',#2669,#2670);
#2669 = CARTESIAN_POINT('',(2.95078912,29.97843636,0.E+000));
#2670 = VECTOR('',#2671,1.);
#2671 = DIRECTION('',(0.E+000,0.E+000,1.));
#2672 = PCURVE('',#2604,#2673);
#2673 = DEFINITIONAL_REPRESENTATION('',(#2674),#2678);
#2674 = LINE('',#2675,#2676);
#2675 = CARTESIAN_POINT('',(0.550185327612,0.E+000));
#2676 = VECTOR('',#2677,1.);
#2677 = DIRECTION('',(0.E+000,-1.));
#2678 = ( GEOMETRIC_REPRESENTATION_CONTEXT(2) 
PARAMETRIC_REPRESENTATION_CONTEXT() REPRESENTATION_CONTEXT('2D SPACE',''
  ) );
#2679 = PCURVE('',#2680,#2685);
#2680 = PLANE('',#2681);
#2681 = AXIS2_PLACEMENT_3D('',#2682,#2683,#2684);
#2682 = CARTESIAN_POINT('',(2.95078912,29.97843636,0.E+000));
#2683 = DIRECTION('',(0.233444969571,-0.972370015057,0.E+000));
#2684 = DIRECTION('',(-0.972370015057,-0.233444969571,0.E+000));
#2685 = DEFINITIONAL_REPRESENTATION('',(#2686),#2690);
#2686 = LINE('',#2687,#2688);
#2687 = CARTESIAN_POINT('',(0.E+000,0.E+000));
#2688 = VECTOR('',#2689,1.);
#2689 = DIRECTION('',(0.E+000,-1.));
#2690 = ( GEOMETRIC_REPRESENTATION_CONTEXT(2) 
PARAMETRIC_REPRESENTATION_CONTEXT() REPRESENTATION_CONTEXT('2D SPACE',''
  ) );
#2691 = ORIENTED_EDGE('',*,*,#2692,.F.);
#2692 = EDGE_CURVE('',#2589,#2665,#2693,.T.);
#2693 = SURFACE_CURVE('',#2694,(#2698,#2705),.PCURVE_S1.);
#2694 = LINE('',#2695,#2696);
#2695 = CARTESIAN_POINT('',(3.5000184,30.01085692,0.E+000));
#2696 = VECTOR('',#2697,1.);
#2697 = DIRECTION('',(-0.998262317142,-5.892661685597E-002,0.E+000));
#2698 = PCURVE('',#2604,#2699);
#2699 = DEFINITIONAL_REPRESENTATION('',(#2700),#2704);
#2700 = LINE('',#2701,#2702);
#2701 = CARTESIAN_POINT('',(0.E+000,0.E+000));
#2702 = VECTOR('',#2703,1.);
#2703 = DIRECTION('',(1.,0.E+000));
#2704 = ( GEOMETRIC_REPRESENTATION_CONTEXT(2) 
PARAMETRIC_REPRESENTATION_CONTEXT() REPRESENTATION_CONTEXT('2D SPACE',''
  ) );
#2705 = PCURVE('',#269,#2706);
#2706 = DEFINITIONAL_REPRESENTATION('',(#2707),#2711);
#2707 = LINE('',#2708,#2709);
#2708 = CARTESIAN_POINT('',(-3.46761562,27.0492347));
#2709 = VECTOR('',#2710,1.);
#2710 = DIRECTION('',(0.998262317142,-5.892661685597E-002));
#2711 = ( GEOMETRIC_REPRESENTATION_CONTEXT(2) 
PARAMETRIC_REPRESENTATION_CONTEXT() REPRESENTATION_CONTEXT('2D SPACE',''
  ) );
#2712 = ADVANCED_FACE('',(#2713),#2680,.F.);
#2713 = FACE_BOUND('',#2714,.F.);
#2714 = EDGE_LOOP('',(#2715,#2716,#2739,#2767));
#2715 = ORIENTED_EDGE('',*,*,#2664,.T.);
#2716 = ORIENTED_EDGE('',*,*,#2717,.T.);
#2717 = EDGE_CURVE('',#2642,#2718,#2720,.T.);
#2718 = VERTEX_POINT('',#2719);
#2719 = CARTESIAN_POINT('',(2.41509804,29.84982854,0.41148));
#2720 = SURFACE_CURVE('',#2721,(#2725,#2732),.PCURVE_S1.);
#2721 = LINE('',#2722,#2723);
#2722 = CARTESIAN_POINT('',(2.95078912,29.97843636,0.41148));
#2723 = VECTOR('',#2724,1.);
#2724 = DIRECTION('',(-0.972370015057,-0.233444969571,0.E+000));
#2725 = PCURVE('',#2680,#2726);
#2726 = DEFINITIONAL_REPRESENTATION('',(#2727),#2731);
#2727 = LINE('',#2728,#2729);
#2728 = CARTESIAN_POINT('',(0.E+000,-0.41148));
#2729 = VECTOR('',#2730,1.);
#2730 = DIRECTION('',(1.,0.E+000));
#2731 = ( GEOMETRIC_REPRESENTATION_CONTEXT(2) 
PARAMETRIC_REPRESENTATION_CONTEXT() REPRESENTATION_CONTEXT('2D SPACE',''
  ) );
#2732 = PCURVE('',#215,#2733);
#2733 = DEFINITIONAL_REPRESENTATION('',(#2734),#2738);
#2734 = LINE('',#2735,#2736);
#2735 = CARTESIAN_POINT('',(-2.91838634,27.01681414));
#2736 = VECTOR('',#2737,1.);
#2737 = DIRECTION('',(0.972370015057,-0.233444969571));
#2738 = ( GEOMETRIC_REPRESENTATION_CONTEXT(2) 
PARAMETRIC_REPRESENTATION_CONTEXT() REPRESENTATION_CONTEXT('2D SPACE',''
  ) );
#2739 = ORIENTED_EDGE('',*,*,#2740,.F.);
#2740 = EDGE_CURVE('',#2741,#2718,#2743,.T.);
#2741 = VERTEX_POINT('',#2742);
#2742 = CARTESIAN_POINT('',(2.41509804,29.84982854,0.E+000));
#2743 = SURFACE_CURVE('',#2744,(#2748,#2755),.PCURVE_S1.);
#2744 = LINE('',#2745,#2746);
#2745 = CARTESIAN_POINT('',(2.41509804,29.84982854,0.E+000));
#2746 = VECTOR('',#2747,1.);
#2747 = DIRECTION('',(0.E+000,0.E+000,1.));
#2748 = PCURVE('',#2680,#2749);
#2749 = DEFINITIONAL_REPRESENTATION('',(#2750),#2754);
#2750 = LINE('',#2751,#2752);
#2751 = CARTESIAN_POINT('',(0.550912792152,0.E+000));
#2752 = VECTOR('',#2753,1.);
#2753 = DIRECTION('',(0.E+000,-1.));
#2754 = ( GEOMETRIC_REPRESENTATION_CONTEXT(2) 
PARAMETRIC_REPRESENTATION_CONTEXT() REPRESENTATION_CONTEXT('2D SPACE',''
  ) );
#2755 = PCURVE('',#2756,#2761);
#2756 = PLANE('',#2757);
#2757 = AXIS2_PLACEMENT_3D('',#2758,#2759,#2760);
#2758 = CARTESIAN_POINT('',(2.41509804,29.84982854,0.E+000));
#2759 = DIRECTION('',(0.382684335595,-0.923879158381,0.E+000));
#2760 = DIRECTION('',(-0.923879158381,-0.382684335595,0.E+000));
#2761 = DEFINITIONAL_REPRESENTATION('',(#2762),#2766);
#2762 = LINE('',#2763,#2764);
#2763 = CARTESIAN_POINT('',(0.E+000,0.E+000));
#2764 = VECTOR('',#2765,1.);
#2765 = DIRECTION('',(0.E+000,-1.));
#2766 = ( GEOMETRIC_REPRESENTATION_CONTEXT(2) 
PARAMETRIC_REPRESENTATION_CONTEXT() REPRESENTATION_CONTEXT('2D SPACE',''
  ) );
#2767 = ORIENTED_EDGE('',*,*,#2768,.F.);
#2768 = EDGE_CURVE('',#2665,#2741,#2769,.T.);
#2769 = SURFACE_CURVE('',#2770,(#2774,#2781),.PCURVE_S1.);
#2770 = LINE('',#2771,#2772);
#2771 = CARTESIAN_POINT('',(2.95078912,29.97843636,0.E+000));
#2772 = VECTOR('',#2773,1.);
#2773 = DIRECTION('',(-0.972370015057,-0.233444969571,0.E+000));
#2774 = PCURVE('',#2680,#2775);
#2775 = DEFINITIONAL_REPRESENTATION('',(#2776),#2780);
#2776 = LINE('',#2777,#2778);
#2777 = CARTESIAN_POINT('',(0.E+000,0.E+000));
#2778 = VECTOR('',#2779,1.);
#2779 = DIRECTION('',(1.,0.E+000));
#2780 = ( GEOMETRIC_REPRESENTATION_CONTEXT(2) 
PARAMETRIC_REPRESENTATION_CONTEXT() REPRESENTATION_CONTEXT('2D SPACE',''
  ) );
#2781 = PCURVE('',#269,#2782);
#2782 = DEFINITIONAL_REPRESENTATION('',(#2783),#2787);
#2783 = LINE('',#2784,#2785);
#2784 = CARTESIAN_POINT('',(-2.91838634,27.01681414));
#2785 = VECTOR('',#2786,1.);
#2786 = DIRECTION('',(0.972370015057,-0.233444969571));
#2787 = ( GEOMETRIC_REPRESENTATION_CONTEXT(2) 
PARAMETRIC_REPRESENTATION_CONTEXT() REPRESENTATION_CONTEXT('2D SPACE',''
  ) );
#2788 = ADVANCED_FACE('',(#2789),#2756,.F.);
#2789 = FACE_BOUND('',#2790,.F.);
#2790 = EDGE_LOOP('',(#2791,#2792,#2815,#2843));
#2791 = ORIENTED_EDGE('',*,*,#2740,.T.);
#2792 = ORIENTED_EDGE('',*,*,#2793,.T.);
#2793 = EDGE_CURVE('',#2718,#2794,#2796,.T.);
#2794 = VERTEX_POINT('',#2795);
#2795 = CARTESIAN_POINT('',(1.90612268,29.63900346,0.41148));
#2796 = SURFACE_CURVE('',#2797,(#2801,#2808),.PCURVE_S1.);
#2797 = LINE('',#2798,#2799);
#2798 = CARTESIAN_POINT('',(2.41509804,29.84982854,0.41148));
#2799 = VECTOR('',#2800,1.);
#2800 = DIRECTION('',(-0.923879158381,-0.382684335595,0.E+000));
#2801 = PCURVE('',#2756,#2802);
#2802 = DEFINITIONAL_REPRESENTATION('',(#2803),#2807);
#2803 = LINE('',#2804,#2805);
#2804 = CARTESIAN_POINT('',(0.E+000,-0.41148));
#2805 = VECTOR('',#2806,1.);
#2806 = DIRECTION('',(1.,0.E+000));
#2807 = ( GEOMETRIC_REPRESENTATION_CONTEXT(2) 
PARAMETRIC_REPRESENTATION_CONTEXT() REPRESENTATION_CONTEXT('2D SPACE',''
  ) );
#2808 = PCURVE('',#215,#2809);
#2809 = DEFINITIONAL_REPRESENTATION('',(#2810),#2814);
#2810 = LINE('',#2811,#2812);
#2811 = CARTESIAN_POINT('',(-2.38269526,26.88820632));
#2812 = VECTOR('',#2813,1.);
#2813 = DIRECTION('',(0.923879158381,-0.382684335595));
#2814 = ( GEOMETRIC_REPRESENTATION_CONTEXT(2) 
PARAMETRIC_REPRESENTATION_CONTEXT() REPRESENTATION_CONTEXT('2D SPACE',''
  ) );
#2815 = ORIENTED_EDGE('',*,*,#2816,.F.);
#2816 = EDGE_CURVE('',#2817,#2794,#2819,.T.);
#2817 = VERTEX_POINT('',#2818);
#2818 = CARTESIAN_POINT('',(1.90612268,29.63900346,0.E+000));
#2819 = SURFACE_CURVE('',#2820,(#2824,#2831),.PCURVE_S1.);
#2820 = LINE('',#2821,#2822);
#2821 = CARTESIAN_POINT('',(1.90612268,29.63900346,0.E+000));
#2822 = VECTOR('',#2823,1.);
#2823 = DIRECTION('',(0.E+000,0.E+000,1.));
#2824 = PCURVE('',#2756,#2825);
#2825 = DEFINITIONAL_REPRESENTATION('',(#2826),#2830);
#2826 = LINE('',#2827,#2828);
#2827 = CARTESIAN_POINT('',(0.5509111829,0.E+000));
#2828 = VECTOR('',#2829,1.);
#2829 = DIRECTION('',(0.E+000,-1.));
#2830 = ( GEOMETRIC_REPRESENTATION_CONTEXT(2) 
PARAMETRIC_REPRESENTATION_CONTEXT() REPRESENTATION_CONTEXT('2D SPACE',''
  ) );
#2831 = PCURVE('',#2832,#2837);
#2832 = PLANE('',#2833);
#2833 = AXIS2_PLACEMENT_3D('',#2834,#2835,#2836);
#2834 = CARTESIAN_POINT('',(1.90612268,29.63900346,0.E+000));
#2835 = DIRECTION('',(0.522498269241,-0.852640345421,0.E+000));
#2836 = DIRECTION('',(-0.852640345421,-0.522498269241,0.E+000));
#2837 = DEFINITIONAL_REPRESENTATION('',(#2838),#2842);
#2838 = LINE('',#2839,#2840);
#2839 = CARTESIAN_POINT('',(0.E+000,0.E+000));
#2840 = VECTOR('',#2841,1.);
#2841 = DIRECTION('',(0.E+000,-1.));
#2842 = ( GEOMETRIC_REPRESENTATION_CONTEXT(2) 
PARAMETRIC_REPRESENTATION_CONTEXT() REPRESENTATION_CONTEXT('2D SPACE',''
  ) );
#2843 = ORIENTED_EDGE('',*,*,#2844,.F.);
#2844 = EDGE_CURVE('',#2741,#2817,#2845,.T.);
#2845 = SURFACE_CURVE('',#2846,(#2850,#2857),.PCURVE_S1.);
#2846 = LINE('',#2847,#2848);
#2847 = CARTESIAN_POINT('',(2.41509804,29.84982854,0.E+000));
#2848 = VECTOR('',#2849,1.);
#2849 = DIRECTION('',(-0.923879158381,-0.382684335595,0.E+000));
#2850 = PCURVE('',#2756,#2851);
#2851 = DEFINITIONAL_REPRESENTATION('',(#2852),#2856);
#2852 = LINE('',#2853,#2854);
#2853 = CARTESIAN_POINT('',(0.E+000,0.E+000));
#2854 = VECTOR('',#2855,1.);
#2855 = DIRECTION('',(1.,0.E+000));
#2856 = ( GEOMETRIC_REPRESENTATION_CONTEXT(2) 
PARAMETRIC_REPRESENTATION_CONTEXT() REPRESENTATION_CONTEXT('2D SPACE',''
  ) );
#2857 = PCURVE('',#269,#2858);
#2858 = DEFINITIONAL_REPRESENTATION('',(#2859),#2863);
#2859 = LINE('',#2860,#2861);
#2860 = CARTESIAN_POINT('',(-2.38269526,26.88820632));
#2861 = VECTOR('',#2862,1.);
#2862 = DIRECTION('',(0.923879158381,-0.382684335595));
#2863 = ( GEOMETRIC_REPRESENTATION_CONTEXT(2) 
PARAMETRIC_REPRESENTATION_CONTEXT() REPRESENTATION_CONTEXT('2D SPACE',''
  ) );
#2864 = ADVANCED_FACE('',(#2865),#2832,.F.);
#2865 = FACE_BOUND('',#2866,.F.);
#2866 = EDGE_LOOP('',(#2867,#2868,#2891,#2919));
#2867 = ORIENTED_EDGE('',*,*,#2816,.T.);
#2868 = ORIENTED_EDGE('',*,*,#2869,.T.);
#2869 = EDGE_CURVE('',#2794,#2870,#2872,.T.);
#2870 = VERTEX_POINT('',#2871);
#2871 = CARTESIAN_POINT('',(1.43639286,29.35115288,0.41148));
#2872 = SURFACE_CURVE('',#2873,(#2877,#2884),.PCURVE_S1.);
#2873 = LINE('',#2874,#2875);
#2874 = CARTESIAN_POINT('',(1.90612268,29.63900346,0.41148));
#2875 = VECTOR('',#2876,1.);
#2876 = DIRECTION('',(-0.852640345421,-0.522498269241,0.E+000));
#2877 = PCURVE('',#2832,#2878);
#2878 = DEFINITIONAL_REPRESENTATION('',(#2879),#2883);
#2879 = LINE('',#2880,#2881);
#2880 = CARTESIAN_POINT('',(0.E+000,-0.41148));
#2881 = VECTOR('',#2882,1.);
#2882 = DIRECTION('',(1.,0.E+000));
#2883 = ( GEOMETRIC_REPRESENTATION_CONTEXT(2) 
PARAMETRIC_REPRESENTATION_CONTEXT() REPRESENTATION_CONTEXT('2D SPACE',''
  ) );
#2884 = PCURVE('',#215,#2885);
#2885 = DEFINITIONAL_REPRESENTATION('',(#2886),#2890);
#2886 = LINE('',#2887,#2888);
#2887 = CARTESIAN_POINT('',(-1.8737199,26.67738124));
#2888 = VECTOR('',#2889,1.);
#2889 = DIRECTION('',(0.852640345421,-0.522498269241));
#2890 = ( GEOMETRIC_REPRESENTATION_CONTEXT(2) 
PARAMETRIC_REPRESENTATION_CONTEXT() REPRESENTATION_CONTEXT('2D SPACE',''
  ) );
#2891 = ORIENTED_EDGE('',*,*,#2892,.F.);
#2892 = EDGE_CURVE('',#2893,#2870,#2895,.T.);
#2893 = VERTEX_POINT('',#2894);
#2894 = CARTESIAN_POINT('',(1.43639286,29.35115288,0.E+000));
#2895 = SURFACE_CURVE('',#2896,(#2900,#2907),.PCURVE_S1.);
#2896 = LINE('',#2897,#2898);
#2897 = CARTESIAN_POINT('',(1.43639286,29.35115288,0.E+000));
#2898 = VECTOR('',#2899,1.);
#2899 = DIRECTION('',(0.E+000,0.E+000,1.));
#2900 = PCURVE('',#2832,#2901);
#2901 = DEFINITIONAL_REPRESENTATION('',(#2902),#2906);
#2902 = LINE('',#2903,#2904);
#2903 = CARTESIAN_POINT('',(0.55091202583,0.E+000));
#2904 = VECTOR('',#2905,1.);
#2905 = DIRECTION('',(0.E+000,-1.));
#2906 = ( GEOMETRIC_REPRESENTATION_CONTEXT(2) 
PARAMETRIC_REPRESENTATION_CONTEXT() REPRESENTATION_CONTEXT('2D SPACE',''
  ) );
#2907 = PCURVE('',#2908,#2913);
#2908 = PLANE('',#2909);
#2909 = AXIS2_PLACEMENT_3D('',#2910,#2911,#2912);
#2910 = CARTESIAN_POINT('',(1.43639286,29.35115288,0.E+000));
#2911 = DIRECTION('',(0.649448530077,-0.760405554149,0.E+000));
#2912 = DIRECTION('',(-0.760405554149,-0.649448530077,0.E+000));
#2913 = DEFINITIONAL_REPRESENTATION('',(#2914),#2918);
#2914 = LINE('',#2915,#2916);
#2915 = CARTESIAN_POINT('',(0.E+000,0.E+000));
#2916 = VECTOR('',#2917,1.);
#2917 = DIRECTION('',(0.E+000,-1.));
#2918 = ( GEOMETRIC_REPRESENTATION_CONTEXT(2) 
PARAMETRIC_REPRESENTATION_CONTEXT() REPRESENTATION_CONTEXT('2D SPACE',''
  ) );
#2919 = ORIENTED_EDGE('',*,*,#2920,.F.);
#2920 = EDGE_CURVE('',#2817,#2893,#2921,.T.);
#2921 = SURFACE_CURVE('',#2922,(#2926,#2933),.PCURVE_S1.);
#2922 = LINE('',#2923,#2924);
#2923 = CARTESIAN_POINT('',(1.90612268,29.63900346,0.E+000));
#2924 = VECTOR('',#2925,1.);
#2925 = DIRECTION('',(-0.852640345421,-0.522498269241,0.E+000));
#2926 = PCURVE('',#2832,#2927);
#2927 = DEFINITIONAL_REPRESENTATION('',(#2928),#2932);
#2928 = LINE('',#2929,#2930);
#2929 = CARTESIAN_POINT('',(0.E+000,0.E+000));
#2930 = VECTOR('',#2931,1.);
#2931 = DIRECTION('',(1.,0.E+000));
#2932 = ( GEOMETRIC_REPRESENTATION_CONTEXT(2) 
PARAMETRIC_REPRESENTATION_CONTEXT() REPRESENTATION_CONTEXT('2D SPACE',''
  ) );
#2933 = PCURVE('',#269,#2934);
#2934 = DEFINITIONAL_REPRESENTATION('',(#2935),#2939);
#2935 = LINE('',#2936,#2937);
#2936 = CARTESIAN_POINT('',(-1.8737199,26.67738124));
#2937 = VECTOR('',#2938,1.);
#2938 = DIRECTION('',(0.852640345421,-0.522498269241));
#2939 = ( GEOMETRIC_REPRESENTATION_CONTEXT(2) 
PARAMETRIC_REPRESENTATION_CONTEXT() REPRESENTATION_CONTEXT('2D SPACE',''
  ) );
#2940 = ADVANCED_FACE('',(#2941),#2908,.F.);
#2941 = FACE_BOUND('',#2942,.F.);
#2942 = EDGE_LOOP('',(#2943,#2944,#2967,#2995));
#2943 = ORIENTED_EDGE('',*,*,#2892,.T.);
#2944 = ORIENTED_EDGE('',*,*,#2945,.T.);
#2945 = EDGE_CURVE('',#2870,#2946,#2948,.T.);
#2946 = VERTEX_POINT('',#2947);
#2947 = CARTESIAN_POINT('',(1.01747574,28.9933634,0.41148));
#2948 = SURFACE_CURVE('',#2949,(#2953,#2960),.PCURVE_S1.);
#2949 = LINE('',#2950,#2951);
#2950 = CARTESIAN_POINT('',(1.43639286,29.35115288,0.41148));
#2951 = VECTOR('',#2952,1.);
#2952 = DIRECTION('',(-0.760405554149,-0.649448530077,0.E+000));
#2953 = PCURVE('',#2908,#2954);
#2954 = DEFINITIONAL_REPRESENTATION('',(#2955),#2959);
#2955 = LINE('',#2956,#2957);
#2956 = CARTESIAN_POINT('',(0.E+000,-0.41148));
#2957 = VECTOR('',#2958,1.);
#2958 = DIRECTION('',(1.,0.E+000));
#2959 = ( GEOMETRIC_REPRESENTATION_CONTEXT(2) 
PARAMETRIC_REPRESENTATION_CONTEXT() REPRESENTATION_CONTEXT('2D SPACE',''
  ) );
#2960 = PCURVE('',#215,#2961);
#2961 = DEFINITIONAL_REPRESENTATION('',(#2962),#2966);
#2962 = LINE('',#2963,#2964);
#2963 = CARTESIAN_POINT('',(-1.40399008,26.38953066));
#2964 = VECTOR('',#2965,1.);
#2965 = DIRECTION('',(0.760405554149,-0.649448530077));
#2966 = ( GEOMETRIC_REPRESENTATION_CONTEXT(2) 
PARAMETRIC_REPRESENTATION_CONTEXT() REPRESENTATION_CONTEXT('2D SPACE',''
  ) );
#2967 = ORIENTED_EDGE('',*,*,#2968,.F.);
#2968 = EDGE_CURVE('',#2969,#2946,#2971,.T.);
#2969 = VERTEX_POINT('',#2970);
#2970 = CARTESIAN_POINT('',(1.01747574,28.9933634,0.E+000));
#2971 = SURFACE_CURVE('',#2972,(#2976,#2983),.PCURVE_S1.);
#2972 = LINE('',#2973,#2974);
#2973 = CARTESIAN_POINT('',(1.01747574,28.9933634,0.E+000));
#2974 = VECTOR('',#2975,1.);
#2975 = DIRECTION('',(0.E+000,0.E+000,1.));
#2976 = PCURVE('',#2908,#2977);
#2977 = DEFINITIONAL_REPRESENTATION('',(#2978),#2982);
#2978 = LINE('',#2979,#2980);
#2979 = CARTESIAN_POINT('',(0.550912756639,0.E+000));
#2980 = VECTOR('',#2981,1.);
#2981 = DIRECTION('',(0.E+000,-1.));
#2982 = ( GEOMETRIC_REPRESENTATION_CONTEXT(2) 
PARAMETRIC_REPRESENTATION_CONTEXT() REPRESENTATION_CONTEXT('2D SPACE',''
  ) );
#2983 = PCURVE('',#2984,#2989);
#2984 = PLANE('',#2985);
#2985 = AXIS2_PLACEMENT_3D('',#2986,#2987,#2988);
#2986 = CARTESIAN_POINT('',(1.01747574,28.9933634,0.E+000));
#2987 = DIRECTION('',(0.760405554149,-0.649448530077,0.E+000));
#2988 = DIRECTION('',(-0.649448530077,-0.760405554149,0.E+000));
#2989 = DEFINITIONAL_REPRESENTATION('',(#2990),#2994);
#2990 = LINE('',#2991,#2992);
#2991 = CARTESIAN_POINT('',(0.E+000,0.E+000));
#2992 = VECTOR('',#2993,1.);
#2993 = DIRECTION('',(0.E+000,-1.));
#2994 = ( GEOMETRIC_REPRESENTATION_CONTEXT(2) 
PARAMETRIC_REPRESENTATION_CONTEXT() REPRESENTATION_CONTEXT('2D SPACE',''
  ) );
#2995 = ORIENTED_EDGE('',*,*,#2996,.F.);
#2996 = EDGE_CURVE('',#2893,#2969,#2997,.T.);
#2997 = SURFACE_CURVE('',#2998,(#3002,#3009),.PCURVE_S1.);
#2998 = LINE('',#2999,#3000);
#2999 = CARTESIAN_POINT('',(1.43639286,29.35115288,0.E+000));
#3000 = VECTOR('',#3001,1.);
#3001 = DIRECTION('',(-0.760405554149,-0.649448530077,0.E+000));
#3002 = PCURVE('',#2908,#3003);
#3003 = DEFINITIONAL_REPRESENTATION('',(#3004),#3008);
#3004 = LINE('',#3005,#3006);
#3005 = CARTESIAN_POINT('',(0.E+000,0.E+000));
#3006 = VECTOR('',#3007,1.);
#3007 = DIRECTION('',(1.,0.E+000));
#3008 = ( GEOMETRIC_REPRESENTATION_CONTEXT(2) 
PARAMETRIC_REPRESENTATION_CONTEXT() REPRESENTATION_CONTEXT('2D SPACE',''
  ) );
#3009 = PCURVE('',#269,#3010);
#3010 = DEFINITIONAL_REPRESENTATION('',(#3011),#3015);
#3011 = LINE('',#3012,#3013);
#3012 = CARTESIAN_POINT('',(-1.40399008,26.38953066));
#3013 = VECTOR('',#3014,1.);
#3014 = DIRECTION('',(0.760405554149,-0.649448530077));
#3015 = ( GEOMETRIC_REPRESENTATION_CONTEXT(2) 
PARAMETRIC_REPRESENTATION_CONTEXT() REPRESENTATION_CONTEXT('2D SPACE',''
  ) );
#3016 = ADVANCED_FACE('',(#3017),#2984,.F.);
#3017 = FACE_BOUND('',#3018,.F.);
#3018 = EDGE_LOOP('',(#3019,#3020,#3043,#3071));
#3019 = ORIENTED_EDGE('',*,*,#2968,.T.);
#3020 = ORIENTED_EDGE('',*,*,#3021,.T.);
#3021 = EDGE_CURVE('',#2946,#3022,#3024,.T.);
#3022 = VERTEX_POINT('',#3023);
#3023 = CARTESIAN_POINT('',(0.65968626,28.57444628,0.41148));
#3024 = SURFACE_CURVE('',#3025,(#3029,#3036),.PCURVE_S1.);
#3025 = LINE('',#3026,#3027);
#3026 = CARTESIAN_POINT('',(1.01747574,28.9933634,0.41148));
#3027 = VECTOR('',#3028,1.);
#3028 = DIRECTION('',(-0.649448530077,-0.760405554149,0.E+000));
#3029 = PCURVE('',#2984,#3030);
#3030 = DEFINITIONAL_REPRESENTATION('',(#3031),#3035);
#3031 = LINE('',#3032,#3033);
#3032 = CARTESIAN_POINT('',(0.E+000,-0.41148));
#3033 = VECTOR('',#3034,1.);
#3034 = DIRECTION('',(1.,0.E+000));
#3035 = ( GEOMETRIC_REPRESENTATION_CONTEXT(2) 
PARAMETRIC_REPRESENTATION_CONTEXT() REPRESENTATION_CONTEXT('2D SPACE',''
  ) );
#3036 = PCURVE('',#215,#3037);
#3037 = DEFINITIONAL_REPRESENTATION('',(#3038),#3042);
#3038 = LINE('',#3039,#3040);
#3039 = CARTESIAN_POINT('',(-0.98507296,26.03174118));
#3040 = VECTOR('',#3041,1.);
#3041 = DIRECTION('',(0.649448530077,-0.760405554149));
#3042 = ( GEOMETRIC_REPRESENTATION_CONTEXT(2) 
PARAMETRIC_REPRESENTATION_CONTEXT() REPRESENTATION_CONTEXT('2D SPACE',''
  ) );
#3043 = ORIENTED_EDGE('',*,*,#3044,.F.);
#3044 = EDGE_CURVE('',#3045,#3022,#3047,.T.);
#3045 = VERTEX_POINT('',#3046);
#3046 = CARTESIAN_POINT('',(0.65968626,28.57444628,0.E+000));
#3047 = SURFACE_CURVE('',#3048,(#3052,#3059),.PCURVE_S1.);
#3048 = LINE('',#3049,#3050);
#3049 = CARTESIAN_POINT('',(0.65968626,28.57444628,0.E+000));
#3050 = VECTOR('',#3051,1.);
#3051 = DIRECTION('',(0.E+000,0.E+000,1.));
#3052 = PCURVE('',#2984,#3053);
#3053 = DEFINITIONAL_REPRESENTATION('',(#3054),#3058);
#3054 = LINE('',#3055,#3056);
#3055 = CARTESIAN_POINT('',(0.550912756639,0.E+000));
#3056 = VECTOR('',#3057,1.);
#3057 = DIRECTION('',(0.E+000,-1.));
#3058 = ( GEOMETRIC_REPRESENTATION_CONTEXT(2) 
PARAMETRIC_REPRESENTATION_CONTEXT() REPRESENTATION_CONTEXT('2D SPACE',''
  ) );
#3059 = PCURVE('',#3060,#3065);
#3060 = PLANE('',#3061);
#3061 = AXIS2_PLACEMENT_3D('',#3062,#3063,#3064);
#3062 = CARTESIAN_POINT('',(0.65968626,28.57444628,0.E+000));
#3063 = DIRECTION('',(0.852640345421,-0.522498269241,0.E+000));
#3064 = DIRECTION('',(-0.522498269241,-0.852640345421,0.E+000));
#3065 = DEFINITIONAL_REPRESENTATION('',(#3066),#3070);
#3066 = LINE('',#3067,#3068);
#3067 = CARTESIAN_POINT('',(0.E+000,0.E+000));
#3068 = VECTOR('',#3069,1.);
#3069 = DIRECTION('',(0.E+000,-1.));
#3070 = ( GEOMETRIC_REPRESENTATION_CONTEXT(2) 
PARAMETRIC_REPRESENTATION_CONTEXT() REPRESENTATION_CONTEXT('2D SPACE',''
  ) );
#3071 = ORIENTED_EDGE('',*,*,#3072,.F.);
#3072 = EDGE_CURVE('',#2969,#3045,#3073,.T.);
#3073 = SURFACE_CURVE('',#3074,(#3078,#3085),.PCURVE_S1.);
#3074 = LINE('',#3075,#3076);
#3075 = CARTESIAN_POINT('',(1.01747574,28.9933634,0.E+000));
#3076 = VECTOR('',#3077,1.);
#3077 = DIRECTION('',(-0.649448530077,-0.760405554149,0.E+000));
#3078 = PCURVE('',#2984,#3079);
#3079 = DEFINITIONAL_REPRESENTATION('',(#3080),#3084);
#3080 = LINE('',#3081,#3082);
#3081 = CARTESIAN_POINT('',(0.E+000,0.E+000));
#3082 = VECTOR('',#3083,1.);
#3083 = DIRECTION('',(1.,0.E+000));
#3084 = ( GEOMETRIC_REPRESENTATION_CONTEXT(2) 
PARAMETRIC_REPRESENTATION_CONTEXT() REPRESENTATION_CONTEXT('2D SPACE',''
  ) );
#3085 = PCURVE('',#269,#3086);
#3086 = DEFINITIONAL_REPRESENTATION('',(#3087),#3091);
#3087 = LINE('',#3088,#3089);
#3088 = CARTESIAN_POINT('',(-0.98507296,26.03174118));
#3089 = VECTOR('',#3090,1.);
#3090 = DIRECTION('',(0.649448530077,-0.760405554149));
#3091 = ( GEOMETRIC_REPRESENTATION_CONTEXT(2) 
PARAMETRIC_REPRESENTATION_CONTEXT() REPRESENTATION_CONTEXT('2D SPACE',''
  ) );
#3092 = ADVANCED_FACE('',(#3093),#3060,.F.);
#3093 = FACE_BOUND('',#3094,.F.);
#3094 = EDGE_LOOP('',(#3095,#3096,#3119,#3147));
#3095 = ORIENTED_EDGE('',*,*,#3044,.T.);
#3096 = ORIENTED_EDGE('',*,*,#3097,.T.);
#3097 = EDGE_CURVE('',#3022,#3098,#3100,.T.);
#3098 = VERTEX_POINT('',#3099);
#3099 = CARTESIAN_POINT('',(0.37183568,28.10471646,0.41148));
#3100 = SURFACE_CURVE('',#3101,(#3105,#3112),.PCURVE_S1.);
#3101 = LINE('',#3102,#3103);
#3102 = CARTESIAN_POINT('',(0.65968626,28.57444628,0.41148));
#3103 = VECTOR('',#3104,1.);
#3104 = DIRECTION('',(-0.522498269241,-0.852640345421,0.E+000));
#3105 = PCURVE('',#3060,#3106);
#3106 = DEFINITIONAL_REPRESENTATION('',(#3107),#3111);
#3107 = LINE('',#3108,#3109);
#3108 = CARTESIAN_POINT('',(0.E+000,-0.41148));
#3109 = VECTOR('',#3110,1.);
#3110 = DIRECTION('',(1.,0.E+000));
#3111 = ( GEOMETRIC_REPRESENTATION_CONTEXT(2) 
PARAMETRIC_REPRESENTATION_CONTEXT() REPRESENTATION_CONTEXT('2D SPACE',''
  ) );
#3112 = PCURVE('',#215,#3113);
#3113 = DEFINITIONAL_REPRESENTATION('',(#3114),#3118);
#3114 = LINE('',#3115,#3116);
#3115 = CARTESIAN_POINT('',(-0.62728348,25.61282406));
#3116 = VECTOR('',#3117,1.);
#3117 = DIRECTION('',(0.522498269241,-0.852640345421));
#3118 = ( GEOMETRIC_REPRESENTATION_CONTEXT(2) 
PARAMETRIC_REPRESENTATION_CONTEXT() REPRESENTATION_CONTEXT('2D SPACE',''
  ) );
#3119 = ORIENTED_EDGE('',*,*,#3120,.F.);
#3120 = EDGE_CURVE('',#3121,#3098,#3123,.T.);
#3121 = VERTEX_POINT('',#3122);
#3122 = CARTESIAN_POINT('',(0.37183568,28.10471646,0.E+000));
#3123 = SURFACE_CURVE('',#3124,(#3128,#3135),.PCURVE_S1.);
#3124 = LINE('',#3125,#3126);
#3125 = CARTESIAN_POINT('',(0.37183568,28.10471646,0.E+000));
#3126 = VECTOR('',#3127,1.);
#3127 = DIRECTION('',(0.E+000,0.E+000,1.));
#3128 = PCURVE('',#3060,#3129);
#3129 = DEFINITIONAL_REPRESENTATION('',(#3130),#3134);
#3130 = LINE('',#3131,#3132);
#3131 = CARTESIAN_POINT('',(0.55091202583,0.E+000));
#3132 = VECTOR('',#3133,1.);
#3133 = DIRECTION('',(0.E+000,-1.));
#3134 = ( GEOMETRIC_REPRESENTATION_CONTEXT(2) 
PARAMETRIC_REPRESENTATION_CONTEXT() REPRESENTATION_CONTEXT('2D SPACE',''
  ) );
#3135 = PCURVE('',#3136,#3141);
#3136 = PLANE('',#3137);
#3137 = AXIS2_PLACEMENT_3D('',#3138,#3139,#3140);
#3138 = CARTESIAN_POINT('',(0.37183568,28.10471646,0.E+000));
#3139 = DIRECTION('',(0.923879158381,-0.382684335595,0.E+000));
#3140 = DIRECTION('',(-0.382684335595,-0.923879158381,0.E+000));
#3141 = DEFINITIONAL_REPRESENTATION('',(#3142),#3146);
#3142 = LINE('',#3143,#3144);
#3143 = CARTESIAN_POINT('',(0.E+000,0.E+000));
#3144 = VECTOR('',#3145,1.);
#3145 = DIRECTION('',(0.E+000,-1.));
#3146 = ( GEOMETRIC_REPRESENTATION_CONTEXT(2) 
PARAMETRIC_REPRESENTATION_CONTEXT() REPRESENTATION_CONTEXT('2D SPACE',''
  ) );
#3147 = ORIENTED_EDGE('',*,*,#3148,.F.);
#3148 = EDGE_CURVE('',#3045,#3121,#3149,.T.);
#3149 = SURFACE_CURVE('',#3150,(#3154,#3161),.PCURVE_S1.);
#3150 = LINE('',#3151,#3152);
#3151 = CARTESIAN_POINT('',(0.65968626,28.57444628,0.E+000));
#3152 = VECTOR('',#3153,1.);
#3153 = DIRECTION('',(-0.522498269241,-0.852640345421,0.E+000));
#3154 = PCURVE('',#3060,#3155);
#3155 = DEFINITIONAL_REPRESENTATION('',(#3156),#3160);
#3156 = LINE('',#3157,#3158);
#3157 = CARTESIAN_POINT('',(0.E+000,0.E+000));
#3158 = VECTOR('',#3159,1.);
#3159 = DIRECTION('',(1.,0.E+000));
#3160 = ( GEOMETRIC_REPRESENTATION_CONTEXT(2) 
PARAMETRIC_REPRESENTATION_CONTEXT() REPRESENTATION_CONTEXT('2D SPACE',''
  ) );
#3161 = PCURVE('',#269,#3162);
#3162 = DEFINITIONAL_REPRESENTATION('',(#3163),#3167);
#3163 = LINE('',#3164,#3165);
#3164 = CARTESIAN_POINT('',(-0.62728348,25.61282406));
#3165 = VECTOR('',#3166,1.);
#3166 = DIRECTION('',(0.522498269241,-0.852640345421));
#3167 = ( GEOMETRIC_REPRESENTATION_CONTEXT(2) 
PARAMETRIC_REPRESENTATION_CONTEXT() REPRESENTATION_CONTEXT('2D SPACE',''
  ) );
#3168 = ADVANCED_FACE('',(#3169),#3136,.F.);
#3169 = FACE_BOUND('',#3170,.F.);
#3170 = EDGE_LOOP('',(#3171,#3172,#3195,#3223));
#3171 = ORIENTED_EDGE('',*,*,#3120,.T.);
#3172 = ORIENTED_EDGE('',*,*,#3173,.T.);
#3173 = EDGE_CURVE('',#3098,#3174,#3176,.T.);
#3174 = VERTEX_POINT('',#3175);
#3175 = CARTESIAN_POINT('',(0.1610106,27.5957411,0.41148));
#3176 = SURFACE_CURVE('',#3177,(#3181,#3188),.PCURVE_S1.);
#3177 = LINE('',#3178,#3179);
#3178 = CARTESIAN_POINT('',(0.37183568,28.10471646,0.41148));
#3179 = VECTOR('',#3180,1.);
#3180 = DIRECTION('',(-0.382684335595,-0.923879158381,0.E+000));
#3181 = PCURVE('',#3136,#3182);
#3182 = DEFINITIONAL_REPRESENTATION('',(#3183),#3187);
#3183 = LINE('',#3184,#3185);
#3184 = CARTESIAN_POINT('',(0.E+000,-0.41148));
#3185 = VECTOR('',#3186,1.);
#3186 = DIRECTION('',(1.,0.E+000));
#3187 = ( GEOMETRIC_REPRESENTATION_CONTEXT(2) 
PARAMETRIC_REPRESENTATION_CONTEXT() REPRESENTATION_CONTEXT('2D SPACE',''
  ) );
#3188 = PCURVE('',#215,#3189);
#3189 = DEFINITIONAL_REPRESENTATION('',(#3190),#3194);
#3190 = LINE('',#3191,#3192);
#3191 = CARTESIAN_POINT('',(-0.3394329,25.14309424));
#3192 = VECTOR('',#3193,1.);
#3193 = DIRECTION('',(0.382684335595,-0.923879158381));
#3194 = ( GEOMETRIC_REPRESENTATION_CONTEXT(2) 
PARAMETRIC_REPRESENTATION_CONTEXT() REPRESENTATION_CONTEXT('2D SPACE',''
  ) );
#3195 = ORIENTED_EDGE('',*,*,#3196,.F.);
#3196 = EDGE_CURVE('',#3197,#3174,#3199,.T.);
#3197 = VERTEX_POINT('',#3198);
#3198 = CARTESIAN_POINT('',(0.1610106,27.5957411,0.E+000));
#3199 = SURFACE_CURVE('',#3200,(#3204,#3211),.PCURVE_S1.);
#3200 = LINE('',#3201,#3202);
#3201 = CARTESIAN_POINT('',(0.1610106,27.5957411,0.E+000));
#3202 = VECTOR('',#3203,1.);
#3203 = DIRECTION('',(0.E+000,0.E+000,1.));
#3204 = PCURVE('',#3136,#3205);
#3205 = DEFINITIONAL_REPRESENTATION('',(#3206),#3210);
#3206 = LINE('',#3207,#3208);
#3207 = CARTESIAN_POINT('',(0.5509111829,0.E+000));
#3208 = VECTOR('',#3209,1.);
#3209 = DIRECTION('',(0.E+000,-1.));
#3210 = ( GEOMETRIC_REPRESENTATION_CONTEXT(2) 
PARAMETRIC_REPRESENTATION_CONTEXT() REPRESENTATION_CONTEXT('2D SPACE',''
  ) );
#3211 = PCURVE('',#3212,#3217);
#3212 = PLANE('',#3213);
#3213 = AXIS2_PLACEMENT_3D('',#3214,#3215,#3216);
#3214 = CARTESIAN_POINT('',(0.1610106,27.5957411,0.E+000));
#3215 = DIRECTION('',(0.972370015057,-0.233444969571,0.E+000));
#3216 = DIRECTION('',(-0.233444969571,-0.972370015057,0.E+000));
#3217 = DEFINITIONAL_REPRESENTATION('',(#3218),#3222);
#3218 = LINE('',#3219,#3220);
#3219 = CARTESIAN_POINT('',(0.E+000,0.E+000));
#3220 = VECTOR('',#3221,1.);
#3221 = DIRECTION('',(0.E+000,-1.));
#3222 = ( GEOMETRIC_REPRESENTATION_CONTEXT(2) 
PARAMETRIC_REPRESENTATION_CONTEXT() REPRESENTATION_CONTEXT('2D SPACE',''
  ) );
#3223 = ORIENTED_EDGE('',*,*,#3224,.F.);
#3224 = EDGE_CURVE('',#3121,#3197,#3225,.T.);
#3225 = SURFACE_CURVE('',#3226,(#3230,#3237),.PCURVE_S1.);
#3226 = LINE('',#3227,#3228);
#3227 = CARTESIAN_POINT('',(0.37183568,28.10471646,0.E+000));
#3228 = VECTOR('',#3229,1.);
#3229 = DIRECTION('',(-0.382684335595,-0.923879158381,0.E+000));
#3230 = PCURVE('',#3136,#3231);
#3231 = DEFINITIONAL_REPRESENTATION('',(#3232),#3236);
#3232 = LINE('',#3233,#3234);
#3233 = CARTESIAN_POINT('',(0.E+000,0.E+000));
#3234 = VECTOR('',#3235,1.);
#3235 = DIRECTION('',(1.,0.E+000));
#3236 = ( GEOMETRIC_REPRESENTATION_CONTEXT(2) 
PARAMETRIC_REPRESENTATION_CONTEXT() REPRESENTATION_CONTEXT('2D SPACE',''
  ) );
#3237 = PCURVE('',#269,#3238);
#3238 = DEFINITIONAL_REPRESENTATION('',(#3239),#3243);
#3239 = LINE('',#3240,#3241);
#3240 = CARTESIAN_POINT('',(-0.3394329,25.14309424));
#3241 = VECTOR('',#3242,1.);
#3242 = DIRECTION('',(0.382684335595,-0.923879158381));
#3243 = ( GEOMETRIC_REPRESENTATION_CONTEXT(2) 
PARAMETRIC_REPRESENTATION_CONTEXT() REPRESENTATION_CONTEXT('2D SPACE',''
  ) );
#3244 = ADVANCED_FACE('',(#3245),#3212,.F.);
#3245 = FACE_BOUND('',#3246,.F.);
#3246 = EDGE_LOOP('',(#3247,#3248,#3271,#3299));
#3247 = ORIENTED_EDGE('',*,*,#3196,.T.);
#3248 = ORIENTED_EDGE('',*,*,#3249,.T.);
#3249 = EDGE_CURVE('',#3174,#3250,#3252,.T.);
#3250 = VERTEX_POINT('',#3251);
#3251 = CARTESIAN_POINT('',(3.240278E-002,27.06005002,0.41148));
#3252 = SURFACE_CURVE('',#3253,(#3257,#3264),.PCURVE_S1.);
#3253 = LINE('',#3254,#3255);
#3254 = CARTESIAN_POINT('',(0.1610106,27.5957411,0.41148));
#3255 = VECTOR('',#3256,1.);
#3256 = DIRECTION('',(-0.233444969571,-0.972370015057,0.E+000));
#3257 = PCURVE('',#3212,#3258);
#3258 = DEFINITIONAL_REPRESENTATION('',(#3259),#3263);
#3259 = LINE('',#3260,#3261);
#3260 = CARTESIAN_POINT('',(0.E+000,-0.41148));
#3261 = VECTOR('',#3262,1.);
#3262 = DIRECTION('',(1.,0.E+000));
#3263 = ( GEOMETRIC_REPRESENTATION_CONTEXT(2) 
PARAMETRIC_REPRESENTATION_CONTEXT() REPRESENTATION_CONTEXT('2D SPACE',''
  ) );
#3264 = PCURVE('',#215,#3265);
#3265 = DEFINITIONAL_REPRESENTATION('',(#3266),#3270);
#3266 = LINE('',#3267,#3268);
#3267 = CARTESIAN_POINT('',(-0.12860782,24.63411888));
#3268 = VECTOR('',#3269,1.);
#3269 = DIRECTION('',(0.233444969571,-0.972370015057));
#3270 = ( GEOMETRIC_REPRESENTATION_CONTEXT(2) 
PARAMETRIC_REPRESENTATION_CONTEXT() REPRESENTATION_CONTEXT('2D SPACE',''
  ) );
#3271 = ORIENTED_EDGE('',*,*,#3272,.F.);
#3272 = EDGE_CURVE('',#3273,#3250,#3275,.T.);
#3273 = VERTEX_POINT('',#3274);
#3274 = CARTESIAN_POINT('',(3.240278E-002,27.06005002,0.E+000));
#3275 = SURFACE_CURVE('',#3276,(#3280,#3287),.PCURVE_S1.);
#3276 = LINE('',#3277,#3278);
#3277 = CARTESIAN_POINT('',(3.240278E-002,27.06005002,0.E+000));
#3278 = VECTOR('',#3279,1.);
#3279 = DIRECTION('',(0.E+000,0.E+000,1.));
#3280 = PCURVE('',#3212,#3281);
#3281 = DEFINITIONAL_REPRESENTATION('',(#3282),#3286);
#3282 = LINE('',#3283,#3284);
#3283 = CARTESIAN_POINT('',(0.550912792152,0.E+000));
#3284 = VECTOR('',#3285,1.);
#3285 = DIRECTION('',(0.E+000,-1.));
#3286 = ( GEOMETRIC_REPRESENTATION_CONTEXT(2) 
PARAMETRIC_REPRESENTATION_CONTEXT() REPRESENTATION_CONTEXT('2D SPACE',''
  ) );
#3287 = PCURVE('',#3288,#3293);
#3288 = PLANE('',#3289);
#3289 = AXIS2_PLACEMENT_3D('',#3290,#3291,#3292);
#3290 = CARTESIAN_POINT('',(3.240278E-002,27.06005002,0.E+000));
#3291 = DIRECTION('',(0.996917461847,-7.845746787272E-002,0.E+000));
#3292 = DIRECTION('',(-7.845746787272E-002,-0.996917461847,0.E+000));
#3293 = DEFINITIONAL_REPRESENTATION('',(#3294),#3298);
#3294 = LINE('',#3295,#3296);
#3295 = CARTESIAN_POINT('',(0.E+000,0.E+000));
#3296 = VECTOR('',#3297,1.);
#3297 = DIRECTION('',(0.E+000,-1.));
#3298 = ( GEOMETRIC_REPRESENTATION_CONTEXT(2) 
PARAMETRIC_REPRESENTATION_CONTEXT() REPRESENTATION_CONTEXT('2D SPACE',''
  ) );
#3299 = ORIENTED_EDGE('',*,*,#3300,.F.);
#3300 = EDGE_CURVE('',#3197,#3273,#3301,.T.);
#3301 = SURFACE_CURVE('',#3302,(#3306,#3313),.PCURVE_S1.);
#3302 = LINE('',#3303,#3304);
#3303 = CARTESIAN_POINT('',(0.1610106,27.5957411,0.E+000));
#3304 = VECTOR('',#3305,1.);
#3305 = DIRECTION('',(-0.233444969571,-0.972370015057,0.E+000));
#3306 = PCURVE('',#3212,#3307);
#3307 = DEFINITIONAL_REPRESENTATION('',(#3308),#3312);
#3308 = LINE('',#3309,#3310);
#3309 = CARTESIAN_POINT('',(0.E+000,0.E+000));
#3310 = VECTOR('',#3311,1.);
#3311 = DIRECTION('',(1.,0.E+000));
#3312 = ( GEOMETRIC_REPRESENTATION_CONTEXT(2) 
PARAMETRIC_REPRESENTATION_CONTEXT() REPRESENTATION_CONTEXT('2D SPACE',''
  ) );
#3313 = PCURVE('',#269,#3314);
#3314 = DEFINITIONAL_REPRESENTATION('',(#3315),#3319);
#3315 = LINE('',#3316,#3317);
#3316 = CARTESIAN_POINT('',(-0.12860782,24.63411888));
#3317 = VECTOR('',#3318,1.);
#3318 = DIRECTION('',(0.233444969571,-0.972370015057));
#3319 = ( GEOMETRIC_REPRESENTATION_CONTEXT(2) 
PARAMETRIC_REPRESENTATION_CONTEXT() REPRESENTATION_CONTEXT('2D SPACE',''
  ) );
#3320 = ADVANCED_FACE('',(#3321),#3288,.F.);
#3321 = FACE_BOUND('',#3322,.F.);
#3322 = EDGE_LOOP('',(#3323,#3324,#3347,#3375));
#3323 = ORIENTED_EDGE('',*,*,#3272,.T.);
#3324 = ORIENTED_EDGE('',*,*,#3325,.T.);
#3325 = EDGE_CURVE('',#3250,#3326,#3328,.T.);
#3326 = VERTEX_POINT('',#3327);
#3327 = CARTESIAN_POINT('',(-1.08204E-002,26.51083598,0.41148));
#3328 = SURFACE_CURVE('',#3329,(#3333,#3340),.PCURVE_S1.);
#3329 = LINE('',#3330,#3331);
#3330 = CARTESIAN_POINT('',(3.240278E-002,27.06005002,0.41148));
#3331 = VECTOR('',#3332,1.);
#3332 = DIRECTION('',(-7.845746787272E-002,-0.996917461847,0.E+000));
#3333 = PCURVE('',#3288,#3334);
#3334 = DEFINITIONAL_REPRESENTATION('',(#3335),#3339);
#3335 = LINE('',#3336,#3337);
#3336 = CARTESIAN_POINT('',(0.E+000,-0.41148));
#3337 = VECTOR('',#3338,1.);
#3338 = DIRECTION('',(1.,0.E+000));
#3339 = ( GEOMETRIC_REPRESENTATION_CONTEXT(2) 
PARAMETRIC_REPRESENTATION_CONTEXT() REPRESENTATION_CONTEXT('2D SPACE',''
  ) );
#3340 = PCURVE('',#215,#3341);
#3341 = DEFINITIONAL_REPRESENTATION('',(#3342),#3346);
#3342 = LINE('',#3343,#3344);
#3343 = CARTESIAN_POINT('',(0.E+000,24.0984278));
#3344 = VECTOR('',#3345,1.);
#3345 = DIRECTION('',(7.845746787272E-002,-0.996917461847));
#3346 = ( GEOMETRIC_REPRESENTATION_CONTEXT(2) 
PARAMETRIC_REPRESENTATION_CONTEXT() REPRESENTATION_CONTEXT('2D SPACE',''
  ) );
#3347 = ORIENTED_EDGE('',*,*,#3348,.F.);
#3348 = EDGE_CURVE('',#3349,#3326,#3351,.T.);
#3349 = VERTEX_POINT('',#3350);
#3350 = CARTESIAN_POINT('',(-1.08204E-002,26.51083598,0.E+000));
#3351 = SURFACE_CURVE('',#3352,(#3356,#3363),.PCURVE_S1.);
#3352 = LINE('',#3353,#3354);
#3353 = CARTESIAN_POINT('',(-1.08204E-002,26.51083598,0.E+000));
#3354 = VECTOR('',#3355,1.);
#3355 = DIRECTION('',(0.E+000,0.E+000,1.));
#3356 = PCURVE('',#3288,#3357);
#3357 = DEFINITIONAL_REPRESENTATION('',(#3358),#3362);
#3358 = LINE('',#3359,#3360);
#3359 = CARTESIAN_POINT('',(0.550912248024,0.E+000));
#3360 = VECTOR('',#3361,1.);
#3361 = DIRECTION('',(0.E+000,-1.));
#3362 = ( GEOMETRIC_REPRESENTATION_CONTEXT(2) 
PARAMETRIC_REPRESENTATION_CONTEXT() REPRESENTATION_CONTEXT('2D SPACE',''
  ) );
#3363 = PCURVE('',#3364,#3369);
#3364 = PLANE('',#3365);
#3365 = AXIS2_PLACEMENT_3D('',#3366,#3367,#3368);
#3366 = CARTESIAN_POINT('',(-1.08204E-002,26.51083598,0.E+000));
#3367 = DIRECTION('',(0.999999889337,4.704520756246E-004,-0.E+000));
#3368 = DIRECTION('',(4.704520756246E-004,-0.999999889337,0.E+000));
#3369 = DEFINITIONAL_REPRESENTATION('',(#3370),#3374);
#3370 = LINE('',#3371,#3372);
#3371 = CARTESIAN_POINT('',(0.E+000,0.E+000));
#3372 = VECTOR('',#3373,1.);
#3373 = DIRECTION('',(0.E+000,-1.));
#3374 = ( GEOMETRIC_REPRESENTATION_CONTEXT(2) 
PARAMETRIC_REPRESENTATION_CONTEXT() REPRESENTATION_CONTEXT('2D SPACE',''
  ) );
#3375 = ORIENTED_EDGE('',*,*,#3376,.F.);
#3376 = EDGE_CURVE('',#3273,#3349,#3377,.T.);
#3377 = SURFACE_CURVE('',#3378,(#3382,#3389),.PCURVE_S1.);
#3378 = LINE('',#3379,#3380);
#3379 = CARTESIAN_POINT('',(3.240278E-002,27.06005002,0.E+000));
#3380 = VECTOR('',#3381,1.);
#3381 = DIRECTION('',(-7.845746787272E-002,-0.996917461847,0.E+000));
#3382 = PCURVE('',#3288,#3383);
#3383 = DEFINITIONAL_REPRESENTATION('',(#3384),#3388);
#3384 = LINE('',#3385,#3386);
#3385 = CARTESIAN_POINT('',(0.E+000,0.E+000));
#3386 = VECTOR('',#3387,1.);
#3387 = DIRECTION('',(1.,0.E+000));
#3388 = ( GEOMETRIC_REPRESENTATION_CONTEXT(2) 
PARAMETRIC_REPRESENTATION_CONTEXT() REPRESENTATION_CONTEXT('2D SPACE',''
  ) );
#3389 = PCURVE('',#269,#3390);
#3390 = DEFINITIONAL_REPRESENTATION('',(#3391),#3395);
#3391 = LINE('',#3392,#3393);
#3392 = CARTESIAN_POINT('',(0.E+000,24.0984278));
#3393 = VECTOR('',#3394,1.);
#3394 = DIRECTION('',(7.845746787272E-002,-0.996917461847));
#3395 = ( GEOMETRIC_REPRESENTATION_CONTEXT(2) 
PARAMETRIC_REPRESENTATION_CONTEXT() REPRESENTATION_CONTEXT('2D SPACE',''
  ) );
#3396 = ADVANCED_FACE('',(#3397),#3364,.F.);
#3397 = FACE_BOUND('',#3398,.F.);
#3398 = EDGE_LOOP('',(#3399,#3400,#3423,#3446));
#3399 = ORIENTED_EDGE('',*,*,#3348,.T.);
#3400 = ORIENTED_EDGE('',*,*,#3401,.T.);
#3401 = EDGE_CURVE('',#3326,#3402,#3404,.T.);
#3402 = VERTEX_POINT('',#3403);
#3403 = CARTESIAN_POINT('',(0.E+000,3.51083372,0.41148));
#3404 = SURFACE_CURVE('',#3405,(#3409,#3416),.PCURVE_S1.);
#3405 = LINE('',#3406,#3407);
#3406 = CARTESIAN_POINT('',(-1.08204E-002,26.51083598,0.41148));
#3407 = VECTOR('',#3408,1.);
#3408 = DIRECTION('',(4.704520756246E-004,-0.999999889337,0.E+000));
#3409 = PCURVE('',#3364,#3410);
#3410 = DEFINITIONAL_REPRESENTATION('',(#3411),#3415);
#3411 = LINE('',#3412,#3413);
#3412 = CARTESIAN_POINT('',(0.E+000,-0.41148));
#3413 = VECTOR('',#3414,1.);
#3414 = DIRECTION('',(1.,0.E+000));
#3415 = ( GEOMETRIC_REPRESENTATION_CONTEXT(2) 
PARAMETRIC_REPRESENTATION_CONTEXT() REPRESENTATION_CONTEXT('2D SPACE',''
  ) );
#3416 = PCURVE('',#215,#3417);
#3417 = DEFINITIONAL_REPRESENTATION('',(#3418),#3422);
#3418 = LINE('',#3419,#3420);
#3419 = CARTESIAN_POINT('',(4.322318E-002,23.54921376));
#3420 = VECTOR('',#3421,1.);
#3421 = DIRECTION('',(-4.704520756246E-004,-0.999999889337));
#3422 = ( GEOMETRIC_REPRESENTATION_CONTEXT(2) 
PARAMETRIC_REPRESENTATION_CONTEXT() REPRESENTATION_CONTEXT('2D SPACE',''
  ) );
#3423 = ORIENTED_EDGE('',*,*,#3424,.F.);
#3424 = EDGE_CURVE('',#3425,#3402,#3427,.T.);
#3425 = VERTEX_POINT('',#3426);
#3426 = CARTESIAN_POINT('',(0.E+000,3.51083372,0.E+000));
#3427 = SURFACE_CURVE('',#3428,(#3432,#3439),.PCURVE_S1.);
#3428 = LINE('',#3429,#3430);
#3429 = CARTESIAN_POINT('',(0.E+000,3.51083372,0.E+000));
#3430 = VECTOR('',#3431,1.);
#3431 = DIRECTION('',(0.E+000,0.E+000,1.));
#3432 = PCURVE('',#3364,#3433);
#3433 = DEFINITIONAL_REPRESENTATION('',(#3434),#3438);
#3434 = LINE('',#3435,#3436);
#3435 = CARTESIAN_POINT('',(23.00000480524,0.E+000));
#3436 = VECTOR('',#3437,1.);
#3437 = DIRECTION('',(0.E+000,-1.));
#3438 = ( GEOMETRIC_REPRESENTATION_CONTEXT(2) 
PARAMETRIC_REPRESENTATION_CONTEXT() REPRESENTATION_CONTEXT('2D SPACE',''
  ) );
#3439 = PCURVE('',#187,#3440);
#3440 = DEFINITIONAL_REPRESENTATION('',(#3441),#3445);
#3441 = LINE('',#3442,#3443);
#3442 = CARTESIAN_POINT('',(0.E+000,0.E+000));
#3443 = VECTOR('',#3444,1.);
#3444 = DIRECTION('',(0.E+000,-1.));
#3445 = ( GEOMETRIC_REPRESENTATION_CONTEXT(2) 
PARAMETRIC_REPRESENTATION_CONTEXT() REPRESENTATION_CONTEXT('2D SPACE',''
  ) );
#3446 = ORIENTED_EDGE('',*,*,#3447,.F.);
#3447 = EDGE_CURVE('',#3349,#3425,#3448,.T.);
#3448 = SURFACE_CURVE('',#3449,(#3453,#3460),.PCURVE_S1.);
#3449 = LINE('',#3450,#3451);
#3450 = CARTESIAN_POINT('',(-1.08204E-002,26.51083598,0.E+000));
#3451 = VECTOR('',#3452,1.);
#3452 = DIRECTION('',(4.704520756246E-004,-0.999999889337,0.E+000));
#3453 = PCURVE('',#3364,#3454);
#3454 = DEFINITIONAL_REPRESENTATION('',(#3455),#3459);
#3455 = LINE('',#3456,#3457);
#3456 = CARTESIAN_POINT('',(0.E+000,0.E+000));
#3457 = VECTOR('',#3458,1.);
#3458 = DIRECTION('',(1.,0.E+000));
#3459 = ( GEOMETRIC_REPRESENTATION_CONTEXT(2) 
PARAMETRIC_REPRESENTATION_CONTEXT() REPRESENTATION_CONTEXT('2D SPACE',''
  ) );
#3460 = PCURVE('',#269,#3461);
#3461 = DEFINITIONAL_REPRESENTATION('',(#3462),#3466);
#3462 = LINE('',#3463,#3464);
#3463 = CARTESIAN_POINT('',(4.322318E-002,23.54921376));
#3464 = VECTOR('',#3465,1.);
#3465 = DIRECTION('',(-4.704520756246E-004,-0.999999889337));
#3466 = ( GEOMETRIC_REPRESENTATION_CONTEXT(2) 
PARAMETRIC_REPRESENTATION_CONTEXT() REPRESENTATION_CONTEXT('2D SPACE',''
  ) );
#3467 = ADVANCED_FACE('',(#3468),#187,.F.);
#3468 = FACE_BOUND('',#3469,.F.);
#3469 = EDGE_LOOP('',(#3470,#3471,#3492,#3493));
#3470 = ORIENTED_EDGE('',*,*,#3424,.T.);
#3471 = ORIENTED_EDGE('',*,*,#3472,.T.);
#3472 = EDGE_CURVE('',#3402,#167,#3473,.T.);
#3473 = SURFACE_CURVE('',#3474,(#3478,#3485),.PCURVE_S1.);
#3474 = LINE('',#3475,#3476);
#3475 = CARTESIAN_POINT('',(0.E+000,3.51083372,0.41148));
#3476 = VECTOR('',#3477,1.);
#3477 = DIRECTION('',(5.889631260984E-002,-0.998264105516,0.E+000));
#3478 = PCURVE('',#187,#3479);
#3479 = DEFINITIONAL_REPRESENTATION('',(#3480),#3484);
#3480 = LINE('',#3481,#3482);
#3481 = CARTESIAN_POINT('',(0.E+000,-0.41148));
#3482 = VECTOR('',#3483,1.);
#3483 = DIRECTION('',(1.,0.E+000));
#3484 = ( GEOMETRIC_REPRESENTATION_CONTEXT(2) 
PARAMETRIC_REPRESENTATION_CONTEXT() REPRESENTATION_CONTEXT('2D SPACE',''
  ) );
#3485 = PCURVE('',#215,#3486);
#3486 = DEFINITIONAL_REPRESENTATION('',(#3487),#3491);
#3487 = LINE('',#3488,#3489);
#3488 = CARTESIAN_POINT('',(3.240278E-002,0.5492115));
#3489 = VECTOR('',#3490,1.);
#3490 = DIRECTION('',(-5.889631260984E-002,-0.998264105516));
#3491 = ( GEOMETRIC_REPRESENTATION_CONTEXT(2) 
PARAMETRIC_REPRESENTATION_CONTEXT() REPRESENTATION_CONTEXT('2D SPACE',''
  ) );
#3492 = ORIENTED_EDGE('',*,*,#164,.F.);
#3493 = ORIENTED_EDGE('',*,*,#3494,.F.);
#3494 = EDGE_CURVE('',#3425,#165,#3495,.T.);
#3495 = SURFACE_CURVE('',#3496,(#3500,#3507),.PCURVE_S1.);
#3496 = LINE('',#3497,#3498);
#3497 = CARTESIAN_POINT('',(0.E+000,3.51083372,0.E+000));
#3498 = VECTOR('',#3499,1.);
#3499 = DIRECTION('',(5.889631260984E-002,-0.998264105516,0.E+000));
#3500 = PCURVE('',#187,#3501);
#3501 = DEFINITIONAL_REPRESENTATION('',(#3502),#3506);
#3502 = LINE('',#3503,#3504);
#3503 = CARTESIAN_POINT('',(0.E+000,0.E+000));
#3504 = VECTOR('',#3505,1.);
#3505 = DIRECTION('',(1.,0.E+000));
#3506 = ( GEOMETRIC_REPRESENTATION_CONTEXT(2) 
PARAMETRIC_REPRESENTATION_CONTEXT() REPRESENTATION_CONTEXT('2D SPACE',''
  ) );
#3507 = PCURVE('',#269,#3508);
#3508 = DEFINITIONAL_REPRESENTATION('',(#3509),#3513);
#3509 = LINE('',#3510,#3511);
#3510 = CARTESIAN_POINT('',(3.240278E-002,0.5492115));
#3511 = VECTOR('',#3512,1.);
#3512 = DIRECTION('',(-5.889631260984E-002,-0.998264105516));
#3513 = ( GEOMETRIC_REPRESENTATION_CONTEXT(2) 
PARAMETRIC_REPRESENTATION_CONTEXT() REPRESENTATION_CONTEXT('2D SPACE',''
  ) );
#3514 = ADVANCED_FACE('',(#3515),#3529,.F.);
#3515 = FACE_BOUND('',#3516,.T.);
#3516 = EDGE_LOOP('',(#3517,#3547,#3573,#3574));
#3517 = ORIENTED_EDGE('',*,*,#3518,.T.);
#3518 = EDGE_CURVE('',#3519,#3521,#3523,.T.);
#3519 = VERTEX_POINT('',#3520);
#3520 = CARTESIAN_POINT('',(5.00001794,3.51083372,0.E+000));
#3521 = VERTEX_POINT('',#3522);
#3522 = CARTESIAN_POINT('',(5.00001794,3.51083372,0.41148));
#3523 = SEAM_CURVE('',#3524,(#3528,#3540),.PCURVE_S1.);
#3524 = LINE('',#3525,#3526);
#3525 = CARTESIAN_POINT('',(5.00001794,3.51083372,0.E+000));
#3526 = VECTOR('',#3527,1.);
#3527 = DIRECTION('',(0.E+000,0.E+000,1.));
#3528 = PCURVE('',#3529,#3534);
#3529 = CYLINDRICAL_SURFACE('',#3530,1.49999954);
#3530 = AXIS2_PLACEMENT_3D('',#3531,#3532,#3533);
#3531 = CARTESIAN_POINT('',(3.5000184,3.51083372,0.E+000));
#3532 = DIRECTION('',(-0.E+000,-0.E+000,-1.));
#3533 = DIRECTION('',(1.,0.E+000,-0.E+000));
#3534 = DEFINITIONAL_REPRESENTATION('',(#3535),#3539);
#3535 = LINE('',#3536,#3537);
#3536 = CARTESIAN_POINT('',(-0.E+000,0.E+000));
#3537 = VECTOR('',#3538,1.);
#3538 = DIRECTION('',(-0.E+000,-1.));
#3539 = ( GEOMETRIC_REPRESENTATION_CONTEXT(2) 
PARAMETRIC_REPRESENTATION_CONTEXT() REPRESENTATION_CONTEXT('2D SPACE',''
  ) );
#3540 = PCURVE('',#3529,#3541);
#3541 = DEFINITIONAL_REPRESENTATION('',(#3542),#3546);
#3542 = LINE('',#3543,#3544);
#3543 = CARTESIAN_POINT('',(-6.28318530718,0.E+000));
#3544 = VECTOR('',#3545,1.);
#3545 = DIRECTION('',(-0.E+000,-1.));
#3546 = ( GEOMETRIC_REPRESENTATION_CONTEXT(2) 
PARAMETRIC_REPRESENTATION_CONTEXT() REPRESENTATION_CONTEXT('2D SPACE',''
  ) );
#3547 = ORIENTED_EDGE('',*,*,#3548,.T.);
#3548 = EDGE_CURVE('',#3521,#3521,#3549,.T.);
#3549 = SURFACE_CURVE('',#3550,(#3555,#3562),.PCURVE_S1.);
#3550 = CIRCLE('',#3551,1.49999954);
#3551 = AXIS2_PLACEMENT_3D('',#3552,#3553,#3554);
#3552 = CARTESIAN_POINT('',(3.5000184,3.51083372,0.41148));
#3553 = DIRECTION('',(0.E+000,0.E+000,1.));
#3554 = DIRECTION('',(1.,0.E+000,-0.E+000));
#3555 = PCURVE('',#3529,#3556);
#3556 = DEFINITIONAL_REPRESENTATION('',(#3557),#3561);
#3557 = LINE('',#3558,#3559);
#3558 = CARTESIAN_POINT('',(-0.E+000,-0.41148));
#3559 = VECTOR('',#3560,1.);
#3560 = DIRECTION('',(-1.,0.E+000));
#3561 = ( GEOMETRIC_REPRESENTATION_CONTEXT(2) 
PARAMETRIC_REPRESENTATION_CONTEXT() REPRESENTATION_CONTEXT('2D SPACE',''
  ) );
#3562 = PCURVE('',#215,#3563);
#3563 = DEFINITIONAL_REPRESENTATION('',(#3564),#3572);
#3564 = ( BOUNDED_CURVE() B_SPLINE_CURVE(2,(#3565,#3566,#3567,#3568,
#3569,#3570,#3571),.UNSPECIFIED.,.T.,.F.) B_SPLINE_CURVE_WITH_KNOTS((1,2
    ,2,2,2,1),(-2.094395102393,0.E+000,2.094395102393,4.188790204786,
6.28318530718,8.377580409573),.UNSPECIFIED.) CURVE() 
GEOMETRIC_REPRESENTATION_ITEM() RATIONAL_B_SPLINE_CURVE((1.,0.5,1.,0.5,
1.,0.5,1.)) REPRESENTATION_ITEM('') );
#3565 = CARTESIAN_POINT('',(-4.96761516,0.5492115));
#3566 = CARTESIAN_POINT('',(-4.96761516,3.14728691461));
#3567 = CARTESIAN_POINT('',(-2.71761585,1.848249207305));
#3568 = CARTESIAN_POINT('',(-0.46761654,0.5492115));
#3569 = CARTESIAN_POINT('',(-2.71761585,-0.749826207305));
#3570 = CARTESIAN_POINT('',(-4.96761516,-2.04886391461));
#3571 = CARTESIAN_POINT('',(-4.96761516,0.5492115));
#3572 = ( GEOMETRIC_REPRESENTATION_CONTEXT(2) 
PARAMETRIC_REPRESENTATION_CONTEXT() REPRESENTATION_CONTEXT('2D SPACE',''
  ) );
#3573 = ORIENTED_EDGE('',*,*,#3518,.F.);
#3574 = ORIENTED_EDGE('',*,*,#3575,.F.);
#3575 = EDGE_CURVE('',#3519,#3519,#3576,.T.);
#3576 = SURFACE_CURVE('',#3577,(#3582,#3589),.PCURVE_S1.);
#3577 = CIRCLE('',#3578,1.49999954);
#3578 = AXIS2_PLACEMENT_3D('',#3579,#3580,#3581);
#3579 = CARTESIAN_POINT('',(3.5000184,3.51083372,0.E+000));
#3580 = DIRECTION('',(0.E+000,0.E+000,1.));
#3581 = DIRECTION('',(1.,0.E+000,-0.E+000));
#3582 = PCURVE('',#3529,#3583);
#3583 = DEFINITIONAL_REPRESENTATION('',(#3584),#3588);
#3584 = LINE('',#3585,#3586);
#3585 = CARTESIAN_POINT('',(-0.E+000,0.E+000));
#3586 = VECTOR('',#3587,1.);
#3587 = DIRECTION('',(-1.,0.E+000));
#3588 = ( GEOMETRIC_REPRESENTATION_CONTEXT(2) 
PARAMETRIC_REPRESENTATION_CONTEXT() REPRESENTATION_CONTEXT('2D SPACE',''
  ) );
#3589 = PCURVE('',#269,#3590);
#3590 = DEFINITIONAL_REPRESENTATION('',(#3591),#3599);
#3591 = ( BOUNDED_CURVE() B_SPLINE_CURVE(2,(#3592,#3593,#3594,#3595,
#3596,#3597,#3598),.UNSPECIFIED.,.T.,.F.) B_SPLINE_CURVE_WITH_KNOTS((1,2
    ,2,2,2,1),(-2.094395102393,0.E+000,2.094395102393,4.188790204786,
6.28318530718,8.377580409573),.UNSPECIFIED.) CURVE() 
GEOMETRIC_REPRESENTATION_ITEM() RATIONAL_B_SPLINE_CURVE((1.,0.5,1.,0.5,
1.,0.5,1.)) REPRESENTATION_ITEM('') );
#3592 = CARTESIAN_POINT('',(-4.96761516,0.5492115));
#3593 = CARTESIAN_POINT('',(-4.96761516,3.14728691461));
#3594 = CARTESIAN_POINT('',(-2.71761585,1.848249207305));
#3595 = CARTESIAN_POINT('',(-0.46761654,0.5492115));
#3596 = CARTESIAN_POINT('',(-2.71761585,-0.749826207305));
#3597 = CARTESIAN_POINT('',(-4.96761516,-2.04886391461));
#3598 = CARTESIAN_POINT('',(-4.96761516,0.5492115));
#3599 = ( GEOMETRIC_REPRESENTATION_CONTEXT(2) 
PARAMETRIC_REPRESENTATION_CONTEXT() REPRESENTATION_CONTEXT('2D SPACE',''
  ) );
#3600 = ADVANCED_FACE('',(#3601),#3615,.T.);
#3601 = FACE_BOUND('',#3602,.T.);
#3602 = EDGE_LOOP('',(#3603,#3638,#3661,#3689));
#3603 = ORIENTED_EDGE('',*,*,#3604,.T.);
#3604 = EDGE_CURVE('',#3605,#3607,#3609,.T.);
#3605 = VERTEX_POINT('',#3606);
#3606 = CARTESIAN_POINT('',(2.5202007,8.20000138,0.E+000));
#3607 = VERTEX_POINT('',#3608);
#3608 = CARTESIAN_POINT('',(2.5202007,8.20000138,0.41148));
#3609 = SURFACE_CURVE('',#3610,(#3614,#3626),.PCURVE_S1.);
#3610 = LINE('',#3611,#3612);
#3611 = CARTESIAN_POINT('',(2.5202007,8.20000138,0.E+000));
#3612 = VECTOR('',#3613,1.);
#3613 = DIRECTION('',(0.E+000,0.E+000,1.));
#3614 = PCURVE('',#3615,#3620);
#3615 = PLANE('',#3616);
#3616 = AXIS2_PLACEMENT_3D('',#3617,#3618,#3619);
#3617 = CARTESIAN_POINT('',(2.5202007,8.20000138,0.E+000));
#3618 = DIRECTION('',(0.E+000,1.,0.E+000));
#3619 = DIRECTION('',(1.,0.E+000,0.E+000));
#3620 = DEFINITIONAL_REPRESENTATION('',(#3621),#3625);
#3621 = LINE('',#3622,#3623);
#3622 = CARTESIAN_POINT('',(0.E+000,0.E+000));
#3623 = VECTOR('',#3624,1.);
#3624 = DIRECTION('',(0.E+000,-1.));
#3625 = ( GEOMETRIC_REPRESENTATION_CONTEXT(2) 
PARAMETRIC_REPRESENTATION_CONTEXT() REPRESENTATION_CONTEXT('2D SPACE',''
  ) );
#3626 = PCURVE('',#3627,#3632);
#3627 = CYLINDRICAL_SURFACE('',#3628,0.3999992);
#3628 = AXIS2_PLACEMENT_3D('',#3629,#3630,#3631);
#3629 = CARTESIAN_POINT('',(2.5202007,8.60000058,0.E+000));
#3630 = DIRECTION('',(-0.E+000,-0.E+000,-1.));
#3631 = DIRECTION('',(1.776360392121E-014,1.,-0.E+000));
#3632 = DEFINITIONAL_REPRESENTATION('',(#3633),#3637);
#3633 = LINE('',#3634,#3635);
#3634 = CARTESIAN_POINT('',(-3.14159265359,0.E+000));
#3635 = VECTOR('',#3636,1.);
#3636 = DIRECTION('',(-0.E+000,-1.));
#3637 = ( GEOMETRIC_REPRESENTATION_CONTEXT(2) 
PARAMETRIC_REPRESENTATION_CONTEXT() REPRESENTATION_CONTEXT('2D SPACE',''
  ) );
#3638 = ORIENTED_EDGE('',*,*,#3639,.T.);
#3639 = EDGE_CURVE('',#3607,#3640,#3642,.T.);
#3640 = VERTEX_POINT('',#3641);
#3641 = CARTESIAN_POINT('',(3.2201993,8.20000138,0.41148));
#3642 = SURFACE_CURVE('',#3643,(#3647,#3654),.PCURVE_S1.);
#3643 = LINE('',#3644,#3645);
#3644 = CARTESIAN_POINT('',(2.5202007,8.20000138,0.41148));
#3645 = VECTOR('',#3646,1.);
#3646 = DIRECTION('',(1.,0.E+000,0.E+000));
#3647 = PCURVE('',#3615,#3648);
#3648 = DEFINITIONAL_REPRESENTATION('',(#3649),#3653);
#3649 = LINE('',#3650,#3651);
#3650 = CARTESIAN_POINT('',(0.E+000,-0.41148));
#3651 = VECTOR('',#3652,1.);
#3652 = DIRECTION('',(1.,0.E+000));
#3653 = ( GEOMETRIC_REPRESENTATION_CONTEXT(2) 
PARAMETRIC_REPRESENTATION_CONTEXT() REPRESENTATION_CONTEXT('2D SPACE',''
  ) );
#3654 = PCURVE('',#215,#3655);
#3655 = DEFINITIONAL_REPRESENTATION('',(#3656),#3660);
#3656 = LINE('',#3657,#3658);
#3657 = CARTESIAN_POINT('',(-2.48779792,5.23837916));
#3658 = VECTOR('',#3659,1.);
#3659 = DIRECTION('',(-1.,0.E+000));
#3660 = ( GEOMETRIC_REPRESENTATION_CONTEXT(2) 
PARAMETRIC_REPRESENTATION_CONTEXT() REPRESENTATION_CONTEXT('2D SPACE',''
  ) );
#3661 = ORIENTED_EDGE('',*,*,#3662,.F.);
#3662 = EDGE_CURVE('',#3663,#3640,#3665,.T.);
#3663 = VERTEX_POINT('',#3664);
#3664 = CARTESIAN_POINT('',(3.2201993,8.20000138,0.E+000));
#3665 = SURFACE_CURVE('',#3666,(#3670,#3677),.PCURVE_S1.);
#3666 = LINE('',#3667,#3668);
#3667 = CARTESIAN_POINT('',(3.2201993,8.20000138,0.E+000));
#3668 = VECTOR('',#3669,1.);
#3669 = DIRECTION('',(0.E+000,0.E+000,1.));
#3670 = PCURVE('',#3615,#3671);
#3671 = DEFINITIONAL_REPRESENTATION('',(#3672),#3676);
#3672 = LINE('',#3673,#3674);
#3673 = CARTESIAN_POINT('',(0.6999986,0.E+000));
#3674 = VECTOR('',#3675,1.);
#3675 = DIRECTION('',(0.E+000,-1.));
#3676 = ( GEOMETRIC_REPRESENTATION_CONTEXT(2) 
PARAMETRIC_REPRESENTATION_CONTEXT() REPRESENTATION_CONTEXT('2D SPACE',''
  ) );
#3677 = PCURVE('',#3678,#3683);
#3678 = CYLINDRICAL_SURFACE('',#3679,0.3999992);
#3679 = AXIS2_PLACEMENT_3D('',#3680,#3681,#3682);
#3680 = CARTESIAN_POINT('',(3.2201993,8.60000058,0.E+000));
#3681 = DIRECTION('',(-0.E+000,-0.E+000,-1.));
#3682 = DIRECTION('',(-1.776360392121E-014,-1.,0.E+000));
#3683 = DEFINITIONAL_REPRESENTATION('',(#3684),#3688);
#3684 = LINE('',#3685,#3686);
#3685 = CARTESIAN_POINT('',(-0.E+000,0.E+000));
#3686 = VECTOR('',#3687,1.);
#3687 = DIRECTION('',(-0.E+000,-1.));
#3688 = ( GEOMETRIC_REPRESENTATION_CONTEXT(2) 
PARAMETRIC_REPRESENTATION_CONTEXT() REPRESENTATION_CONTEXT('2D SPACE',''
  ) );
#3689 = ORIENTED_EDGE('',*,*,#3690,.F.);
#3690 = EDGE_CURVE('',#3605,#3663,#3691,.T.);
#3691 = SURFACE_CURVE('',#3692,(#3696,#3703),.PCURVE_S1.);
#3692 = LINE('',#3693,#3694);
#3693 = CARTESIAN_POINT('',(2.5202007,8.20000138,0.E+000));
#3694 = VECTOR('',#3695,1.);
#3695 = DIRECTION('',(1.,0.E+000,0.E+000));
#3696 = PCURVE('',#3615,#3697);
#3697 = DEFINITIONAL_REPRESENTATION('',(#3698),#3702);
#3698 = LINE('',#3699,#3700);
#3699 = CARTESIAN_POINT('',(0.E+000,0.E+000));
#3700 = VECTOR('',#3701,1.);
#3701 = DIRECTION('',(1.,0.E+000));
#3702 = ( GEOMETRIC_REPRESENTATION_CONTEXT(2) 
PARAMETRIC_REPRESENTATION_CONTEXT() REPRESENTATION_CONTEXT('2D SPACE',''
  ) );
#3703 = PCURVE('',#269,#3704);
#3704 = DEFINITIONAL_REPRESENTATION('',(#3705),#3709);
#3705 = LINE('',#3706,#3707);
#3706 = CARTESIAN_POINT('',(-2.48779792,5.23837916));
#3707 = VECTOR('',#3708,1.);
#3708 = DIRECTION('',(-1.,0.E+000));
#3709 = ( GEOMETRIC_REPRESENTATION_CONTEXT(2) 
PARAMETRIC_REPRESENTATION_CONTEXT() REPRESENTATION_CONTEXT('2D SPACE',''
  ) );
#3710 = ADVANCED_FACE('',(#3711),#3678,.F.);
#3711 = FACE_BOUND('',#3712,.T.);
#3712 = EDGE_LOOP('',(#3713,#3714,#3742,#3770));
#3713 = ORIENTED_EDGE('',*,*,#3662,.T.);
#3714 = ORIENTED_EDGE('',*,*,#3715,.T.);
#3715 = EDGE_CURVE('',#3640,#3716,#3718,.T.);
#3716 = VERTEX_POINT('',#3717);
#3717 = CARTESIAN_POINT('',(3.2201993,8.99999978,0.41148));
#3718 = SURFACE_CURVE('',#3719,(#3724,#3731),.PCURVE_S1.);
#3719 = CIRCLE('',#3720,0.3999992);
#3720 = AXIS2_PLACEMENT_3D('',#3721,#3722,#3723);
#3721 = CARTESIAN_POINT('',(3.2201993,8.60000058,0.41148));
#3722 = DIRECTION('',(0.E+000,0.E+000,1.));
#3723 = DIRECTION('',(-1.776360392121E-014,-1.,0.E+000));
#3724 = PCURVE('',#3678,#3725);
#3725 = DEFINITIONAL_REPRESENTATION('',(#3726),#3730);
#3726 = LINE('',#3727,#3728);
#3727 = CARTESIAN_POINT('',(-0.E+000,-0.41148));
#3728 = VECTOR('',#3729,1.);
#3729 = DIRECTION('',(-1.,0.E+000));
#3730 = ( GEOMETRIC_REPRESENTATION_CONTEXT(2) 
PARAMETRIC_REPRESENTATION_CONTEXT() REPRESENTATION_CONTEXT('2D SPACE',''
  ) );
#3731 = PCURVE('',#215,#3732);
#3732 = DEFINITIONAL_REPRESENTATION('',(#3733),#3741);
#3733 = ( BOUNDED_CURVE() B_SPLINE_CURVE(2,(#3734,#3735,#3736,#3737,
#3738,#3739,#3740),.UNSPECIFIED.,.F.,.F.) B_SPLINE_CURVE_WITH_KNOTS((1,2
    ,2,2,2,1),(-2.094395102393,0.E+000,2.094395102393,4.188790204786,
6.28318530718,8.377580409573),.UNSPECIFIED.) CURVE() 
GEOMETRIC_REPRESENTATION_ITEM() RATIONAL_B_SPLINE_CURVE((1.,0.5,1.,0.5,
1.,0.5,1.)) REPRESENTATION_ITEM('') );
#3734 = CARTESIAN_POINT('',(-3.18779652,5.23837916));
#3735 = CARTESIAN_POINT('',(-3.880615457387,5.23837916));
#3736 = CARTESIAN_POINT('',(-3.534205988693,5.83837796));
#3737 = CARTESIAN_POINT('',(-3.18779652,6.43837676));
#3738 = CARTESIAN_POINT('',(-2.841387051307,5.83837796));
#3739 = CARTESIAN_POINT('',(-2.494977582613,5.23837916));
#3740 = CARTESIAN_POINT('',(-3.18779652,5.23837916));
#3741 = ( GEOMETRIC_REPRESENTATION_CONTEXT(2) 
PARAMETRIC_REPRESENTATION_CONTEXT() REPRESENTATION_CONTEXT('2D SPACE',''
  ) );
#3742 = ORIENTED_EDGE('',*,*,#3743,.F.);
#3743 = EDGE_CURVE('',#3744,#3716,#3746,.T.);
#3744 = VERTEX_POINT('',#3745);
#3745 = CARTESIAN_POINT('',(3.2201993,8.99999978,0.E+000));
#3746 = SURFACE_CURVE('',#3747,(#3751,#3758),.PCURVE_S1.);
#3747 = LINE('',#3748,#3749);
#3748 = CARTESIAN_POINT('',(3.2201993,8.99999978,0.E+000));
#3749 = VECTOR('',#3750,1.);
#3750 = DIRECTION('',(0.E+000,0.E+000,1.));
#3751 = PCURVE('',#3678,#3752);
#3752 = DEFINITIONAL_REPRESENTATION('',(#3753),#3757);
#3753 = LINE('',#3754,#3755);
#3754 = CARTESIAN_POINT('',(-3.14159265359,0.E+000));
#3755 = VECTOR('',#3756,1.);
#3756 = DIRECTION('',(-0.E+000,-1.));
#3757 = ( GEOMETRIC_REPRESENTATION_CONTEXT(2) 
PARAMETRIC_REPRESENTATION_CONTEXT() REPRESENTATION_CONTEXT('2D SPACE',''
  ) );
#3758 = PCURVE('',#3759,#3764);
#3759 = PLANE('',#3760);
#3760 = AXIS2_PLACEMENT_3D('',#3761,#3762,#3763);
#3761 = CARTESIAN_POINT('',(3.2201993,8.99999978,0.E+000));
#3762 = DIRECTION('',(0.E+000,-1.,0.E+000));
#3763 = DIRECTION('',(-1.,0.E+000,0.E+000));
#3764 = DEFINITIONAL_REPRESENTATION('',(#3765),#3769);
#3765 = LINE('',#3766,#3767);
#3766 = CARTESIAN_POINT('',(0.E+000,-0.E+000));
#3767 = VECTOR('',#3768,1.);
#3768 = DIRECTION('',(0.E+000,-1.));
#3769 = ( GEOMETRIC_REPRESENTATION_CONTEXT(2) 
PARAMETRIC_REPRESENTATION_CONTEXT() REPRESENTATION_CONTEXT('2D SPACE',''
  ) );
#3770 = ORIENTED_EDGE('',*,*,#3771,.F.);
#3771 = EDGE_CURVE('',#3663,#3744,#3772,.T.);
#3772 = SURFACE_CURVE('',#3773,(#3778,#3785),.PCURVE_S1.);
#3773 = CIRCLE('',#3774,0.3999992);
#3774 = AXIS2_PLACEMENT_3D('',#3775,#3776,#3777);
#3775 = CARTESIAN_POINT('',(3.2201993,8.60000058,0.E+000));
#3776 = DIRECTION('',(0.E+000,0.E+000,1.));
#3777 = DIRECTION('',(-1.776360392121E-014,-1.,0.E+000));
#3778 = PCURVE('',#3678,#3779);
#3779 = DEFINITIONAL_REPRESENTATION('',(#3780),#3784);
#3780 = LINE('',#3781,#3782);
#3781 = CARTESIAN_POINT('',(-0.E+000,0.E+000));
#3782 = VECTOR('',#3783,1.);
#3783 = DIRECTION('',(-1.,0.E+000));
#3784 = ( GEOMETRIC_REPRESENTATION_CONTEXT(2) 
PARAMETRIC_REPRESENTATION_CONTEXT() REPRESENTATION_CONTEXT('2D SPACE',''
  ) );
#3785 = PCURVE('',#269,#3786);
#3786 = DEFINITIONAL_REPRESENTATION('',(#3787),#3795);
#3787 = ( BOUNDED_CURVE() B_SPLINE_CURVE(2,(#3788,#3789,#3790,#3791,
#3792,#3793,#3794),.UNSPECIFIED.,.F.,.F.) B_SPLINE_CURVE_WITH_KNOTS((1,2
    ,2,2,2,1),(-2.094395102393,0.E+000,2.094395102393,4.188790204786,
6.28318530718,8.377580409573),.UNSPECIFIED.) CURVE() 
GEOMETRIC_REPRESENTATION_ITEM() RATIONAL_B_SPLINE_CURVE((1.,0.5,1.,0.5,
1.,0.5,1.)) REPRESENTATION_ITEM('') );
#3788 = CARTESIAN_POINT('',(-3.18779652,5.23837916));
#3789 = CARTESIAN_POINT('',(-3.880615457387,5.23837916));
#3790 = CARTESIAN_POINT('',(-3.534205988693,5.83837796));
#3791 = CARTESIAN_POINT('',(-3.18779652,6.43837676));
#3792 = CARTESIAN_POINT('',(-2.841387051307,5.83837796));
#3793 = CARTESIAN_POINT('',(-2.494977582613,5.23837916));
#3794 = CARTESIAN_POINT('',(-3.18779652,5.23837916));
#3795 = ( GEOMETRIC_REPRESENTATION_CONTEXT(2) 
PARAMETRIC_REPRESENTATION_CONTEXT() REPRESENTATION_CONTEXT('2D SPACE',''
  ) );
#3796 = ADVANCED_FACE('',(#3797),#3759,.T.);
#3797 = FACE_BOUND('',#3798,.T.);
#3798 = EDGE_LOOP('',(#3799,#3800,#3823,#3846));
#3799 = ORIENTED_EDGE('',*,*,#3743,.T.);
#3800 = ORIENTED_EDGE('',*,*,#3801,.T.);
#3801 = EDGE_CURVE('',#3716,#3802,#3804,.T.);
#3802 = VERTEX_POINT('',#3803);
#3803 = CARTESIAN_POINT('',(2.5202007,8.99999978,0.41148));
#3804 = SURFACE_CURVE('',#3805,(#3809,#3816),.PCURVE_S1.);
#3805 = LINE('',#3806,#3807);
#3806 = CARTESIAN_POINT('',(3.2201993,8.99999978,0.41148));
#3807 = VECTOR('',#3808,1.);
#3808 = DIRECTION('',(-1.,0.E+000,0.E+000));
#3809 = PCURVE('',#3759,#3810);
#3810 = DEFINITIONAL_REPRESENTATION('',(#3811),#3815);
#3811 = LINE('',#3812,#3813);
#3812 = CARTESIAN_POINT('',(0.E+000,-0.41148));
#3813 = VECTOR('',#3814,1.);
#3814 = DIRECTION('',(1.,0.E+000));
#3815 = ( GEOMETRIC_REPRESENTATION_CONTEXT(2) 
PARAMETRIC_REPRESENTATION_CONTEXT() REPRESENTATION_CONTEXT('2D SPACE',''
  ) );
#3816 = PCURVE('',#215,#3817);
#3817 = DEFINITIONAL_REPRESENTATION('',(#3818),#3822);
#3818 = LINE('',#3819,#3820);
#3819 = CARTESIAN_POINT('',(-3.18779652,6.03837756));
#3820 = VECTOR('',#3821,1.);
#3821 = DIRECTION('',(1.,0.E+000));
#3822 = ( GEOMETRIC_REPRESENTATION_CONTEXT(2) 
PARAMETRIC_REPRESENTATION_CONTEXT() REPRESENTATION_CONTEXT('2D SPACE',''
  ) );
#3823 = ORIENTED_EDGE('',*,*,#3824,.F.);
#3824 = EDGE_CURVE('',#3825,#3802,#3827,.T.);
#3825 = VERTEX_POINT('',#3826);
#3826 = CARTESIAN_POINT('',(2.5202007,8.99999978,0.E+000));
#3827 = SURFACE_CURVE('',#3828,(#3832,#3839),.PCURVE_S1.);
#3828 = LINE('',#3829,#3830);
#3829 = CARTESIAN_POINT('',(2.5202007,8.99999978,0.E+000));
#3830 = VECTOR('',#3831,1.);
#3831 = DIRECTION('',(0.E+000,0.E+000,1.));
#3832 = PCURVE('',#3759,#3833);
#3833 = DEFINITIONAL_REPRESENTATION('',(#3834),#3838);
#3834 = LINE('',#3835,#3836);
#3835 = CARTESIAN_POINT('',(0.6999986,0.E+000));
#3836 = VECTOR('',#3837,1.);
#3837 = DIRECTION('',(0.E+000,-1.));
#3838 = ( GEOMETRIC_REPRESENTATION_CONTEXT(2) 
PARAMETRIC_REPRESENTATION_CONTEXT() REPRESENTATION_CONTEXT('2D SPACE',''
  ) );
#3839 = PCURVE('',#3627,#3840);
#3840 = DEFINITIONAL_REPRESENTATION('',(#3841),#3845);
#3841 = LINE('',#3842,#3843);
#3842 = CARTESIAN_POINT('',(-0.E+000,0.E+000));
#3843 = VECTOR('',#3844,1.);
#3844 = DIRECTION('',(-0.E+000,-1.));
#3845 = ( GEOMETRIC_REPRESENTATION_CONTEXT(2) 
PARAMETRIC_REPRESENTATION_CONTEXT() REPRESENTATION_CONTEXT('2D SPACE',''
  ) );
#3846 = ORIENTED_EDGE('',*,*,#3847,.F.);
#3847 = EDGE_CURVE('',#3744,#3825,#3848,.T.);
#3848 = SURFACE_CURVE('',#3849,(#3853,#3860),.PCURVE_S1.);
#3849 = LINE('',#3850,#3851);
#3850 = CARTESIAN_POINT('',(3.2201993,8.99999978,0.E+000));
#3851 = VECTOR('',#3852,1.);
#3852 = DIRECTION('',(-1.,0.E+000,0.E+000));
#3853 = PCURVE('',#3759,#3854);
#3854 = DEFINITIONAL_REPRESENTATION('',(#3855),#3859);
#3855 = LINE('',#3856,#3857);
#3856 = CARTESIAN_POINT('',(0.E+000,-0.E+000));
#3857 = VECTOR('',#3858,1.);
#3858 = DIRECTION('',(1.,0.E+000));
#3859 = ( GEOMETRIC_REPRESENTATION_CONTEXT(2) 
PARAMETRIC_REPRESENTATION_CONTEXT() REPRESENTATION_CONTEXT('2D SPACE',''
  ) );
#3860 = PCURVE('',#269,#3861);
#3861 = DEFINITIONAL_REPRESENTATION('',(#3862),#3866);
#3862 = LINE('',#3863,#3864);
#3863 = CARTESIAN_POINT('',(-3.18779652,6.03837756));
#3864 = VECTOR('',#3865,1.);
#3865 = DIRECTION('',(1.,0.E+000));
#3866 = ( GEOMETRIC_REPRESENTATION_CONTEXT(2) 
PARAMETRIC_REPRESENTATION_CONTEXT() REPRESENTATION_CONTEXT('2D SPACE',''
  ) );
#3867 = ADVANCED_FACE('',(#3868),#3627,.F.);
#3868 = FACE_BOUND('',#3869,.T.);
#3869 = EDGE_LOOP('',(#3870,#3871,#3897,#3898));
#3870 = ORIENTED_EDGE('',*,*,#3824,.T.);
#3871 = ORIENTED_EDGE('',*,*,#3872,.T.);
#3872 = EDGE_CURVE('',#3802,#3607,#3873,.T.);
#3873 = SURFACE_CURVE('',#3874,(#3879,#3886),.PCURVE_S1.);
#3874 = CIRCLE('',#3875,0.3999992);
#3875 = AXIS2_PLACEMENT_3D('',#3876,#3877,#3878);
#3876 = CARTESIAN_POINT('',(2.5202007,8.60000058,0.41148));
#3877 = DIRECTION('',(0.E+000,0.E+000,1.));
#3878 = DIRECTION('',(1.776360392121E-014,1.,-0.E+000));
#3879 = PCURVE('',#3627,#3880);
#3880 = DEFINITIONAL_REPRESENTATION('',(#3881),#3885);
#3881 = LINE('',#3882,#3883);
#3882 = CARTESIAN_POINT('',(-0.E+000,-0.41148));
#3883 = VECTOR('',#3884,1.);
#3884 = DIRECTION('',(-1.,0.E+000));
#3885 = ( GEOMETRIC_REPRESENTATION_CONTEXT(2) 
PARAMETRIC_REPRESENTATION_CONTEXT() REPRESENTATION_CONTEXT('2D SPACE',''
  ) );
#3886 = PCURVE('',#215,#3887);
#3887 = DEFINITIONAL_REPRESENTATION('',(#3888),#3896);
#3888 = ( BOUNDED_CURVE() B_SPLINE_CURVE(2,(#3889,#3890,#3891,#3892,
#3893,#3894,#3895),.UNSPECIFIED.,.T.,.F.) B_SPLINE_CURVE_WITH_KNOTS((1,2
    ,2,2,2,1),(-2.094395102393,0.E+000,2.094395102393,4.188790204786,
6.28318530718,8.377580409573),.UNSPECIFIED.) CURVE() 
GEOMETRIC_REPRESENTATION_ITEM() RATIONAL_B_SPLINE_CURVE((1.,0.5,1.,0.5,
1.,0.5,1.)) REPRESENTATION_ITEM('') );
#3889 = CARTESIAN_POINT('',(-2.48779792,6.03837756));
#3890 = CARTESIAN_POINT('',(-1.794978982613,6.03837756));
#3891 = CARTESIAN_POINT('',(-2.141388451307,5.43837876));
#3892 = CARTESIAN_POINT('',(-2.48779792,4.83837996));
#3893 = CARTESIAN_POINT('',(-2.834207388693,5.43837876));
#3894 = CARTESIAN_POINT('',(-3.180616857387,6.03837756));
#3895 = CARTESIAN_POINT('',(-2.48779792,6.03837756));
#3896 = ( GEOMETRIC_REPRESENTATION_CONTEXT(2) 
PARAMETRIC_REPRESENTATION_CONTEXT() REPRESENTATION_CONTEXT('2D SPACE',''
  ) );
#3897 = ORIENTED_EDGE('',*,*,#3604,.F.);
#3898 = ORIENTED_EDGE('',*,*,#3899,.F.);
#3899 = EDGE_CURVE('',#3825,#3605,#3900,.T.);
#3900 = SURFACE_CURVE('',#3901,(#3906,#3913),.PCURVE_S1.);
#3901 = CIRCLE('',#3902,0.3999992);
#3902 = AXIS2_PLACEMENT_3D('',#3903,#3904,#3905);
#3903 = CARTESIAN_POINT('',(2.5202007,8.60000058,0.E+000));
#3904 = DIRECTION('',(0.E+000,0.E+000,1.));
#3905 = DIRECTION('',(1.776360392121E-014,1.,-0.E+000));
#3906 = PCURVE('',#3627,#3907);
#3907 = DEFINITIONAL_REPRESENTATION('',(#3908),#3912);
#3908 = LINE('',#3909,#3910);
#3909 = CARTESIAN_POINT('',(-0.E+000,0.E+000));
#3910 = VECTOR('',#3911,1.);
#3911 = DIRECTION('',(-1.,0.E+000));
#3912 = ( GEOMETRIC_REPRESENTATION_CONTEXT(2) 
PARAMETRIC_REPRESENTATION_CONTEXT() REPRESENTATION_CONTEXT('2D SPACE',''
  ) );
#3913 = PCURVE('',#269,#3914);
#3914 = DEFINITIONAL_REPRESENTATION('',(#3915),#3923);
#3915 = ( BOUNDED_CURVE() B_SPLINE_CURVE(2,(#3916,#3917,#3918,#3919,
#3920,#3921,#3922),.UNSPECIFIED.,.T.,.F.) B_SPLINE_CURVE_WITH_KNOTS((1,2
    ,2,2,2,1),(-2.094395102393,0.E+000,2.094395102393,4.188790204786,
6.28318530718,8.377580409573),.UNSPECIFIED.) CURVE() 
GEOMETRIC_REPRESENTATION_ITEM() RATIONAL_B_SPLINE_CURVE((1.,0.5,1.,0.5,
1.,0.5,1.)) REPRESENTATION_ITEM('') );
#3916 = CARTESIAN_POINT('',(-2.48779792,6.03837756));
#3917 = CARTESIAN_POINT('',(-1.794978982613,6.03837756));
#3918 = CARTESIAN_POINT('',(-2.141388451307,5.43837876));
#3919 = CARTESIAN_POINT('',(-2.48779792,4.83837996));
#3920 = CARTESIAN_POINT('',(-2.834207388693,5.43837876));
#3921 = CARTESIAN_POINT('',(-3.180616857387,6.03837756));
#3922 = CARTESIAN_POINT('',(-2.48779792,6.03837756));
#3923 = ( GEOMETRIC_REPRESENTATION_CONTEXT(2) 
PARAMETRIC_REPRESENTATION_CONTEXT() REPRESENTATION_CONTEXT('2D SPACE',''
  ) );
#3924 = ADVANCED_FACE('',(#3925),#3939,.F.);
#3925 = FACE_BOUND('',#3926,.T.);
#3926 = EDGE_LOOP('',(#3927,#3957,#3983,#3984));
#3927 = ORIENTED_EDGE('',*,*,#3928,.T.);
#3928 = EDGE_CURVE('',#3929,#3931,#3933,.T.);
#3929 = VERTEX_POINT('',#3930);
#3930 = CARTESIAN_POINT('',(52.12599938,2.23700086,0.E+000));
#3931 = VERTEX_POINT('',#3932);
#3932 = CARTESIAN_POINT('',(52.12599938,2.23700086,0.41148));
#3933 = SEAM_CURVE('',#3934,(#3938,#3950),.PCURVE_S1.);
#3934 = LINE('',#3935,#3936);
#3935 = CARTESIAN_POINT('',(52.12599938,2.23700086,0.E+000));
#3936 = VECTOR('',#3937,1.);
#3937 = DIRECTION('',(0.E+000,0.E+000,1.));
#3938 = PCURVE('',#3939,#3944);
#3939 = CYLINDRICAL_SURFACE('',#3940,0.6999986);
#3940 = AXIS2_PLACEMENT_3D('',#3941,#3942,#3943);
#3941 = CARTESIAN_POINT('',(51.42600078,2.23700086,0.E+000));
#3942 = DIRECTION('',(-0.E+000,-0.E+000,-1.));
#3943 = DIRECTION('',(1.,0.E+000,-0.E+000));
#3944 = DEFINITIONAL_REPRESENTATION('',(#3945),#3949);
#3945 = LINE('',#3946,#3947);
#3946 = CARTESIAN_POINT('',(-0.E+000,0.E+000));
#3947 = VECTOR('',#3948,1.);
#3948 = DIRECTION('',(-0.E+000,-1.));
#3949 = ( GEOMETRIC_REPRESENTATION_CONTEXT(2) 
PARAMETRIC_REPRESENTATION_CONTEXT() REPRESENTATION_CONTEXT('2D SPACE',''
  ) );
#3950 = PCURVE('',#3939,#3951);
#3951 = DEFINITIONAL_REPRESENTATION('',(#3952),#3956);
#3952 = LINE('',#3953,#3954);
#3953 = CARTESIAN_POINT('',(-6.28318530718,0.E+000));
#3954 = VECTOR('',#3955,1.);
#3955 = DIRECTION('',(-0.E+000,-1.));
#3956 = ( GEOMETRIC_REPRESENTATION_CONTEXT(2) 
PARAMETRIC_REPRESENTATION_CONTEXT() REPRESENTATION_CONTEXT('2D SPACE',''
  ) );
#3957 = ORIENTED_EDGE('',*,*,#3958,.T.);
#3958 = EDGE_CURVE('',#3931,#3931,#3959,.T.);
#3959 = SURFACE_CURVE('',#3960,(#3965,#3972),.PCURVE_S1.);
#3960 = CIRCLE('',#3961,0.6999986);
#3961 = AXIS2_PLACEMENT_3D('',#3962,#3963,#3964);
#3962 = CARTESIAN_POINT('',(51.42600078,2.23700086,0.41148));
#3963 = DIRECTION('',(0.E+000,0.E+000,1.));
#3964 = DIRECTION('',(1.,0.E+000,-0.E+000));
#3965 = PCURVE('',#3939,#3966);
#3966 = DEFINITIONAL_REPRESENTATION('',(#3967),#3971);
#3967 = LINE('',#3968,#3969);
#3968 = CARTESIAN_POINT('',(-0.E+000,-0.41148));
#3969 = VECTOR('',#3970,1.);
#3970 = DIRECTION('',(-1.,0.E+000));
#3971 = ( GEOMETRIC_REPRESENTATION_CONTEXT(2) 
PARAMETRIC_REPRESENTATION_CONTEXT() REPRESENTATION_CONTEXT('2D SPACE',''
  ) );
#3972 = PCURVE('',#215,#3973);
#3973 = DEFINITIONAL_REPRESENTATION('',(#3974),#3982);
#3974 = ( BOUNDED_CURVE() B_SPLINE_CURVE(2,(#3975,#3976,#3977,#3978,
#3979,#3980,#3981),.UNSPECIFIED.,.T.,.F.) B_SPLINE_CURVE_WITH_KNOTS((1,2
    ,2,2,2,1),(-2.094395102393,0.E+000,2.094395102393,4.188790204786,
6.28318530718,8.377580409573),.UNSPECIFIED.) CURVE() 
GEOMETRIC_REPRESENTATION_ITEM() RATIONAL_B_SPLINE_CURVE((1.,0.5,1.,0.5,
1.,0.5,1.)) REPRESENTATION_ITEM('') );
#3975 = CARTESIAN_POINT('',(-52.0935966,-0.72462136));
#3976 = CARTESIAN_POINT('',(-52.0935966,0.487811780427));
#3977 = CARTESIAN_POINT('',(-51.0435987,-0.118404789786));
#3978 = CARTESIAN_POINT('',(-49.9936008,-0.72462136));
#3979 = CARTESIAN_POINT('',(-51.0435987,-1.330837930214));
#3980 = CARTESIAN_POINT('',(-52.0935966,-1.937054500427));
#3981 = CARTESIAN_POINT('',(-52.0935966,-0.72462136));
#3982 = ( GEOMETRIC_REPRESENTATION_CONTEXT(2) 
PARAMETRIC_REPRESENTATION_CONTEXT() REPRESENTATION_CONTEXT('2D SPACE',''
  ) );
#3983 = ORIENTED_EDGE('',*,*,#3928,.F.);
#3984 = ORIENTED_EDGE('',*,*,#3985,.F.);
#3985 = EDGE_CURVE('',#3929,#3929,#3986,.T.);
#3986 = SURFACE_CURVE('',#3987,(#3992,#3999),.PCURVE_S1.);
#3987 = CIRCLE('',#3988,0.6999986);
#3988 = AXIS2_PLACEMENT_3D('',#3989,#3990,#3991);
#3989 = CARTESIAN_POINT('',(51.42600078,2.23700086,0.E+000));
#3990 = DIRECTION('',(0.E+000,0.E+000,1.));
#3991 = DIRECTION('',(1.,0.E+000,-0.E+000));
#3992 = PCURVE('',#3939,#3993);
#3993 = DEFINITIONAL_REPRESENTATION('',(#3994),#3998);
#3994 = LINE('',#3995,#3996);
#3995 = CARTESIAN_POINT('',(-0.E+000,0.E+000));
#3996 = VECTOR('',#3997,1.);
#3997 = DIRECTION('',(-1.,0.E+000));
#3998 = ( GEOMETRIC_REPRESENTATION_CONTEXT(2) 
PARAMETRIC_REPRESENTATION_CONTEXT() REPRESENTATION_CONTEXT('2D SPACE',''
  ) );
#3999 = PCURVE('',#269,#4000);
#4000 = DEFINITIONAL_REPRESENTATION('',(#4001),#4009);
#4001 = ( BOUNDED_CURVE() B_SPLINE_CURVE(2,(#4002,#4003,#4004,#4005,
#4006,#4007,#4008),.UNSPECIFIED.,.T.,.F.) B_SPLINE_CURVE_WITH_KNOTS((1,2
    ,2,2,2,1),(-2.094395102393,0.E+000,2.094395102393,4.188790204786,
6.28318530718,8.377580409573),.UNSPECIFIED.) CURVE() 
GEOMETRIC_REPRESENTATION_ITEM() RATIONAL_B_SPLINE_CURVE((1.,0.5,1.,0.5,
1.,0.5,1.)) REPRESENTATION_ITEM('') );
#4002 = CARTESIAN_POINT('',(-52.0935966,-0.72462136));
#4003 = CARTESIAN_POINT('',(-52.0935966,0.487811780427));
#4004 = CARTESIAN_POINT('',(-51.0435987,-0.118404789786));
#4005 = CARTESIAN_POINT('',(-49.9936008,-0.72462136));
#4006 = CARTESIAN_POINT('',(-51.0435987,-1.330837930214));
#4007 = CARTESIAN_POINT('',(-52.0935966,-1.937054500427));
#4008 = CARTESIAN_POINT('',(-52.0935966,-0.72462136));
#4009 = ( GEOMETRIC_REPRESENTATION_CONTEXT(2) 
PARAMETRIC_REPRESENTATION_CONTEXT() REPRESENTATION_CONTEXT('2D SPACE',''
  ) );
#4010 = ADVANCED_FACE('',(#4011),#4025,.F.);
#4011 = FACE_BOUND('',#4012,.T.);
#4012 = EDGE_LOOP('',(#4013,#4043,#4069,#4070));
#4013 = ORIENTED_EDGE('',*,*,#4014,.T.);
#4014 = EDGE_CURVE('',#4015,#4017,#4019,.T.);
#4015 = VERTEX_POINT('',#4016);
#4016 = CARTESIAN_POINT('',(52.12599938,4.77700086,0.E+000));
#4017 = VERTEX_POINT('',#4018);
#4018 = CARTESIAN_POINT('',(52.12599938,4.77700086,0.41148));
#4019 = SEAM_CURVE('',#4020,(#4024,#4036),.PCURVE_S1.);
#4020 = LINE('',#4021,#4022);
#4021 = CARTESIAN_POINT('',(52.12599938,4.77700086,0.E+000));
#4022 = VECTOR('',#4023,1.);
#4023 = DIRECTION('',(0.E+000,0.E+000,1.));
#4024 = PCURVE('',#4025,#4030);
#4025 = CYLINDRICAL_SURFACE('',#4026,0.6999986);
#4026 = AXIS2_PLACEMENT_3D('',#4027,#4028,#4029);
#4027 = CARTESIAN_POINT('',(51.42600078,4.77700086,0.E+000));
#4028 = DIRECTION('',(-0.E+000,-0.E+000,-1.));
#4029 = DIRECTION('',(1.,0.E+000,-0.E+000));
#4030 = DEFINITIONAL_REPRESENTATION('',(#4031),#4035);
#4031 = LINE('',#4032,#4033);
#4032 = CARTESIAN_POINT('',(-0.E+000,0.E+000));
#4033 = VECTOR('',#4034,1.);
#4034 = DIRECTION('',(-0.E+000,-1.));
#4035 = ( GEOMETRIC_REPRESENTATION_CONTEXT(2) 
PARAMETRIC_REPRESENTATION_CONTEXT() REPRESENTATION_CONTEXT('2D SPACE',''
  ) );
#4036 = PCURVE('',#4025,#4037);
#4037 = DEFINITIONAL_REPRESENTATION('',(#4038),#4042);
#4038 = LINE('',#4039,#4040);
#4039 = CARTESIAN_POINT('',(-6.28318530718,0.E+000));
#4040 = VECTOR('',#4041,1.);
#4041 = DIRECTION('',(-0.E+000,-1.));
#4042 = ( GEOMETRIC_REPRESENTATION_CONTEXT(2) 
PARAMETRIC_REPRESENTATION_CONTEXT() REPRESENTATION_CONTEXT('2D SPACE',''
  ) );
#4043 = ORIENTED_EDGE('',*,*,#4044,.T.);
#4044 = EDGE_CURVE('',#4017,#4017,#4045,.T.);
#4045 = SURFACE_CURVE('',#4046,(#4051,#4058),.PCURVE_S1.);
#4046 = CIRCLE('',#4047,0.6999986);
#4047 = AXIS2_PLACEMENT_3D('',#4048,#4049,#4050);
#4048 = CARTESIAN_POINT('',(51.42600078,4.77700086,0.41148));
#4049 = DIRECTION('',(0.E+000,0.E+000,1.));
#4050 = DIRECTION('',(1.,0.E+000,-0.E+000));
#4051 = PCURVE('',#4025,#4052);
#4052 = DEFINITIONAL_REPRESENTATION('',(#4053),#4057);
#4053 = LINE('',#4054,#4055);
#4054 = CARTESIAN_POINT('',(-0.E+000,-0.41148));
#4055 = VECTOR('',#4056,1.);
#4056 = DIRECTION('',(-1.,0.E+000));
#4057 = ( GEOMETRIC_REPRESENTATION_CONTEXT(2) 
PARAMETRIC_REPRESENTATION_CONTEXT() REPRESENTATION_CONTEXT('2D SPACE',''
  ) );
#4058 = PCURVE('',#215,#4059);
#4059 = DEFINITIONAL_REPRESENTATION('',(#4060),#4068);
#4060 = ( BOUNDED_CURVE() B_SPLINE_CURVE(2,(#4061,#4062,#4063,#4064,
#4065,#4066,#4067),.UNSPECIFIED.,.F.,.F.) B_SPLINE_CURVE_WITH_KNOTS((1,2
    ,2,2,2,1),(-2.094395102393,0.E+000,2.094395102393,4.188790204786,
6.28318530718,8.377580409573),.UNSPECIFIED.) CURVE() 
GEOMETRIC_REPRESENTATION_ITEM() RATIONAL_B_SPLINE_CURVE((1.,0.5,1.,0.5,
1.,0.5,1.)) REPRESENTATION_ITEM('') );
#4061 = CARTESIAN_POINT('',(-52.0935966,1.81537864));
#4062 = CARTESIAN_POINT('',(-52.0935966,3.027811780427));
#4063 = CARTESIAN_POINT('',(-51.0435987,2.421595210214));
#4064 = CARTESIAN_POINT('',(-49.9936008,1.81537864));
#4065 = CARTESIAN_POINT('',(-51.0435987,1.209162069786));
#4066 = CARTESIAN_POINT('',(-52.0935966,0.602945499573));
#4067 = CARTESIAN_POINT('',(-52.0935966,1.81537864));
#4068 = ( GEOMETRIC_REPRESENTATION_CONTEXT(2) 
PARAMETRIC_REPRESENTATION_CONTEXT() REPRESENTATION_CONTEXT('2D SPACE',''
  ) );
#4069 = ORIENTED_EDGE('',*,*,#4014,.F.);
#4070 = ORIENTED_EDGE('',*,*,#4071,.F.);
#4071 = EDGE_CURVE('',#4015,#4015,#4072,.T.);
#4072 = SURFACE_CURVE('',#4073,(#4078,#4085),.PCURVE_S1.);
#4073 = CIRCLE('',#4074,0.6999986);
#4074 = AXIS2_PLACEMENT_3D('',#4075,#4076,#4077);
#4075 = CARTESIAN_POINT('',(51.42600078,4.77700086,0.E+000));
#4076 = DIRECTION('',(0.E+000,0.E+000,1.));
#4077 = DIRECTION('',(1.,0.E+000,-0.E+000));
#4078 = PCURVE('',#4025,#4079);
#4079 = DEFINITIONAL_REPRESENTATION('',(#4080),#4084);
#4080 = LINE('',#4081,#4082);
#4081 = CARTESIAN_POINT('',(-0.E+000,0.E+000));
#4082 = VECTOR('',#4083,1.);
#4083 = DIRECTION('',(-1.,0.E+000));
#4084 = ( GEOMETRIC_REPRESENTATION_CONTEXT(2) 
PARAMETRIC_REPRESENTATION_CONTEXT() REPRESENTATION_CONTEXT('2D SPACE',''
  ) );
#4085 = PCURVE('',#269,#4086);
#4086 = DEFINITIONAL_REPRESENTATION('',(#4087),#4095);
#4087 = ( BOUNDED_CURVE() B_SPLINE_CURVE(2,(#4088,#4089,#4090,#4091,
#4092,#4093,#4094),.UNSPECIFIED.,.F.,.F.) B_SPLINE_CURVE_WITH_KNOTS((1,2
    ,2,2,2,1),(-2.094395102393,0.E+000,2.094395102393,4.188790204786,
6.28318530718,8.377580409573),.UNSPECIFIED.) CURVE() 
GEOMETRIC_REPRESENTATION_ITEM() RATIONAL_B_SPLINE_CURVE((1.,0.5,1.,0.5,
1.,0.5,1.)) REPRESENTATION_ITEM('') );
#4088 = CARTESIAN_POINT('',(-52.0935966,1.81537864));
#4089 = CARTESIAN_POINT('',(-52.0935966,3.027811780427));
#4090 = CARTESIAN_POINT('',(-51.0435987,2.421595210214));
#4091 = CARTESIAN_POINT('',(-49.9936008,1.81537864));
#4092 = CARTESIAN_POINT('',(-51.0435987,1.209162069786));
#4093 = CARTESIAN_POINT('',(-52.0935966,0.602945499573));
#4094 = CARTESIAN_POINT('',(-52.0935966,1.81537864));
#4095 = ( GEOMETRIC_REPRESENTATION_CONTEXT(2) 
PARAMETRIC_REPRESENTATION_CONTEXT() REPRESENTATION_CONTEXT('2D SPACE',''
  ) );
#4096 = ADVANCED_FACE('',(#4097),#4111,.F.);
#4097 = FACE_BOUND('',#4098,.T.);
#4098 = EDGE_LOOP('',(#4099,#4129,#4155,#4156));
#4099 = ORIENTED_EDGE('',*,*,#4100,.T.);
#4100 = EDGE_CURVE('',#4101,#4103,#4105,.T.);
#4101 = VERTEX_POINT('',#4102);
#4102 = CARTESIAN_POINT('',(54.66599938,2.23700086,0.E+000));
#4103 = VERTEX_POINT('',#4104);
#4104 = CARTESIAN_POINT('',(54.66599938,2.23700086,0.41148));
#4105 = SEAM_CURVE('',#4106,(#4110,#4122),.PCURVE_S1.);
#4106 = LINE('',#4107,#4108);
#4107 = CARTESIAN_POINT('',(54.66599938,2.23700086,0.E+000));
#4108 = VECTOR('',#4109,1.);
#4109 = DIRECTION('',(0.E+000,0.E+000,1.));
#4110 = PCURVE('',#4111,#4116);
#4111 = CYLINDRICAL_SURFACE('',#4112,0.6999986);
#4112 = AXIS2_PLACEMENT_3D('',#4113,#4114,#4115);
#4113 = CARTESIAN_POINT('',(53.96600078,2.23700086,0.E+000));
#4114 = DIRECTION('',(-0.E+000,-0.E+000,-1.));
#4115 = DIRECTION('',(1.,0.E+000,-0.E+000));
#4116 = DEFINITIONAL_REPRESENTATION('',(#4117),#4121);
#4117 = LINE('',#4118,#4119);
#4118 = CARTESIAN_POINT('',(-0.E+000,0.E+000));
#4119 = VECTOR('',#4120,1.);
#4120 = DIRECTION('',(-0.E+000,-1.));
#4121 = ( GEOMETRIC_REPRESENTATION_CONTEXT(2) 
PARAMETRIC_REPRESENTATION_CONTEXT() REPRESENTATION_CONTEXT('2D SPACE',''
  ) );
#4122 = PCURVE('',#4111,#4123);
#4123 = DEFINITIONAL_REPRESENTATION('',(#4124),#4128);
#4124 = LINE('',#4125,#4126);
#4125 = CARTESIAN_POINT('',(-6.28318530718,0.E+000));
#4126 = VECTOR('',#4127,1.);
#4127 = DIRECTION('',(-0.E+000,-1.));
#4128 = ( GEOMETRIC_REPRESENTATION_CONTEXT(2) 
PARAMETRIC_REPRESENTATION_CONTEXT() REPRESENTATION_CONTEXT('2D SPACE',''
  ) );
#4129 = ORIENTED_EDGE('',*,*,#4130,.T.);
#4130 = EDGE_CURVE('',#4103,#4103,#4131,.T.);
#4131 = SURFACE_CURVE('',#4132,(#4137,#4144),.PCURVE_S1.);
#4132 = CIRCLE('',#4133,0.6999986);
#4133 = AXIS2_PLACEMENT_3D('',#4134,#4135,#4136);
#4134 = CARTESIAN_POINT('',(53.96600078,2.23700086,0.41148));
#4135 = DIRECTION('',(0.E+000,0.E+000,1.));
#4136 = DIRECTION('',(1.,0.E+000,-0.E+000));
#4137 = PCURVE('',#4111,#4138);
#4138 = DEFINITIONAL_REPRESENTATION('',(#4139),#4143);
#4139 = LINE('',#4140,#4141);
#4140 = CARTESIAN_POINT('',(-0.E+000,-0.41148));
#4141 = VECTOR('',#4142,1.);
#4142 = DIRECTION('',(-1.,0.E+000));
#4143 = ( GEOMETRIC_REPRESENTATION_CONTEXT(2) 
PARAMETRIC_REPRESENTATION_CONTEXT() REPRESENTATION_CONTEXT('2D SPACE',''
  ) );
#4144 = PCURVE('',#215,#4145);
#4145 = DEFINITIONAL_REPRESENTATION('',(#4146),#4154);
#4146 = ( BOUNDED_CURVE() B_SPLINE_CURVE(2,(#4147,#4148,#4149,#4150,
#4151,#4152,#4153),.UNSPECIFIED.,.T.,.F.) B_SPLINE_CURVE_WITH_KNOTS((1,2
    ,2,2,2,1),(-2.094395102393,0.E+000,2.094395102393,4.188790204786,
6.28318530718,8.377580409573),.UNSPECIFIED.) CURVE() 
GEOMETRIC_REPRESENTATION_ITEM() RATIONAL_B_SPLINE_CURVE((1.,0.5,1.,0.5,
1.,0.5,1.)) REPRESENTATION_ITEM('') );
#4147 = CARTESIAN_POINT('',(-54.6335966,-0.72462136));
#4148 = CARTESIAN_POINT('',(-54.6335966,0.487811780427));
#4149 = CARTESIAN_POINT('',(-53.5835987,-0.118404789786));
#4150 = CARTESIAN_POINT('',(-52.5336008,-0.72462136));
#4151 = CARTESIAN_POINT('',(-53.5835987,-1.330837930214));
#4152 = CARTESIAN_POINT('',(-54.6335966,-1.937054500427));
#4153 = CARTESIAN_POINT('',(-54.6335966,-0.72462136));
#4154 = ( GEOMETRIC_REPRESENTATION_CONTEXT(2) 
PARAMETRIC_REPRESENTATION_CONTEXT() REPRESENTATION_CONTEXT('2D SPACE',''
  ) );
#4155 = ORIENTED_EDGE('',*,*,#4100,.F.);
#4156 = ORIENTED_EDGE('',*,*,#4157,.F.);
#4157 = EDGE_CURVE('',#4101,#4101,#4158,.T.);
#4158 = SURFACE_CURVE('',#4159,(#4164,#4171),.PCURVE_S1.);
#4159 = CIRCLE('',#4160,0.6999986);
#4160 = AXIS2_PLACEMENT_3D('',#4161,#4162,#4163);
#4161 = CARTESIAN_POINT('',(53.96600078,2.23700086,0.E+000));
#4162 = DIRECTION('',(0.E+000,0.E+000,1.));
#4163 = DIRECTION('',(1.,0.E+000,-0.E+000));
#4164 = PCURVE('',#4111,#4165);
#4165 = DEFINITIONAL_REPRESENTATION('',(#4166),#4170);
#4166 = LINE('',#4167,#4168);
#4167 = CARTESIAN_POINT('',(-0.E+000,0.E+000));
#4168 = VECTOR('',#4169,1.);
#4169 = DIRECTION('',(-1.,0.E+000));
#4170 = ( GEOMETRIC_REPRESENTATION_CONTEXT(2) 
PARAMETRIC_REPRESENTATION_CONTEXT() REPRESENTATION_CONTEXT('2D SPACE',''
  ) );
#4171 = PCURVE('',#269,#4172);
#4172 = DEFINITIONAL_REPRESENTATION('',(#4173),#4181);
#4173 = ( BOUNDED_CURVE() B_SPLINE_CURVE(2,(#4174,#4175,#4176,#4177,
#4178,#4179,#4180),.UNSPECIFIED.,.T.,.F.) B_SPLINE_CURVE_WITH_KNOTS((1,2
    ,2,2,2,1),(-2.094395102393,0.E+000,2.094395102393,4.188790204786,
6.28318530718,8.377580409573),.UNSPECIFIED.) CURVE() 
GEOMETRIC_REPRESENTATION_ITEM() RATIONAL_B_SPLINE_CURVE((1.,0.5,1.,0.5,
1.,0.5,1.)) REPRESENTATION_ITEM('') );
#4174 = CARTESIAN_POINT('',(-54.6335966,-0.72462136));
#4175 = CARTESIAN_POINT('',(-54.6335966,0.487811780427));
#4176 = CARTESIAN_POINT('',(-53.5835987,-0.118404789786));
#4177 = CARTESIAN_POINT('',(-52.5336008,-0.72462136));
#4178 = CARTESIAN_POINT('',(-53.5835987,-1.330837930214));
#4179 = CARTESIAN_POINT('',(-54.6335966,-1.937054500427));
#4180 = CARTESIAN_POINT('',(-54.6335966,-0.72462136));
#4181 = ( GEOMETRIC_REPRESENTATION_CONTEXT(2) 
PARAMETRIC_REPRESENTATION_CONTEXT() REPRESENTATION_CONTEXT('2D SPACE',''
  ) );
#4182 = ADVANCED_FACE('',(#4183),#4197,.T.);
#4183 = FACE_BOUND('',#4184,.T.);
#4184 = EDGE_LOOP('',(#4185,#4220,#4243,#4271));
#4185 = ORIENTED_EDGE('',*,*,#4186,.T.);
#4186 = EDGE_CURVE('',#4187,#4189,#4191,.T.);
#4187 = VERTEX_POINT('',#4188);
#4188 = CARTESIAN_POINT('',(3.2201993,11.8000018,0.E+000));
#4189 = VERTEX_POINT('',#4190);
#4190 = CARTESIAN_POINT('',(3.2201993,11.8000018,0.41148));
#4191 = SURFACE_CURVE('',#4192,(#4196,#4208),.PCURVE_S1.);
#4192 = LINE('',#4193,#4194);
#4193 = CARTESIAN_POINT('',(3.2201993,11.8000018,0.E+000));
#4194 = VECTOR('',#4195,1.);
#4195 = DIRECTION('',(0.E+000,0.E+000,1.));
#4196 = PCURVE('',#4197,#4202);
#4197 = PLANE('',#4198);
#4198 = AXIS2_PLACEMENT_3D('',#4199,#4200,#4201);
#4199 = CARTESIAN_POINT('',(3.2201993,11.8000018,0.E+000));
#4200 = DIRECTION('',(-1.,0.E+000,0.E+000));
#4201 = DIRECTION('',(0.E+000,1.,0.E+000));
#4202 = DEFINITIONAL_REPRESENTATION('',(#4203),#4207);
#4203 = LINE('',#4204,#4205);
#4204 = CARTESIAN_POINT('',(0.E+000,0.E+000));
#4205 = VECTOR('',#4206,1.);
#4206 = DIRECTION('',(0.E+000,-1.));
#4207 = ( GEOMETRIC_REPRESENTATION_CONTEXT(2) 
PARAMETRIC_REPRESENTATION_CONTEXT() REPRESENTATION_CONTEXT('2D SPACE',''
  ) );
#4208 = PCURVE('',#4209,#4214);
#4209 = CYLINDRICAL_SURFACE('',#4210,0.3499993);
#4210 = AXIS2_PLACEMENT_3D('',#4211,#4212,#4213);
#4211 = CARTESIAN_POINT('',(2.8702,11.8000018,0.E+000));
#4212 = DIRECTION('',(-0.E+000,-0.E+000,-1.));
#4213 = DIRECTION('',(-1.,2.030126162424E-014,-0.E+000));
#4214 = DEFINITIONAL_REPRESENTATION('',(#4215),#4219);
#4215 = LINE('',#4216,#4217);
#4216 = CARTESIAN_POINT('',(-3.14159265359,0.E+000));
#4217 = VECTOR('',#4218,1.);
#4218 = DIRECTION('',(-0.E+000,-1.));
#4219 = ( GEOMETRIC_REPRESENTATION_CONTEXT(2) 
PARAMETRIC_REPRESENTATION_CONTEXT() REPRESENTATION_CONTEXT('2D SPACE',''
  ) );
#4220 = ORIENTED_EDGE('',*,*,#4221,.T.);
#4221 = EDGE_CURVE('',#4189,#4222,#4224,.T.);
#4222 = VERTEX_POINT('',#4223);
#4223 = CARTESIAN_POINT('',(3.2201993,12.200001,0.41148));
#4224 = SURFACE_CURVE('',#4225,(#4229,#4236),.PCURVE_S1.);
#4225 = LINE('',#4226,#4227);
#4226 = CARTESIAN_POINT('',(3.2201993,11.8000018,0.41148));
#4227 = VECTOR('',#4228,1.);
#4228 = DIRECTION('',(0.E+000,1.,0.E+000));
#4229 = PCURVE('',#4197,#4230);
#4230 = DEFINITIONAL_REPRESENTATION('',(#4231),#4235);
#4231 = LINE('',#4232,#4233);
#4232 = CARTESIAN_POINT('',(0.E+000,-0.41148));
#4233 = VECTOR('',#4234,1.);
#4234 = DIRECTION('',(1.,0.E+000));
#4235 = ( GEOMETRIC_REPRESENTATION_CONTEXT(2) 
PARAMETRIC_REPRESENTATION_CONTEXT() REPRESENTATION_CONTEXT('2D SPACE',''
  ) );
#4236 = PCURVE('',#215,#4237);
#4237 = DEFINITIONAL_REPRESENTATION('',(#4238),#4242);
#4238 = LINE('',#4239,#4240);
#4239 = CARTESIAN_POINT('',(-3.18779652,8.83837958));
#4240 = VECTOR('',#4241,1.);
#4241 = DIRECTION('',(0.E+000,1.));
#4242 = ( GEOMETRIC_REPRESENTATION_CONTEXT(2) 
PARAMETRIC_REPRESENTATION_CONTEXT() REPRESENTATION_CONTEXT('2D SPACE',''
  ) );
#4243 = ORIENTED_EDGE('',*,*,#4244,.F.);
#4244 = EDGE_CURVE('',#4245,#4222,#4247,.T.);
#4245 = VERTEX_POINT('',#4246);
#4246 = CARTESIAN_POINT('',(3.2201993,12.200001,0.E+000));
#4247 = SURFACE_CURVE('',#4248,(#4252,#4259),.PCURVE_S1.);
#4248 = LINE('',#4249,#4250);
#4249 = CARTESIAN_POINT('',(3.2201993,12.200001,0.E+000));
#4250 = VECTOR('',#4251,1.);
#4251 = DIRECTION('',(0.E+000,0.E+000,1.));
#4252 = PCURVE('',#4197,#4253);
#4253 = DEFINITIONAL_REPRESENTATION('',(#4254),#4258);
#4254 = LINE('',#4255,#4256);
#4255 = CARTESIAN_POINT('',(0.3999992,0.E+000));
#4256 = VECTOR('',#4257,1.);
#4257 = DIRECTION('',(0.E+000,-1.));
#4258 = ( GEOMETRIC_REPRESENTATION_CONTEXT(2) 
PARAMETRIC_REPRESENTATION_CONTEXT() REPRESENTATION_CONTEXT('2D SPACE',''
  ) );
#4259 = PCURVE('',#4260,#4265);
#4260 = CYLINDRICAL_SURFACE('',#4261,0.3499993);
#4261 = AXIS2_PLACEMENT_3D('',#4262,#4263,#4264);
#4262 = CARTESIAN_POINT('',(2.8702,12.200001,0.E+000));
#4263 = DIRECTION('',(-0.E+000,-0.E+000,-1.));
#4264 = DIRECTION('',(1.,-2.030126162424E-014,0.E+000));
#4265 = DEFINITIONAL_REPRESENTATION('',(#4266),#4270);
#4266 = LINE('',#4267,#4268);
#4267 = CARTESIAN_POINT('',(-0.E+000,0.E+000));
#4268 = VECTOR('',#4269,1.);
#4269 = DIRECTION('',(-0.E+000,-1.));
#4270 = ( GEOMETRIC_REPRESENTATION_CONTEXT(2) 
PARAMETRIC_REPRESENTATION_CONTEXT() REPRESENTATION_CONTEXT('2D SPACE',''
  ) );
#4271 = ORIENTED_EDGE('',*,*,#4272,.F.);
#4272 = EDGE_CURVE('',#4187,#4245,#4273,.T.);
#4273 = SURFACE_CURVE('',#4274,(#4278,#4285),.PCURVE_S1.);
#4274 = LINE('',#4275,#4276);
#4275 = CARTESIAN_POINT('',(3.2201993,11.8000018,0.E+000));
#4276 = VECTOR('',#4277,1.);
#4277 = DIRECTION('',(0.E+000,1.,0.E+000));
#4278 = PCURVE('',#4197,#4279);
#4279 = DEFINITIONAL_REPRESENTATION('',(#4280),#4284);
#4280 = LINE('',#4281,#4282);
#4281 = CARTESIAN_POINT('',(0.E+000,0.E+000));
#4282 = VECTOR('',#4283,1.);
#4283 = DIRECTION('',(1.,0.E+000));
#4284 = ( GEOMETRIC_REPRESENTATION_CONTEXT(2) 
PARAMETRIC_REPRESENTATION_CONTEXT() REPRESENTATION_CONTEXT('2D SPACE',''
  ) );
#4285 = PCURVE('',#269,#4286);
#4286 = DEFINITIONAL_REPRESENTATION('',(#4287),#4291);
#4287 = LINE('',#4288,#4289);
#4288 = CARTESIAN_POINT('',(-3.18779652,8.83837958));
#4289 = VECTOR('',#4290,1.);
#4290 = DIRECTION('',(0.E+000,1.));
#4291 = ( GEOMETRIC_REPRESENTATION_CONTEXT(2) 
PARAMETRIC_REPRESENTATION_CONTEXT() REPRESENTATION_CONTEXT('2D SPACE',''
  ) );
#4292 = ADVANCED_FACE('',(#4293),#4260,.F.);
#4293 = FACE_BOUND('',#4294,.T.);
#4294 = EDGE_LOOP('',(#4295,#4296,#4324,#4352));
#4295 = ORIENTED_EDGE('',*,*,#4244,.T.);
#4296 = ORIENTED_EDGE('',*,*,#4297,.T.);
#4297 = EDGE_CURVE('',#4222,#4298,#4300,.T.);
#4298 = VERTEX_POINT('',#4299);
#4299 = CARTESIAN_POINT('',(2.5202007,12.200001,0.41148));
#4300 = SURFACE_CURVE('',#4301,(#4306,#4313),.PCURVE_S1.);
#4301 = CIRCLE('',#4302,0.3499993);
#4302 = AXIS2_PLACEMENT_3D('',#4303,#4304,#4305);
#4303 = CARTESIAN_POINT('',(2.8702,12.200001,0.41148));
#4304 = DIRECTION('',(0.E+000,0.E+000,1.));
#4305 = DIRECTION('',(1.,-2.030126162424E-014,0.E+000));
#4306 = PCURVE('',#4260,#4307);
#4307 = DEFINITIONAL_REPRESENTATION('',(#4308),#4312);
#4308 = LINE('',#4309,#4310);
#4309 = CARTESIAN_POINT('',(-0.E+000,-0.41148));
#4310 = VECTOR('',#4311,1.);
#4311 = DIRECTION('',(-1.,0.E+000));
#4312 = ( GEOMETRIC_REPRESENTATION_CONTEXT(2) 
PARAMETRIC_REPRESENTATION_CONTEXT() REPRESENTATION_CONTEXT('2D SPACE',''
  ) );
#4313 = PCURVE('',#215,#4314);
#4314 = DEFINITIONAL_REPRESENTATION('',(#4315),#4323);
#4315 = ( BOUNDED_CURVE() B_SPLINE_CURVE(2,(#4316,#4317,#4318,#4319,
#4320,#4321,#4322),.UNSPECIFIED.,.T.,.F.) B_SPLINE_CURVE_WITH_KNOTS((1,2
    ,2,2,2,1),(-2.094395102393,0.E+000,2.094395102393,4.188790204786,
6.28318530718,8.377580409573),.UNSPECIFIED.) CURVE() 
GEOMETRIC_REPRESENTATION_ITEM() RATIONAL_B_SPLINE_CURVE((1.,0.5,1.,0.5,
1.,0.5,1.)) REPRESENTATION_ITEM('') );
#4316 = CARTESIAN_POINT('',(-3.18779652,9.23837878));
#4317 = CARTESIAN_POINT('',(-3.18779652,9.844595350214));
#4318 = CARTESIAN_POINT('',(-2.66279757,9.541487065107));
#4319 = CARTESIAN_POINT('',(-2.13779862,9.23837878));
#4320 = CARTESIAN_POINT('',(-2.66279757,8.935270494893));
#4321 = CARTESIAN_POINT('',(-3.18779652,8.632162209786));
#4322 = CARTESIAN_POINT('',(-3.18779652,9.23837878));
#4323 = ( GEOMETRIC_REPRESENTATION_CONTEXT(2) 
PARAMETRIC_REPRESENTATION_CONTEXT() REPRESENTATION_CONTEXT('2D SPACE',''
  ) );
#4324 = ORIENTED_EDGE('',*,*,#4325,.F.);
#4325 = EDGE_CURVE('',#4326,#4298,#4328,.T.);
#4326 = VERTEX_POINT('',#4327);
#4327 = CARTESIAN_POINT('',(2.5202007,12.200001,0.E+000));
#4328 = SURFACE_CURVE('',#4329,(#4333,#4340),.PCURVE_S1.);
#4329 = LINE('',#4330,#4331);
#4330 = CARTESIAN_POINT('',(2.5202007,12.200001,0.E+000));
#4331 = VECTOR('',#4332,1.);
#4332 = DIRECTION('',(0.E+000,0.E+000,1.));
#4333 = PCURVE('',#4260,#4334);
#4334 = DEFINITIONAL_REPRESENTATION('',(#4335),#4339);
#4335 = LINE('',#4336,#4337);
#4336 = CARTESIAN_POINT('',(-3.14159265359,0.E+000));
#4337 = VECTOR('',#4338,1.);
#4338 = DIRECTION('',(-0.E+000,-1.));
#4339 = ( GEOMETRIC_REPRESENTATION_CONTEXT(2) 
PARAMETRIC_REPRESENTATION_CONTEXT() REPRESENTATION_CONTEXT('2D SPACE',''
  ) );
#4340 = PCURVE('',#4341,#4346);
#4341 = PLANE('',#4342);
#4342 = AXIS2_PLACEMENT_3D('',#4343,#4344,#4345);
#4343 = CARTESIAN_POINT('',(2.5202007,12.200001,0.E+000));
#4344 = DIRECTION('',(1.,0.E+000,-0.E+000));
#4345 = DIRECTION('',(0.E+000,-1.,0.E+000));
#4346 = DEFINITIONAL_REPRESENTATION('',(#4347),#4351);
#4347 = LINE('',#4348,#4349);
#4348 = CARTESIAN_POINT('',(0.E+000,0.E+000));
#4349 = VECTOR('',#4350,1.);
#4350 = DIRECTION('',(0.E+000,-1.));
#4351 = ( GEOMETRIC_REPRESENTATION_CONTEXT(2) 
PARAMETRIC_REPRESENTATION_CONTEXT() REPRESENTATION_CONTEXT('2D SPACE',''
  ) );
#4352 = ORIENTED_EDGE('',*,*,#4353,.F.);
#4353 = EDGE_CURVE('',#4245,#4326,#4354,.T.);
#4354 = SURFACE_CURVE('',#4355,(#4360,#4367),.PCURVE_S1.);
#4355 = CIRCLE('',#4356,0.3499993);
#4356 = AXIS2_PLACEMENT_3D('',#4357,#4358,#4359);
#4357 = CARTESIAN_POINT('',(2.8702,12.200001,0.E+000));
#4358 = DIRECTION('',(0.E+000,0.E+000,1.));
#4359 = DIRECTION('',(1.,-2.030126162424E-014,0.E+000));
#4360 = PCURVE('',#4260,#4361);
#4361 = DEFINITIONAL_REPRESENTATION('',(#4362),#4366);
#4362 = LINE('',#4363,#4364);
#4363 = CARTESIAN_POINT('',(-0.E+000,0.E+000));
#4364 = VECTOR('',#4365,1.);
#4365 = DIRECTION('',(-1.,0.E+000));
#4366 = ( GEOMETRIC_REPRESENTATION_CONTEXT(2) 
PARAMETRIC_REPRESENTATION_CONTEXT() REPRESENTATION_CONTEXT('2D SPACE',''
  ) );
#4367 = PCURVE('',#269,#4368);
#4368 = DEFINITIONAL_REPRESENTATION('',(#4369),#4377);
#4369 = ( BOUNDED_CURVE() B_SPLINE_CURVE(2,(#4370,#4371,#4372,#4373,
#4374,#4375,#4376),.UNSPECIFIED.,.T.,.F.) B_SPLINE_CURVE_WITH_KNOTS((1,2
    ,2,2,2,1),(-2.094395102393,0.E+000,2.094395102393,4.188790204786,
6.28318530718,8.377580409573),.UNSPECIFIED.) CURVE() 
GEOMETRIC_REPRESENTATION_ITEM() RATIONAL_B_SPLINE_CURVE((1.,0.5,1.,0.5,
1.,0.5,1.)) REPRESENTATION_ITEM('') );
#4370 = CARTESIAN_POINT('',(-3.18779652,9.23837878));
#4371 = CARTESIAN_POINT('',(-3.18779652,9.844595350214));
#4372 = CARTESIAN_POINT('',(-2.66279757,9.541487065107));
#4373 = CARTESIAN_POINT('',(-2.13779862,9.23837878));
#4374 = CARTESIAN_POINT('',(-2.66279757,8.935270494893));
#4375 = CARTESIAN_POINT('',(-3.18779652,8.632162209786));
#4376 = CARTESIAN_POINT('',(-3.18779652,9.23837878));
#4377 = ( GEOMETRIC_REPRESENTATION_CONTEXT(2) 
PARAMETRIC_REPRESENTATION_CONTEXT() REPRESENTATION_CONTEXT('2D SPACE',''
  ) );
#4378 = ADVANCED_FACE('',(#4379),#4341,.T.);
#4379 = FACE_BOUND('',#4380,.T.);
#4380 = EDGE_LOOP('',(#4381,#4382,#4405,#4428));
#4381 = ORIENTED_EDGE('',*,*,#4325,.T.);
#4382 = ORIENTED_EDGE('',*,*,#4383,.T.);
#4383 = EDGE_CURVE('',#4298,#4384,#4386,.T.);
#4384 = VERTEX_POINT('',#4385);
#4385 = CARTESIAN_POINT('',(2.5202007,11.8000018,0.41148));
#4386 = SURFACE_CURVE('',#4387,(#4391,#4398),.PCURVE_S1.);
#4387 = LINE('',#4388,#4389);
#4388 = CARTESIAN_POINT('',(2.5202007,12.200001,0.41148));
#4389 = VECTOR('',#4390,1.);
#4390 = DIRECTION('',(0.E+000,-1.,0.E+000));
#4391 = PCURVE('',#4341,#4392);
#4392 = DEFINITIONAL_REPRESENTATION('',(#4393),#4397);
#4393 = LINE('',#4394,#4395);
#4394 = CARTESIAN_POINT('',(0.E+000,-0.41148));
#4395 = VECTOR('',#4396,1.);
#4396 = DIRECTION('',(1.,0.E+000));
#4397 = ( GEOMETRIC_REPRESENTATION_CONTEXT(2) 
PARAMETRIC_REPRESENTATION_CONTEXT() REPRESENTATION_CONTEXT('2D SPACE',''
  ) );
#4398 = PCURVE('',#215,#4399);
#4399 = DEFINITIONAL_REPRESENTATION('',(#4400),#4404);
#4400 = LINE('',#4401,#4402);
#4401 = CARTESIAN_POINT('',(-2.48779792,9.23837878));
#4402 = VECTOR('',#4403,1.);
#4403 = DIRECTION('',(-0.E+000,-1.));
#4404 = ( GEOMETRIC_REPRESENTATION_CONTEXT(2) 
PARAMETRIC_REPRESENTATION_CONTEXT() REPRESENTATION_CONTEXT('2D SPACE',''
  ) );
#4405 = ORIENTED_EDGE('',*,*,#4406,.F.);
#4406 = EDGE_CURVE('',#4407,#4384,#4409,.T.);
#4407 = VERTEX_POINT('',#4408);
#4408 = CARTESIAN_POINT('',(2.5202007,11.8000018,0.E+000));
#4409 = SURFACE_CURVE('',#4410,(#4414,#4421),.PCURVE_S1.);
#4410 = LINE('',#4411,#4412);
#4411 = CARTESIAN_POINT('',(2.5202007,11.8000018,0.E+000));
#4412 = VECTOR('',#4413,1.);
#4413 = DIRECTION('',(0.E+000,0.E+000,1.));
#4414 = PCURVE('',#4341,#4415);
#4415 = DEFINITIONAL_REPRESENTATION('',(#4416),#4420);
#4416 = LINE('',#4417,#4418);
#4417 = CARTESIAN_POINT('',(0.3999992,0.E+000));
#4418 = VECTOR('',#4419,1.);
#4419 = DIRECTION('',(0.E+000,-1.));
#4420 = ( GEOMETRIC_REPRESENTATION_CONTEXT(2) 
PARAMETRIC_REPRESENTATION_CONTEXT() REPRESENTATION_CONTEXT('2D SPACE',''
  ) );
#4421 = PCURVE('',#4209,#4422);
#4422 = DEFINITIONAL_REPRESENTATION('',(#4423),#4427);
#4423 = LINE('',#4424,#4425);
#4424 = CARTESIAN_POINT('',(-0.E+000,0.E+000));
#4425 = VECTOR('',#4426,1.);
#4426 = DIRECTION('',(-0.E+000,-1.));
#4427 = ( GEOMETRIC_REPRESENTATION_CONTEXT(2) 
PARAMETRIC_REPRESENTATION_CONTEXT() REPRESENTATION_CONTEXT('2D SPACE',''
  ) );
#4428 = ORIENTED_EDGE('',*,*,#4429,.F.);
#4429 = EDGE_CURVE('',#4326,#4407,#4430,.T.);
#4430 = SURFACE_CURVE('',#4431,(#4435,#4442),.PCURVE_S1.);
#4431 = LINE('',#4432,#4433);
#4432 = CARTESIAN_POINT('',(2.5202007,12.200001,0.E+000));
#4433 = VECTOR('',#4434,1.);
#4434 = DIRECTION('',(0.E+000,-1.,0.E+000));
#4435 = PCURVE('',#4341,#4436);
#4436 = DEFINITIONAL_REPRESENTATION('',(#4437),#4441);
#4437 = LINE('',#4438,#4439);
#4438 = CARTESIAN_POINT('',(0.E+000,0.E+000));
#4439 = VECTOR('',#4440,1.);
#4440 = DIRECTION('',(1.,0.E+000));
#4441 = ( GEOMETRIC_REPRESENTATION_CONTEXT(2) 
PARAMETRIC_REPRESENTATION_CONTEXT() REPRESENTATION_CONTEXT('2D SPACE',''
  ) );
#4442 = PCURVE('',#269,#4443);
#4443 = DEFINITIONAL_REPRESENTATION('',(#4444),#4448);
#4444 = LINE('',#4445,#4446);
#4445 = CARTESIAN_POINT('',(-2.48779792,9.23837878));
#4446 = VECTOR('',#4447,1.);
#4447 = DIRECTION('',(-0.E+000,-1.));
#4448 = ( GEOMETRIC_REPRESENTATION_CONTEXT(2) 
PARAMETRIC_REPRESENTATION_CONTEXT() REPRESENTATION_CONTEXT('2D SPACE',''
  ) );
#4449 = ADVANCED_FACE('',(#4450),#4209,.F.);
#4450 = FACE_BOUND('',#4451,.T.);
#4451 = EDGE_LOOP('',(#4452,#4453,#4479,#4480));
#4452 = ORIENTED_EDGE('',*,*,#4406,.T.);
#4453 = ORIENTED_EDGE('',*,*,#4454,.T.);
#4454 = EDGE_CURVE('',#4384,#4189,#4455,.T.);
#4455 = SURFACE_CURVE('',#4456,(#4461,#4468),.PCURVE_S1.);
#4456 = CIRCLE('',#4457,0.3499993);
#4457 = AXIS2_PLACEMENT_3D('',#4458,#4459,#4460);
#4458 = CARTESIAN_POINT('',(2.8702,11.8000018,0.41148));
#4459 = DIRECTION('',(0.E+000,0.E+000,1.));
#4460 = DIRECTION('',(-1.,2.030126162424E-014,-0.E+000));
#4461 = PCURVE('',#4209,#4462);
#4462 = DEFINITIONAL_REPRESENTATION('',(#4463),#4467);
#4463 = LINE('',#4464,#4465);
#4464 = CARTESIAN_POINT('',(-0.E+000,-0.41148));
#4465 = VECTOR('',#4466,1.);
#4466 = DIRECTION('',(-1.,0.E+000));
#4467 = ( GEOMETRIC_REPRESENTATION_CONTEXT(2) 
PARAMETRIC_REPRESENTATION_CONTEXT() REPRESENTATION_CONTEXT('2D SPACE',''
  ) );
#4468 = PCURVE('',#215,#4469);
#4469 = DEFINITIONAL_REPRESENTATION('',(#4470),#4478);
#4470 = ( BOUNDED_CURVE() B_SPLINE_CURVE(2,(#4471,#4472,#4473,#4474,
#4475,#4476,#4477),.UNSPECIFIED.,.T.,.F.) B_SPLINE_CURVE_WITH_KNOTS((1,2
    ,2,2,2,1),(-2.094395102393,0.E+000,2.094395102393,4.188790204786,
6.28318530718,8.377580409573),.UNSPECIFIED.) CURVE() 
GEOMETRIC_REPRESENTATION_ITEM() RATIONAL_B_SPLINE_CURVE((1.,0.5,1.,0.5,
1.,0.5,1.)) REPRESENTATION_ITEM('') );
#4471 = CARTESIAN_POINT('',(-2.48779792,8.83837958));
#4472 = CARTESIAN_POINT('',(-2.48779792,8.232163009786));
#4473 = CARTESIAN_POINT('',(-3.01279687,8.535271294893));
#4474 = CARTESIAN_POINT('',(-3.53779582,8.83837958));
#4475 = CARTESIAN_POINT('',(-3.01279687,9.141487865107));
#4476 = CARTESIAN_POINT('',(-2.48779792,9.444596150214));
#4477 = CARTESIAN_POINT('',(-2.48779792,8.83837958));
#4478 = ( GEOMETRIC_REPRESENTATION_CONTEXT(2) 
PARAMETRIC_REPRESENTATION_CONTEXT() REPRESENTATION_CONTEXT('2D SPACE',''
  ) );
#4479 = ORIENTED_EDGE('',*,*,#4186,.F.);
#4480 = ORIENTED_EDGE('',*,*,#4481,.F.);
#4481 = EDGE_CURVE('',#4407,#4187,#4482,.T.);
#4482 = SURFACE_CURVE('',#4483,(#4488,#4495),.PCURVE_S1.);
#4483 = CIRCLE('',#4484,0.3499993);
#4484 = AXIS2_PLACEMENT_3D('',#4485,#4486,#4487);
#4485 = CARTESIAN_POINT('',(2.8702,11.8000018,0.E+000));
#4486 = DIRECTION('',(0.E+000,0.E+000,1.));
#4487 = DIRECTION('',(-1.,2.030126162424E-014,-0.E+000));
#4488 = PCURVE('',#4209,#4489);
#4489 = DEFINITIONAL_REPRESENTATION('',(#4490),#4494);
#4490 = LINE('',#4491,#4492);
#4491 = CARTESIAN_POINT('',(-0.E+000,0.E+000));
#4492 = VECTOR('',#4493,1.);
#4493 = DIRECTION('',(-1.,0.E+000));
#4494 = ( GEOMETRIC_REPRESENTATION_CONTEXT(2) 
PARAMETRIC_REPRESENTATION_CONTEXT() REPRESENTATION_CONTEXT('2D SPACE',''
  ) );
#4495 = PCURVE('',#269,#4496);
#4496 = DEFINITIONAL_REPRESENTATION('',(#4497),#4505);
#4497 = ( BOUNDED_CURVE() B_SPLINE_CURVE(2,(#4498,#4499,#4500,#4501,
#4502,#4503,#4504),.UNSPECIFIED.,.T.,.F.) B_SPLINE_CURVE_WITH_KNOTS((1,2
    ,2,2,2,1),(-2.094395102393,0.E+000,2.094395102393,4.188790204786,
6.28318530718,8.377580409573),.UNSPECIFIED.) CURVE() 
GEOMETRIC_REPRESENTATION_ITEM() RATIONAL_B_SPLINE_CURVE((1.,0.5,1.,0.5,
1.,0.5,1.)) REPRESENTATION_ITEM('') );
#4498 = CARTESIAN_POINT('',(-2.48779792,8.83837958));
#4499 = CARTESIAN_POINT('',(-2.48779792,8.232163009786));
#4500 = CARTESIAN_POINT('',(-3.01279687,8.535271294893));
#4501 = CARTESIAN_POINT('',(-3.53779582,8.83837958));
#4502 = CARTESIAN_POINT('',(-3.01279687,9.141487865107));
#4503 = CARTESIAN_POINT('',(-2.48779792,9.444596150214));
#4504 = CARTESIAN_POINT('',(-2.48779792,8.83837958));
#4505 = ( GEOMETRIC_REPRESENTATION_CONTEXT(2) 
PARAMETRIC_REPRESENTATION_CONTEXT() REPRESENTATION_CONTEXT('2D SPACE',''
  ) );
#4506 = ADVANCED_FACE('',(#4507),#4521,.T.);
#4507 = FACE_BOUND('',#4508,.T.);
#4508 = EDGE_LOOP('',(#4509,#4544,#4567,#4595));
#4509 = ORIENTED_EDGE('',*,*,#4510,.T.);
#4510 = EDGE_CURVE('',#4511,#4513,#4515,.T.);
#4511 = VERTEX_POINT('',#4512);
#4512 = CARTESIAN_POINT('',(3.2201993,14.80000088,0.E+000));
#4513 = VERTEX_POINT('',#4514);
#4514 = CARTESIAN_POINT('',(3.2201993,14.80000088,0.41148));
#4515 = SURFACE_CURVE('',#4516,(#4520,#4532),.PCURVE_S1.);
#4516 = LINE('',#4517,#4518);
#4517 = CARTESIAN_POINT('',(3.2201993,14.80000088,0.E+000));
#4518 = VECTOR('',#4519,1.);
#4519 = DIRECTION('',(0.E+000,0.E+000,1.));
#4520 = PCURVE('',#4521,#4526);
#4521 = PLANE('',#4522);
#4522 = AXIS2_PLACEMENT_3D('',#4523,#4524,#4525);
#4523 = CARTESIAN_POINT('',(3.2201993,14.80000088,0.E+000));
#4524 = DIRECTION('',(-1.,0.E+000,0.E+000));
#4525 = DIRECTION('',(0.E+000,1.,0.E+000));
#4526 = DEFINITIONAL_REPRESENTATION('',(#4527),#4531);
#4527 = LINE('',#4528,#4529);
#4528 = CARTESIAN_POINT('',(0.E+000,0.E+000));
#4529 = VECTOR('',#4530,1.);
#4530 = DIRECTION('',(0.E+000,-1.));
#4531 = ( GEOMETRIC_REPRESENTATION_CONTEXT(2) 
PARAMETRIC_REPRESENTATION_CONTEXT() REPRESENTATION_CONTEXT('2D SPACE',''
  ) );
#4532 = PCURVE('',#4533,#4538);
#4533 = CYLINDRICAL_SURFACE('',#4534,0.3499993);
#4534 = AXIS2_PLACEMENT_3D('',#4535,#4536,#4537);
#4535 = CARTESIAN_POINT('',(2.8702,14.80000088,0.E+000));
#4536 = DIRECTION('',(-0.E+000,-0.E+000,-1.));
#4537 = DIRECTION('',(-1.,2.030126162424E-014,-0.E+000));
#4538 = DEFINITIONAL_REPRESENTATION('',(#4539),#4543);
#4539 = LINE('',#4540,#4541);
#4540 = CARTESIAN_POINT('',(-3.14159265359,0.E+000));
#4541 = VECTOR('',#4542,1.);
#4542 = DIRECTION('',(-0.E+000,-1.));
#4543 = ( GEOMETRIC_REPRESENTATION_CONTEXT(2) 
PARAMETRIC_REPRESENTATION_CONTEXT() REPRESENTATION_CONTEXT('2D SPACE',''
  ) );
#4544 = ORIENTED_EDGE('',*,*,#4545,.T.);
#4545 = EDGE_CURVE('',#4513,#4546,#4548,.T.);
#4546 = VERTEX_POINT('',#4547);
#4547 = CARTESIAN_POINT('',(3.2201993,15.20000008,0.41148));
#4548 = SURFACE_CURVE('',#4549,(#4553,#4560),.PCURVE_S1.);
#4549 = LINE('',#4550,#4551);
#4550 = CARTESIAN_POINT('',(3.2201993,14.80000088,0.41148));
#4551 = VECTOR('',#4552,1.);
#4552 = DIRECTION('',(0.E+000,1.,0.E+000));
#4553 = PCURVE('',#4521,#4554);
#4554 = DEFINITIONAL_REPRESENTATION('',(#4555),#4559);
#4555 = LINE('',#4556,#4557);
#4556 = CARTESIAN_POINT('',(0.E+000,-0.41148));
#4557 = VECTOR('',#4558,1.);
#4558 = DIRECTION('',(1.,0.E+000));
#4559 = ( GEOMETRIC_REPRESENTATION_CONTEXT(2) 
PARAMETRIC_REPRESENTATION_CONTEXT() REPRESENTATION_CONTEXT('2D SPACE',''
  ) );
#4560 = PCURVE('',#215,#4561);
#4561 = DEFINITIONAL_REPRESENTATION('',(#4562),#4566);
#4562 = LINE('',#4563,#4564);
#4563 = CARTESIAN_POINT('',(-3.18779652,11.83837866));
#4564 = VECTOR('',#4565,1.);
#4565 = DIRECTION('',(0.E+000,1.));
#4566 = ( GEOMETRIC_REPRESENTATION_CONTEXT(2) 
PARAMETRIC_REPRESENTATION_CONTEXT() REPRESENTATION_CONTEXT('2D SPACE',''
  ) );
#4567 = ORIENTED_EDGE('',*,*,#4568,.F.);
#4568 = EDGE_CURVE('',#4569,#4546,#4571,.T.);
#4569 = VERTEX_POINT('',#4570);
#4570 = CARTESIAN_POINT('',(3.2201993,15.20000008,0.E+000));
#4571 = SURFACE_CURVE('',#4572,(#4576,#4583),.PCURVE_S1.);
#4572 = LINE('',#4573,#4574);
#4573 = CARTESIAN_POINT('',(3.2201993,15.20000008,0.E+000));
#4574 = VECTOR('',#4575,1.);
#4575 = DIRECTION('',(0.E+000,0.E+000,1.));
#4576 = PCURVE('',#4521,#4577);
#4577 = DEFINITIONAL_REPRESENTATION('',(#4578),#4582);
#4578 = LINE('',#4579,#4580);
#4579 = CARTESIAN_POINT('',(0.3999992,0.E+000));
#4580 = VECTOR('',#4581,1.);
#4581 = DIRECTION('',(0.E+000,-1.));
#4582 = ( GEOMETRIC_REPRESENTATION_CONTEXT(2) 
PARAMETRIC_REPRESENTATION_CONTEXT() REPRESENTATION_CONTEXT('2D SPACE',''
  ) );
#4583 = PCURVE('',#4584,#4589);
#4584 = CYLINDRICAL_SURFACE('',#4585,0.3499993);
#4585 = AXIS2_PLACEMENT_3D('',#4586,#4587,#4588);
#4586 = CARTESIAN_POINT('',(2.8702,15.20000008,0.E+000));
#4587 = DIRECTION('',(-0.E+000,-0.E+000,-1.));
#4588 = DIRECTION('',(1.,-2.030126162424E-014,0.E+000));
#4589 = DEFINITIONAL_REPRESENTATION('',(#4590),#4594);
#4590 = LINE('',#4591,#4592);
#4591 = CARTESIAN_POINT('',(-0.E+000,0.E+000));
#4592 = VECTOR('',#4593,1.);
#4593 = DIRECTION('',(-0.E+000,-1.));
#4594 = ( GEOMETRIC_REPRESENTATION_CONTEXT(2) 
PARAMETRIC_REPRESENTATION_CONTEXT() REPRESENTATION_CONTEXT('2D SPACE',''
  ) );
#4595 = ORIENTED_EDGE('',*,*,#4596,.F.);
#4596 = EDGE_CURVE('',#4511,#4569,#4597,.T.);
#4597 = SURFACE_CURVE('',#4598,(#4602,#4609),.PCURVE_S1.);
#4598 = LINE('',#4599,#4600);
#4599 = CARTESIAN_POINT('',(3.2201993,14.80000088,0.E+000));
#4600 = VECTOR('',#4601,1.);
#4601 = DIRECTION('',(0.E+000,1.,0.E+000));
#4602 = PCURVE('',#4521,#4603);
#4603 = DEFINITIONAL_REPRESENTATION('',(#4604),#4608);
#4604 = LINE('',#4605,#4606);
#4605 = CARTESIAN_POINT('',(0.E+000,0.E+000));
#4606 = VECTOR('',#4607,1.);
#4607 = DIRECTION('',(1.,0.E+000));
#4608 = ( GEOMETRIC_REPRESENTATION_CONTEXT(2) 
PARAMETRIC_REPRESENTATION_CONTEXT() REPRESENTATION_CONTEXT('2D SPACE',''
  ) );
#4609 = PCURVE('',#269,#4610);
#4610 = DEFINITIONAL_REPRESENTATION('',(#4611),#4615);
#4611 = LINE('',#4612,#4613);
#4612 = CARTESIAN_POINT('',(-3.18779652,11.83837866));
#4613 = VECTOR('',#4614,1.);
#4614 = DIRECTION('',(0.E+000,1.));
#4615 = ( GEOMETRIC_REPRESENTATION_CONTEXT(2) 
PARAMETRIC_REPRESENTATION_CONTEXT() REPRESENTATION_CONTEXT('2D SPACE',''
  ) );
#4616 = ADVANCED_FACE('',(#4617),#4584,.F.);
#4617 = FACE_BOUND('',#4618,.T.);
#4618 = EDGE_LOOP('',(#4619,#4620,#4648,#4676));
#4619 = ORIENTED_EDGE('',*,*,#4568,.T.);
#4620 = ORIENTED_EDGE('',*,*,#4621,.T.);
#4621 = EDGE_CURVE('',#4546,#4622,#4624,.T.);
#4622 = VERTEX_POINT('',#4623);
#4623 = CARTESIAN_POINT('',(2.5202007,15.20000008,0.41148));
#4624 = SURFACE_CURVE('',#4625,(#4630,#4637),.PCURVE_S1.);
#4625 = CIRCLE('',#4626,0.3499993);
#4626 = AXIS2_PLACEMENT_3D('',#4627,#4628,#4629);
#4627 = CARTESIAN_POINT('',(2.8702,15.20000008,0.41148));
#4628 = DIRECTION('',(0.E+000,0.E+000,1.));
#4629 = DIRECTION('',(1.,-2.030126162424E-014,0.E+000));
#4630 = PCURVE('',#4584,#4631);
#4631 = DEFINITIONAL_REPRESENTATION('',(#4632),#4636);
#4632 = LINE('',#4633,#4634);
#4633 = CARTESIAN_POINT('',(-0.E+000,-0.41148));
#4634 = VECTOR('',#4635,1.);
#4635 = DIRECTION('',(-1.,0.E+000));
#4636 = ( GEOMETRIC_REPRESENTATION_CONTEXT(2) 
PARAMETRIC_REPRESENTATION_CONTEXT() REPRESENTATION_CONTEXT('2D SPACE',''
  ) );
#4637 = PCURVE('',#215,#4638);
#4638 = DEFINITIONAL_REPRESENTATION('',(#4639),#4647);
#4639 = ( BOUNDED_CURVE() B_SPLINE_CURVE(2,(#4640,#4641,#4642,#4643,
#4644,#4645,#4646),.UNSPECIFIED.,.T.,.F.) B_SPLINE_CURVE_WITH_KNOTS((1,2
    ,2,2,2,1),(-2.094395102393,0.E+000,2.094395102393,4.188790204786,
6.28318530718,8.377580409573),.UNSPECIFIED.) CURVE() 
GEOMETRIC_REPRESENTATION_ITEM() RATIONAL_B_SPLINE_CURVE((1.,0.5,1.,0.5,
1.,0.5,1.)) REPRESENTATION_ITEM('') );
#4640 = CARTESIAN_POINT('',(-3.18779652,12.23837786));
#4641 = CARTESIAN_POINT('',(-3.18779652,12.844594430214));
#4642 = CARTESIAN_POINT('',(-2.66279757,12.541486145107));
#4643 = CARTESIAN_POINT('',(-2.13779862,12.23837786));
#4644 = CARTESIAN_POINT('',(-2.66279757,11.935269574893));
#4645 = CARTESIAN_POINT('',(-3.18779652,11.632161289786));
#4646 = CARTESIAN_POINT('',(-3.18779652,12.23837786));
#4647 = ( GEOMETRIC_REPRESENTATION_CONTEXT(2) 
PARAMETRIC_REPRESENTATION_CONTEXT() REPRESENTATION_CONTEXT('2D SPACE',''
  ) );
#4648 = ORIENTED_EDGE('',*,*,#4649,.F.);
#4649 = EDGE_CURVE('',#4650,#4622,#4652,.T.);
#4650 = VERTEX_POINT('',#4651);
#4651 = CARTESIAN_POINT('',(2.5202007,15.20000008,0.E+000));
#4652 = SURFACE_CURVE('',#4653,(#4657,#4664),.PCURVE_S1.);
#4653 = LINE('',#4654,#4655);
#4654 = CARTESIAN_POINT('',(2.5202007,15.20000008,0.E+000));
#4655 = VECTOR('',#4656,1.);
#4656 = DIRECTION('',(0.E+000,0.E+000,1.));
#4657 = PCURVE('',#4584,#4658);
#4658 = DEFINITIONAL_REPRESENTATION('',(#4659),#4663);
#4659 = LINE('',#4660,#4661);
#4660 = CARTESIAN_POINT('',(-3.14159265359,0.E+000));
#4661 = VECTOR('',#4662,1.);
#4662 = DIRECTION('',(-0.E+000,-1.));
#4663 = ( GEOMETRIC_REPRESENTATION_CONTEXT(2) 
PARAMETRIC_REPRESENTATION_CONTEXT() REPRESENTATION_CONTEXT('2D SPACE',''
  ) );
#4664 = PCURVE('',#4665,#4670);
#4665 = PLANE('',#4666);
#4666 = AXIS2_PLACEMENT_3D('',#4667,#4668,#4669);
#4667 = CARTESIAN_POINT('',(2.5202007,15.20000008,0.E+000));
#4668 = DIRECTION('',(1.,0.E+000,-0.E+000));
#4669 = DIRECTION('',(0.E+000,-1.,0.E+000));
#4670 = DEFINITIONAL_REPRESENTATION('',(#4671),#4675);
#4671 = LINE('',#4672,#4673);
#4672 = CARTESIAN_POINT('',(0.E+000,0.E+000));
#4673 = VECTOR('',#4674,1.);
#4674 = DIRECTION('',(0.E+000,-1.));
#4675 = ( GEOMETRIC_REPRESENTATION_CONTEXT(2) 
PARAMETRIC_REPRESENTATION_CONTEXT() REPRESENTATION_CONTEXT('2D SPACE',''
  ) );
#4676 = ORIENTED_EDGE('',*,*,#4677,.F.);
#4677 = EDGE_CURVE('',#4569,#4650,#4678,.T.);
#4678 = SURFACE_CURVE('',#4679,(#4684,#4691),.PCURVE_S1.);
#4679 = CIRCLE('',#4680,0.3499993);
#4680 = AXIS2_PLACEMENT_3D('',#4681,#4682,#4683);
#4681 = CARTESIAN_POINT('',(2.8702,15.20000008,0.E+000));
#4682 = DIRECTION('',(0.E+000,0.E+000,1.));
#4683 = DIRECTION('',(1.,-2.030126162424E-014,0.E+000));
#4684 = PCURVE('',#4584,#4685);
#4685 = DEFINITIONAL_REPRESENTATION('',(#4686),#4690);
#4686 = LINE('',#4687,#4688);
#4687 = CARTESIAN_POINT('',(-0.E+000,0.E+000));
#4688 = VECTOR('',#4689,1.);
#4689 = DIRECTION('',(-1.,0.E+000));
#4690 = ( GEOMETRIC_REPRESENTATION_CONTEXT(2) 
PARAMETRIC_REPRESENTATION_CONTEXT() REPRESENTATION_CONTEXT('2D SPACE',''
  ) );
#4691 = PCURVE('',#269,#4692);
#4692 = DEFINITIONAL_REPRESENTATION('',(#4693),#4701);
#4693 = ( BOUNDED_CURVE() B_SPLINE_CURVE(2,(#4694,#4695,#4696,#4697,
#4698,#4699,#4700),.UNSPECIFIED.,.T.,.F.) B_SPLINE_CURVE_WITH_KNOTS((1,2
    ,2,2,2,1),(-2.094395102393,0.E+000,2.094395102393,4.188790204786,
6.28318530718,8.377580409573),.UNSPECIFIED.) CURVE() 
GEOMETRIC_REPRESENTATION_ITEM() RATIONAL_B_SPLINE_CURVE((1.,0.5,1.,0.5,
1.,0.5,1.)) REPRESENTATION_ITEM('') );
#4694 = CARTESIAN_POINT('',(-3.18779652,12.23837786));
#4695 = CARTESIAN_POINT('',(-3.18779652,12.844594430214));
#4696 = CARTESIAN_POINT('',(-2.66279757,12.541486145107));
#4697 = CARTESIAN_POINT('',(-2.13779862,12.23837786));
#4698 = CARTESIAN_POINT('',(-2.66279757,11.935269574893));
#4699 = CARTESIAN_POINT('',(-3.18779652,11.632161289786));
#4700 = CARTESIAN_POINT('',(-3.18779652,12.23837786));
#4701 = ( GEOMETRIC_REPRESENTATION_CONTEXT(2) 
PARAMETRIC_REPRESENTATION_CONTEXT() REPRESENTATION_CONTEXT('2D SPACE',''
  ) );
#4702 = ADVANCED_FACE('',(#4703),#4665,.T.);
#4703 = FACE_BOUND('',#4704,.T.);
#4704 = EDGE_LOOP('',(#4705,#4706,#4729,#4752));
#4705 = ORIENTED_EDGE('',*,*,#4649,.T.);
#4706 = ORIENTED_EDGE('',*,*,#4707,.T.);
#4707 = EDGE_CURVE('',#4622,#4708,#4710,.T.);
#4708 = VERTEX_POINT('',#4709);
#4709 = CARTESIAN_POINT('',(2.5202007,14.80000088,0.41148));
#4710 = SURFACE_CURVE('',#4711,(#4715,#4722),.PCURVE_S1.);
#4711 = LINE('',#4712,#4713);
#4712 = CARTESIAN_POINT('',(2.5202007,15.20000008,0.41148));
#4713 = VECTOR('',#4714,1.);
#4714 = DIRECTION('',(0.E+000,-1.,0.E+000));
#4715 = PCURVE('',#4665,#4716);
#4716 = DEFINITIONAL_REPRESENTATION('',(#4717),#4721);
#4717 = LINE('',#4718,#4719);
#4718 = CARTESIAN_POINT('',(0.E+000,-0.41148));
#4719 = VECTOR('',#4720,1.);
#4720 = DIRECTION('',(1.,0.E+000));
#4721 = ( GEOMETRIC_REPRESENTATION_CONTEXT(2) 
PARAMETRIC_REPRESENTATION_CONTEXT() REPRESENTATION_CONTEXT('2D SPACE',''
  ) );
#4722 = PCURVE('',#215,#4723);
#4723 = DEFINITIONAL_REPRESENTATION('',(#4724),#4728);
#4724 = LINE('',#4725,#4726);
#4725 = CARTESIAN_POINT('',(-2.48779792,12.23837786));
#4726 = VECTOR('',#4727,1.);
#4727 = DIRECTION('',(-0.E+000,-1.));
#4728 = ( GEOMETRIC_REPRESENTATION_CONTEXT(2) 
PARAMETRIC_REPRESENTATION_CONTEXT() REPRESENTATION_CONTEXT('2D SPACE',''
  ) );
#4729 = ORIENTED_EDGE('',*,*,#4730,.F.);
#4730 = EDGE_CURVE('',#4731,#4708,#4733,.T.);
#4731 = VERTEX_POINT('',#4732);
#4732 = CARTESIAN_POINT('',(2.5202007,14.80000088,0.E+000));
#4733 = SURFACE_CURVE('',#4734,(#4738,#4745),.PCURVE_S1.);
#4734 = LINE('',#4735,#4736);
#4735 = CARTESIAN_POINT('',(2.5202007,14.80000088,0.E+000));
#4736 = VECTOR('',#4737,1.);
#4737 = DIRECTION('',(0.E+000,0.E+000,1.));
#4738 = PCURVE('',#4665,#4739);
#4739 = DEFINITIONAL_REPRESENTATION('',(#4740),#4744);
#4740 = LINE('',#4741,#4742);
#4741 = CARTESIAN_POINT('',(0.3999992,0.E+000));
#4742 = VECTOR('',#4743,1.);
#4743 = DIRECTION('',(0.E+000,-1.));
#4744 = ( GEOMETRIC_REPRESENTATION_CONTEXT(2) 
PARAMETRIC_REPRESENTATION_CONTEXT() REPRESENTATION_CONTEXT('2D SPACE',''
  ) );
#4745 = PCURVE('',#4533,#4746);
#4746 = DEFINITIONAL_REPRESENTATION('',(#4747),#4751);
#4747 = LINE('',#4748,#4749);
#4748 = CARTESIAN_POINT('',(-0.E+000,0.E+000));
#4749 = VECTOR('',#4750,1.);
#4750 = DIRECTION('',(-0.E+000,-1.));
#4751 = ( GEOMETRIC_REPRESENTATION_CONTEXT(2) 
PARAMETRIC_REPRESENTATION_CONTEXT() REPRESENTATION_CONTEXT('2D SPACE',''
  ) );
#4752 = ORIENTED_EDGE('',*,*,#4753,.F.);
#4753 = EDGE_CURVE('',#4650,#4731,#4754,.T.);
#4754 = SURFACE_CURVE('',#4755,(#4759,#4766),.PCURVE_S1.);
#4755 = LINE('',#4756,#4757);
#4756 = CARTESIAN_POINT('',(2.5202007,15.20000008,0.E+000));
#4757 = VECTOR('',#4758,1.);
#4758 = DIRECTION('',(0.E+000,-1.,0.E+000));
#4759 = PCURVE('',#4665,#4760);
#4760 = DEFINITIONAL_REPRESENTATION('',(#4761),#4765);
#4761 = LINE('',#4762,#4763);
#4762 = CARTESIAN_POINT('',(0.E+000,0.E+000));
#4763 = VECTOR('',#4764,1.);
#4764 = DIRECTION('',(1.,0.E+000));
#4765 = ( GEOMETRIC_REPRESENTATION_CONTEXT(2) 
PARAMETRIC_REPRESENTATION_CONTEXT() REPRESENTATION_CONTEXT('2D SPACE',''
  ) );
#4766 = PCURVE('',#269,#4767);
#4767 = DEFINITIONAL_REPRESENTATION('',(#4768),#4772);
#4768 = LINE('',#4769,#4770);
#4769 = CARTESIAN_POINT('',(-2.48779792,12.23837786));
#4770 = VECTOR('',#4771,1.);
#4771 = DIRECTION('',(-0.E+000,-1.));
#4772 = ( GEOMETRIC_REPRESENTATION_CONTEXT(2) 
PARAMETRIC_REPRESENTATION_CONTEXT() REPRESENTATION_CONTEXT('2D SPACE',''
  ) );
#4773 = ADVANCED_FACE('',(#4774),#4533,.F.);
#4774 = FACE_BOUND('',#4775,.T.);
#4775 = EDGE_LOOP('',(#4776,#4777,#4803,#4804));
#4776 = ORIENTED_EDGE('',*,*,#4730,.T.);
#4777 = ORIENTED_EDGE('',*,*,#4778,.T.);
#4778 = EDGE_CURVE('',#4708,#4513,#4779,.T.);
#4779 = SURFACE_CURVE('',#4780,(#4785,#4792),.PCURVE_S1.);
#4780 = CIRCLE('',#4781,0.3499993);
#4781 = AXIS2_PLACEMENT_3D('',#4782,#4783,#4784);
#4782 = CARTESIAN_POINT('',(2.8702,14.80000088,0.41148));
#4783 = DIRECTION('',(0.E+000,0.E+000,1.));
#4784 = DIRECTION('',(-1.,2.030126162424E-014,-0.E+000));
#4785 = PCURVE('',#4533,#4786);
#4786 = DEFINITIONAL_REPRESENTATION('',(#4787),#4791);
#4787 = LINE('',#4788,#4789);
#4788 = CARTESIAN_POINT('',(-0.E+000,-0.41148));
#4789 = VECTOR('',#4790,1.);
#4790 = DIRECTION('',(-1.,0.E+000));
#4791 = ( GEOMETRIC_REPRESENTATION_CONTEXT(2) 
PARAMETRIC_REPRESENTATION_CONTEXT() REPRESENTATION_CONTEXT('2D SPACE',''
  ) );
#4792 = PCURVE('',#215,#4793);
#4793 = DEFINITIONAL_REPRESENTATION('',(#4794),#4802);
#4794 = ( BOUNDED_CURVE() B_SPLINE_CURVE(2,(#4795,#4796,#4797,#4798,
#4799,#4800,#4801),.UNSPECIFIED.,.T.,.F.) B_SPLINE_CURVE_WITH_KNOTS((1,2
    ,2,2,2,1),(-2.094395102393,0.E+000,2.094395102393,4.188790204786,
6.28318530718,8.377580409573),.UNSPECIFIED.) CURVE() 
GEOMETRIC_REPRESENTATION_ITEM() RATIONAL_B_SPLINE_CURVE((1.,0.5,1.,0.5,
1.,0.5,1.)) REPRESENTATION_ITEM('') );
#4795 = CARTESIAN_POINT('',(-2.48779792,11.83837866));
#4796 = CARTESIAN_POINT('',(-2.48779792,11.232162089786));
#4797 = CARTESIAN_POINT('',(-3.01279687,11.535270374893));
#4798 = CARTESIAN_POINT('',(-3.53779582,11.83837866));
#4799 = CARTESIAN_POINT('',(-3.01279687,12.141486945107));
#4800 = CARTESIAN_POINT('',(-2.48779792,12.444595230214));
#4801 = CARTESIAN_POINT('',(-2.48779792,11.83837866));
#4802 = ( GEOMETRIC_REPRESENTATION_CONTEXT(2) 
PARAMETRIC_REPRESENTATION_CONTEXT() REPRESENTATION_CONTEXT('2D SPACE',''
  ) );
#4803 = ORIENTED_EDGE('',*,*,#4510,.F.);
#4804 = ORIENTED_EDGE('',*,*,#4805,.F.);
#4805 = EDGE_CURVE('',#4731,#4511,#4806,.T.);
#4806 = SURFACE_CURVE('',#4807,(#4812,#4819),.PCURVE_S1.);
#4807 = CIRCLE('',#4808,0.3499993);
#4808 = AXIS2_PLACEMENT_3D('',#4809,#4810,#4811);
#4809 = CARTESIAN_POINT('',(2.8702,14.80000088,0.E+000));
#4810 = DIRECTION('',(0.E+000,0.E+000,1.));
#4811 = DIRECTION('',(-1.,2.030126162424E-014,-0.E+000));
#4812 = PCURVE('',#4533,#4813);
#4813 = DEFINITIONAL_REPRESENTATION('',(#4814),#4818);
#4814 = LINE('',#4815,#4816);
#4815 = CARTESIAN_POINT('',(-0.E+000,0.E+000));
#4816 = VECTOR('',#4817,1.);
#4817 = DIRECTION('',(-1.,0.E+000));
#4818 = ( GEOMETRIC_REPRESENTATION_CONTEXT(2) 
PARAMETRIC_REPRESENTATION_CONTEXT() REPRESENTATION_CONTEXT('2D SPACE',''
  ) );
#4819 = PCURVE('',#269,#4820);
#4820 = DEFINITIONAL_REPRESENTATION('',(#4821),#4829);
#4821 = ( BOUNDED_CURVE() B_SPLINE_CURVE(2,(#4822,#4823,#4824,#4825,
#4826,#4827,#4828),.UNSPECIFIED.,.T.,.F.) B_SPLINE_CURVE_WITH_KNOTS((1,2
    ,2,2,2,1),(-2.094395102393,0.E+000,2.094395102393,4.188790204786,
6.28318530718,8.377580409573),.UNSPECIFIED.) CURVE() 
GEOMETRIC_REPRESENTATION_ITEM() RATIONAL_B_SPLINE_CURVE((1.,0.5,1.,0.5,
1.,0.5,1.)) REPRESENTATION_ITEM('') );
#4822 = CARTESIAN_POINT('',(-2.48779792,11.83837866));
#4823 = CARTESIAN_POINT('',(-2.48779792,11.232162089786));
#4824 = CARTESIAN_POINT('',(-3.01279687,11.535270374893));
#4825 = CARTESIAN_POINT('',(-3.53779582,11.83837866));
#4826 = CARTESIAN_POINT('',(-3.01279687,12.141486945107));
#4827 = CARTESIAN_POINT('',(-2.48779792,12.444595230214));
#4828 = CARTESIAN_POINT('',(-2.48779792,11.83837866));
#4829 = ( GEOMETRIC_REPRESENTATION_CONTEXT(2) 
PARAMETRIC_REPRESENTATION_CONTEXT() REPRESENTATION_CONTEXT('2D SPACE',''
  ) );
#4830 = ADVANCED_FACE('',(#4831),#4845,.T.);
#4831 = FACE_BOUND('',#4832,.T.);
#4832 = EDGE_LOOP('',(#4833,#4868,#4891,#4919));
#4833 = ORIENTED_EDGE('',*,*,#4834,.T.);
#4834 = EDGE_CURVE('',#4835,#4837,#4839,.T.);
#4835 = VERTEX_POINT('',#4836);
#4836 = CARTESIAN_POINT('',(3.2201993,17.79999996,0.E+000));
#4837 = VERTEX_POINT('',#4838);
#4838 = CARTESIAN_POINT('',(3.2201993,17.79999996,0.41148));
#4839 = SURFACE_CURVE('',#4840,(#4844,#4856),.PCURVE_S1.);
#4840 = LINE('',#4841,#4842);
#4841 = CARTESIAN_POINT('',(3.2201993,17.79999996,0.E+000));
#4842 = VECTOR('',#4843,1.);
#4843 = DIRECTION('',(0.E+000,0.E+000,1.));
#4844 = PCURVE('',#4845,#4850);
#4845 = PLANE('',#4846);
#4846 = AXIS2_PLACEMENT_3D('',#4847,#4848,#4849);
#4847 = CARTESIAN_POINT('',(3.2201993,17.79999996,0.E+000));
#4848 = DIRECTION('',(-1.,0.E+000,0.E+000));
#4849 = DIRECTION('',(0.E+000,1.,0.E+000));
#4850 = DEFINITIONAL_REPRESENTATION('',(#4851),#4855);
#4851 = LINE('',#4852,#4853);
#4852 = CARTESIAN_POINT('',(0.E+000,0.E+000));
#4853 = VECTOR('',#4854,1.);
#4854 = DIRECTION('',(0.E+000,-1.));
#4855 = ( GEOMETRIC_REPRESENTATION_CONTEXT(2) 
PARAMETRIC_REPRESENTATION_CONTEXT() REPRESENTATION_CONTEXT('2D SPACE',''
  ) );
#4856 = PCURVE('',#4857,#4862);
#4857 = CYLINDRICAL_SURFACE('',#4858,0.3499993);
#4858 = AXIS2_PLACEMENT_3D('',#4859,#4860,#4861);
#4859 = CARTESIAN_POINT('',(2.8702,17.79999996,0.E+000));
#4860 = DIRECTION('',(-0.E+000,-0.E+000,-1.));
#4861 = DIRECTION('',(-1.,2.030126162424E-014,-0.E+000));
#4862 = DEFINITIONAL_REPRESENTATION('',(#4863),#4867);
#4863 = LINE('',#4864,#4865);
#4864 = CARTESIAN_POINT('',(-3.14159265359,0.E+000));
#4865 = VECTOR('',#4866,1.);
#4866 = DIRECTION('',(-0.E+000,-1.));
#4867 = ( GEOMETRIC_REPRESENTATION_CONTEXT(2) 
PARAMETRIC_REPRESENTATION_CONTEXT() REPRESENTATION_CONTEXT('2D SPACE',''
  ) );
#4868 = ORIENTED_EDGE('',*,*,#4869,.T.);
#4869 = EDGE_CURVE('',#4837,#4870,#4872,.T.);
#4870 = VERTEX_POINT('',#4871);
#4871 = CARTESIAN_POINT('',(3.2201993,18.19999916,0.41148));
#4872 = SURFACE_CURVE('',#4873,(#4877,#4884),.PCURVE_S1.);
#4873 = LINE('',#4874,#4875);
#4874 = CARTESIAN_POINT('',(3.2201993,17.79999996,0.41148));
#4875 = VECTOR('',#4876,1.);
#4876 = DIRECTION('',(0.E+000,1.,0.E+000));
#4877 = PCURVE('',#4845,#4878);
#4878 = DEFINITIONAL_REPRESENTATION('',(#4879),#4883);
#4879 = LINE('',#4880,#4881);
#4880 = CARTESIAN_POINT('',(0.E+000,-0.41148));
#4881 = VECTOR('',#4882,1.);
#4882 = DIRECTION('',(1.,0.E+000));
#4883 = ( GEOMETRIC_REPRESENTATION_CONTEXT(2) 
PARAMETRIC_REPRESENTATION_CONTEXT() REPRESENTATION_CONTEXT('2D SPACE',''
  ) );
#4884 = PCURVE('',#215,#4885);
#4885 = DEFINITIONAL_REPRESENTATION('',(#4886),#4890);
#4886 = LINE('',#4887,#4888);
#4887 = CARTESIAN_POINT('',(-3.18779652,14.83837774));
#4888 = VECTOR('',#4889,1.);
#4889 = DIRECTION('',(0.E+000,1.));
#4890 = ( GEOMETRIC_REPRESENTATION_CONTEXT(2) 
PARAMETRIC_REPRESENTATION_CONTEXT() REPRESENTATION_CONTEXT('2D SPACE',''
  ) );
#4891 = ORIENTED_EDGE('',*,*,#4892,.F.);
#4892 = EDGE_CURVE('',#4893,#4870,#4895,.T.);
#4893 = VERTEX_POINT('',#4894);
#4894 = CARTESIAN_POINT('',(3.2201993,18.19999916,0.E+000));
#4895 = SURFACE_CURVE('',#4896,(#4900,#4907),.PCURVE_S1.);
#4896 = LINE('',#4897,#4898);
#4897 = CARTESIAN_POINT('',(3.2201993,18.19999916,0.E+000));
#4898 = VECTOR('',#4899,1.);
#4899 = DIRECTION('',(0.E+000,0.E+000,1.));
#4900 = PCURVE('',#4845,#4901);
#4901 = DEFINITIONAL_REPRESENTATION('',(#4902),#4906);
#4902 = LINE('',#4903,#4904);
#4903 = CARTESIAN_POINT('',(0.3999992,0.E+000));
#4904 = VECTOR('',#4905,1.);
#4905 = DIRECTION('',(0.E+000,-1.));
#4906 = ( GEOMETRIC_REPRESENTATION_CONTEXT(2) 
PARAMETRIC_REPRESENTATION_CONTEXT() REPRESENTATION_CONTEXT('2D SPACE',''
  ) );
#4907 = PCURVE('',#4908,#4913);
#4908 = CYLINDRICAL_SURFACE('',#4909,0.3499993);
#4909 = AXIS2_PLACEMENT_3D('',#4910,#4911,#4912);
#4910 = CARTESIAN_POINT('',(2.8702,18.19999916,0.E+000));
#4911 = DIRECTION('',(-0.E+000,-0.E+000,-1.));
#4912 = DIRECTION('',(1.,-2.030126162424E-014,0.E+000));
#4913 = DEFINITIONAL_REPRESENTATION('',(#4914),#4918);
#4914 = LINE('',#4915,#4916);
#4915 = CARTESIAN_POINT('',(-0.E+000,0.E+000));
#4916 = VECTOR('',#4917,1.);
#4917 = DIRECTION('',(-0.E+000,-1.));
#4918 = ( GEOMETRIC_REPRESENTATION_CONTEXT(2) 
PARAMETRIC_REPRESENTATION_CONTEXT() REPRESENTATION_CONTEXT('2D SPACE',''
  ) );
#4919 = ORIENTED_EDGE('',*,*,#4920,.F.);
#4920 = EDGE_CURVE('',#4835,#4893,#4921,.T.);
#4921 = SURFACE_CURVE('',#4922,(#4926,#4933),.PCURVE_S1.);
#4922 = LINE('',#4923,#4924);
#4923 = CARTESIAN_POINT('',(3.2201993,17.79999996,0.E+000));
#4924 = VECTOR('',#4925,1.);
#4925 = DIRECTION('',(0.E+000,1.,0.E+000));
#4926 = PCURVE('',#4845,#4927);
#4927 = DEFINITIONAL_REPRESENTATION('',(#4928),#4932);
#4928 = LINE('',#4929,#4930);
#4929 = CARTESIAN_POINT('',(0.E+000,0.E+000));
#4930 = VECTOR('',#4931,1.);
#4931 = DIRECTION('',(1.,0.E+000));
#4932 = ( GEOMETRIC_REPRESENTATION_CONTEXT(2) 
PARAMETRIC_REPRESENTATION_CONTEXT() REPRESENTATION_CONTEXT('2D SPACE',''
  ) );
#4933 = PCURVE('',#269,#4934);
#4934 = DEFINITIONAL_REPRESENTATION('',(#4935),#4939);
#4935 = LINE('',#4936,#4937);
#4936 = CARTESIAN_POINT('',(-3.18779652,14.83837774));
#4937 = VECTOR('',#4938,1.);
#4938 = DIRECTION('',(0.E+000,1.));
#4939 = ( GEOMETRIC_REPRESENTATION_CONTEXT(2) 
PARAMETRIC_REPRESENTATION_CONTEXT() REPRESENTATION_CONTEXT('2D SPACE',''
  ) );
#4940 = ADVANCED_FACE('',(#4941),#4908,.F.);
#4941 = FACE_BOUND('',#4942,.T.);
#4942 = EDGE_LOOP('',(#4943,#4944,#4972,#5000));
#4943 = ORIENTED_EDGE('',*,*,#4892,.T.);
#4944 = ORIENTED_EDGE('',*,*,#4945,.T.);
#4945 = EDGE_CURVE('',#4870,#4946,#4948,.T.);
#4946 = VERTEX_POINT('',#4947);
#4947 = CARTESIAN_POINT('',(2.5202007,18.19999916,0.41148));
#4948 = SURFACE_CURVE('',#4949,(#4954,#4961),.PCURVE_S1.);
#4949 = CIRCLE('',#4950,0.3499993);
#4950 = AXIS2_PLACEMENT_3D('',#4951,#4952,#4953);
#4951 = CARTESIAN_POINT('',(2.8702,18.19999916,0.41148));
#4952 = DIRECTION('',(0.E+000,0.E+000,1.));
#4953 = DIRECTION('',(1.,-2.030126162424E-014,0.E+000));
#4954 = PCURVE('',#4908,#4955);
#4955 = DEFINITIONAL_REPRESENTATION('',(#4956),#4960);
#4956 = LINE('',#4957,#4958);
#4957 = CARTESIAN_POINT('',(-0.E+000,-0.41148));
#4958 = VECTOR('',#4959,1.);
#4959 = DIRECTION('',(-1.,0.E+000));
#4960 = ( GEOMETRIC_REPRESENTATION_CONTEXT(2) 
PARAMETRIC_REPRESENTATION_CONTEXT() REPRESENTATION_CONTEXT('2D SPACE',''
  ) );
#4961 = PCURVE('',#215,#4962);
#4962 = DEFINITIONAL_REPRESENTATION('',(#4963),#4971);
#4963 = ( BOUNDED_CURVE() B_SPLINE_CURVE(2,(#4964,#4965,#4966,#4967,
#4968,#4969,#4970),.UNSPECIFIED.,.T.,.F.) B_SPLINE_CURVE_WITH_KNOTS((1,2
    ,2,2,2,1),(-2.094395102393,0.E+000,2.094395102393,4.188790204786,
6.28318530718,8.377580409573),.UNSPECIFIED.) CURVE() 
GEOMETRIC_REPRESENTATION_ITEM() RATIONAL_B_SPLINE_CURVE((1.,0.5,1.,0.5,
1.,0.5,1.)) REPRESENTATION_ITEM('') );
#4964 = CARTESIAN_POINT('',(-3.18779652,15.23837694));
#4965 = CARTESIAN_POINT('',(-3.18779652,15.844593510214));
#4966 = CARTESIAN_POINT('',(-2.66279757,15.541485225107));
#4967 = CARTESIAN_POINT('',(-2.13779862,15.23837694));
#4968 = CARTESIAN_POINT('',(-2.66279757,14.935268654893));
#4969 = CARTESIAN_POINT('',(-3.18779652,14.632160369786));
#4970 = CARTESIAN_POINT('',(-3.18779652,15.23837694));
#4971 = ( GEOMETRIC_REPRESENTATION_CONTEXT(2) 
PARAMETRIC_REPRESENTATION_CONTEXT() REPRESENTATION_CONTEXT('2D SPACE',''
  ) );
#4972 = ORIENTED_EDGE('',*,*,#4973,.F.);
#4973 = EDGE_CURVE('',#4974,#4946,#4976,.T.);
#4974 = VERTEX_POINT('',#4975);
#4975 = CARTESIAN_POINT('',(2.5202007,18.19999916,0.E+000));
#4976 = SURFACE_CURVE('',#4977,(#4981,#4988),.PCURVE_S1.);
#4977 = LINE('',#4978,#4979);
#4978 = CARTESIAN_POINT('',(2.5202007,18.19999916,0.E+000));
#4979 = VECTOR('',#4980,1.);
#4980 = DIRECTION('',(0.E+000,0.E+000,1.));
#4981 = PCURVE('',#4908,#4982);
#4982 = DEFINITIONAL_REPRESENTATION('',(#4983),#4987);
#4983 = LINE('',#4984,#4985);
#4984 = CARTESIAN_POINT('',(-3.14159265359,0.E+000));
#4985 = VECTOR('',#4986,1.);
#4986 = DIRECTION('',(-0.E+000,-1.));
#4987 = ( GEOMETRIC_REPRESENTATION_CONTEXT(2) 
PARAMETRIC_REPRESENTATION_CONTEXT() REPRESENTATION_CONTEXT('2D SPACE',''
  ) );
#4988 = PCURVE('',#4989,#4994);
#4989 = PLANE('',#4990);
#4990 = AXIS2_PLACEMENT_3D('',#4991,#4992,#4993);
#4991 = CARTESIAN_POINT('',(2.5202007,18.19999916,0.E+000));
#4992 = DIRECTION('',(1.,0.E+000,-0.E+000));
#4993 = DIRECTION('',(0.E+000,-1.,0.E+000));
#4994 = DEFINITIONAL_REPRESENTATION('',(#4995),#4999);
#4995 = LINE('',#4996,#4997);
#4996 = CARTESIAN_POINT('',(0.E+000,0.E+000));
#4997 = VECTOR('',#4998,1.);
#4998 = DIRECTION('',(0.E+000,-1.));
#4999 = ( GEOMETRIC_REPRESENTATION_CONTEXT(2) 
PARAMETRIC_REPRESENTATION_CONTEXT() REPRESENTATION_CONTEXT('2D SPACE',''
  ) );
#5000 = ORIENTED_EDGE('',*,*,#5001,.F.);
#5001 = EDGE_CURVE('',#4893,#4974,#5002,.T.);
#5002 = SURFACE_CURVE('',#5003,(#5008,#5015),.PCURVE_S1.);
#5003 = CIRCLE('',#5004,0.3499993);
#5004 = AXIS2_PLACEMENT_3D('',#5005,#5006,#5007);
#5005 = CARTESIAN_POINT('',(2.8702,18.19999916,0.E+000));
#5006 = DIRECTION('',(0.E+000,0.E+000,1.));
#5007 = DIRECTION('',(1.,-2.030126162424E-014,0.E+000));
#5008 = PCURVE('',#4908,#5009);
#5009 = DEFINITIONAL_REPRESENTATION('',(#5010),#5014);
#5010 = LINE('',#5011,#5012);
#5011 = CARTESIAN_POINT('',(-0.E+000,0.E+000));
#5012 = VECTOR('',#5013,1.);
#5013 = DIRECTION('',(-1.,0.E+000));
#5014 = ( GEOMETRIC_REPRESENTATION_CONTEXT(2) 
PARAMETRIC_REPRESENTATION_CONTEXT() REPRESENTATION_CONTEXT('2D SPACE',''
  ) );
#5015 = PCURVE('',#269,#5016);
#5016 = DEFINITIONAL_REPRESENTATION('',(#5017),#5025);
#5017 = ( BOUNDED_CURVE() B_SPLINE_CURVE(2,(#5018,#5019,#5020,#5021,
#5022,#5023,#5024),.UNSPECIFIED.,.T.,.F.) B_SPLINE_CURVE_WITH_KNOTS((1,2
    ,2,2,2,1),(-2.094395102393,0.E+000,2.094395102393,4.188790204786,
6.28318530718,8.377580409573),.UNSPECIFIED.) CURVE() 
GEOMETRIC_REPRESENTATION_ITEM() RATIONAL_B_SPLINE_CURVE((1.,0.5,1.,0.5,
1.,0.5,1.)) REPRESENTATION_ITEM('') );
#5018 = CARTESIAN_POINT('',(-3.18779652,15.23837694));
#5019 = CARTESIAN_POINT('',(-3.18779652,15.844593510214));
#5020 = CARTESIAN_POINT('',(-2.66279757,15.541485225107));
#5021 = CARTESIAN_POINT('',(-2.13779862,15.23837694));
#5022 = CARTESIAN_POINT('',(-2.66279757,14.935268654893));
#5023 = CARTESIAN_POINT('',(-3.18779652,14.632160369786));
#5024 = CARTESIAN_POINT('',(-3.18779652,15.23837694));
#5025 = ( GEOMETRIC_REPRESENTATION_CONTEXT(2) 
PARAMETRIC_REPRESENTATION_CONTEXT() REPRESENTATION_CONTEXT('2D SPACE',''
  ) );
#5026 = ADVANCED_FACE('',(#5027),#4989,.T.);
#5027 = FACE_BOUND('',#5028,.T.);
#5028 = EDGE_LOOP('',(#5029,#5030,#5053,#5076));
#5029 = ORIENTED_EDGE('',*,*,#4973,.T.);
#5030 = ORIENTED_EDGE('',*,*,#5031,.T.);
#5031 = EDGE_CURVE('',#4946,#5032,#5034,.T.);
#5032 = VERTEX_POINT('',#5033);
#5033 = CARTESIAN_POINT('',(2.5202007,17.79999996,0.41148));
#5034 = SURFACE_CURVE('',#5035,(#5039,#5046),.PCURVE_S1.);
#5035 = LINE('',#5036,#5037);
#5036 = CARTESIAN_POINT('',(2.5202007,18.19999916,0.41148));
#5037 = VECTOR('',#5038,1.);
#5038 = DIRECTION('',(0.E+000,-1.,0.E+000));
#5039 = PCURVE('',#4989,#5040);
#5040 = DEFINITIONAL_REPRESENTATION('',(#5041),#5045);
#5041 = LINE('',#5042,#5043);
#5042 = CARTESIAN_POINT('',(0.E+000,-0.41148));
#5043 = VECTOR('',#5044,1.);
#5044 = DIRECTION('',(1.,0.E+000));
#5045 = ( GEOMETRIC_REPRESENTATION_CONTEXT(2) 
PARAMETRIC_REPRESENTATION_CONTEXT() REPRESENTATION_CONTEXT('2D SPACE',''
  ) );
#5046 = PCURVE('',#215,#5047);
#5047 = DEFINITIONAL_REPRESENTATION('',(#5048),#5052);
#5048 = LINE('',#5049,#5050);
#5049 = CARTESIAN_POINT('',(-2.48779792,15.23837694));
#5050 = VECTOR('',#5051,1.);
#5051 = DIRECTION('',(-0.E+000,-1.));
#5052 = ( GEOMETRIC_REPRESENTATION_CONTEXT(2) 
PARAMETRIC_REPRESENTATION_CONTEXT() REPRESENTATION_CONTEXT('2D SPACE',''
  ) );
#5053 = ORIENTED_EDGE('',*,*,#5054,.F.);
#5054 = EDGE_CURVE('',#5055,#5032,#5057,.T.);
#5055 = VERTEX_POINT('',#5056);
#5056 = CARTESIAN_POINT('',(2.5202007,17.79999996,0.E+000));
#5057 = SURFACE_CURVE('',#5058,(#5062,#5069),.PCURVE_S1.);
#5058 = LINE('',#5059,#5060);
#5059 = CARTESIAN_POINT('',(2.5202007,17.79999996,0.E+000));
#5060 = VECTOR('',#5061,1.);
#5061 = DIRECTION('',(0.E+000,0.E+000,1.));
#5062 = PCURVE('',#4989,#5063);
#5063 = DEFINITIONAL_REPRESENTATION('',(#5064),#5068);
#5064 = LINE('',#5065,#5066);
#5065 = CARTESIAN_POINT('',(0.3999992,0.E+000));
#5066 = VECTOR('',#5067,1.);
#5067 = DIRECTION('',(0.E+000,-1.));
#5068 = ( GEOMETRIC_REPRESENTATION_CONTEXT(2) 
PARAMETRIC_REPRESENTATION_CONTEXT() REPRESENTATION_CONTEXT('2D SPACE',''
  ) );
#5069 = PCURVE('',#4857,#5070);
#5070 = DEFINITIONAL_REPRESENTATION('',(#5071),#5075);
#5071 = LINE('',#5072,#5073);
#5072 = CARTESIAN_POINT('',(-0.E+000,0.E+000));
#5073 = VECTOR('',#5074,1.);
#5074 = DIRECTION('',(-0.E+000,-1.));
#5075 = ( GEOMETRIC_REPRESENTATION_CONTEXT(2) 
PARAMETRIC_REPRESENTATION_CONTEXT() REPRESENTATION_CONTEXT('2D SPACE',''
  ) );
#5076 = ORIENTED_EDGE('',*,*,#5077,.F.);
#5077 = EDGE_CURVE('',#4974,#5055,#5078,.T.);
#5078 = SURFACE_CURVE('',#5079,(#5083,#5090),.PCURVE_S1.);
#5079 = LINE('',#5080,#5081);
#5080 = CARTESIAN_POINT('',(2.5202007,18.19999916,0.E+000));
#5081 = VECTOR('',#5082,1.);
#5082 = DIRECTION('',(0.E+000,-1.,0.E+000));
#5083 = PCURVE('',#4989,#5084);
#5084 = DEFINITIONAL_REPRESENTATION('',(#5085),#5089);
#5085 = LINE('',#5086,#5087);
#5086 = CARTESIAN_POINT('',(0.E+000,0.E+000));
#5087 = VECTOR('',#5088,1.);
#5088 = DIRECTION('',(1.,0.E+000));
#5089 = ( GEOMETRIC_REPRESENTATION_CONTEXT(2) 
PARAMETRIC_REPRESENTATION_CONTEXT() REPRESENTATION_CONTEXT('2D SPACE',''
  ) );
#5090 = PCURVE('',#269,#5091);
#5091 = DEFINITIONAL_REPRESENTATION('',(#5092),#5096);
#5092 = LINE('',#5093,#5094);
#5093 = CARTESIAN_POINT('',(-2.48779792,15.23837694));
#5094 = VECTOR('',#5095,1.);
#5095 = DIRECTION('',(-0.E+000,-1.));
#5096 = ( GEOMETRIC_REPRESENTATION_CONTEXT(2) 
PARAMETRIC_REPRESENTATION_CONTEXT() REPRESENTATION_CONTEXT('2D SPACE',''
  ) );
#5097 = ADVANCED_FACE('',(#5098),#4857,.F.);
#5098 = FACE_BOUND('',#5099,.T.);
#5099 = EDGE_LOOP('',(#5100,#5101,#5127,#5128));
#5100 = ORIENTED_EDGE('',*,*,#5054,.T.);
#5101 = ORIENTED_EDGE('',*,*,#5102,.T.);
#5102 = EDGE_CURVE('',#5032,#4837,#5103,.T.);
#5103 = SURFACE_CURVE('',#5104,(#5109,#5116),.PCURVE_S1.);
#5104 = CIRCLE('',#5105,0.3499993);
#5105 = AXIS2_PLACEMENT_3D('',#5106,#5107,#5108);
#5106 = CARTESIAN_POINT('',(2.8702,17.79999996,0.41148));
#5107 = DIRECTION('',(0.E+000,0.E+000,1.));
#5108 = DIRECTION('',(-1.,2.030126162424E-014,-0.E+000));
#5109 = PCURVE('',#4857,#5110);
#5110 = DEFINITIONAL_REPRESENTATION('',(#5111),#5115);
#5111 = LINE('',#5112,#5113);
#5112 = CARTESIAN_POINT('',(-0.E+000,-0.41148));
#5113 = VECTOR('',#5114,1.);
#5114 = DIRECTION('',(-1.,0.E+000));
#5115 = ( GEOMETRIC_REPRESENTATION_CONTEXT(2) 
PARAMETRIC_REPRESENTATION_CONTEXT() REPRESENTATION_CONTEXT('2D SPACE',''
  ) );
#5116 = PCURVE('',#215,#5117);
#5117 = DEFINITIONAL_REPRESENTATION('',(#5118),#5126);
#5118 = ( BOUNDED_CURVE() B_SPLINE_CURVE(2,(#5119,#5120,#5121,#5122,
#5123,#5124,#5125),.UNSPECIFIED.,.F.,.F.) B_SPLINE_CURVE_WITH_KNOTS((1,2
    ,2,2,2,1),(-2.094395102393,0.E+000,2.094395102393,4.188790204786,
6.28318530718,8.377580409573),.UNSPECIFIED.) CURVE() 
GEOMETRIC_REPRESENTATION_ITEM() RATIONAL_B_SPLINE_CURVE((1.,0.5,1.,0.5,
1.,0.5,1.)) REPRESENTATION_ITEM('') );
#5119 = CARTESIAN_POINT('',(-2.48779792,14.83837774));
#5120 = CARTESIAN_POINT('',(-2.48779792,14.232161169786));
#5121 = CARTESIAN_POINT('',(-3.01279687,14.535269454893));
#5122 = CARTESIAN_POINT('',(-3.53779582,14.83837774));
#5123 = CARTESIAN_POINT('',(-3.01279687,15.141486025107));
#5124 = CARTESIAN_POINT('',(-2.48779792,15.444594310214));
#5125 = CARTESIAN_POINT('',(-2.48779792,14.83837774));
#5126 = ( GEOMETRIC_REPRESENTATION_CONTEXT(2) 
PARAMETRIC_REPRESENTATION_CONTEXT() REPRESENTATION_CONTEXT('2D SPACE',''
  ) );
#5127 = ORIENTED_EDGE('',*,*,#4834,.F.);
#5128 = ORIENTED_EDGE('',*,*,#5129,.F.);
#5129 = EDGE_CURVE('',#5055,#4835,#5130,.T.);
#5130 = SURFACE_CURVE('',#5131,(#5136,#5143),.PCURVE_S1.);
#5131 = CIRCLE('',#5132,0.3499993);
#5132 = AXIS2_PLACEMENT_3D('',#5133,#5134,#5135);
#5133 = CARTESIAN_POINT('',(2.8702,17.79999996,0.E+000));
#5134 = DIRECTION('',(0.E+000,0.E+000,1.));
#5135 = DIRECTION('',(-1.,2.030126162424E-014,-0.E+000));
#5136 = PCURVE('',#4857,#5137);
#5137 = DEFINITIONAL_REPRESENTATION('',(#5138),#5142);
#5138 = LINE('',#5139,#5140);
#5139 = CARTESIAN_POINT('',(-0.E+000,0.E+000));
#5140 = VECTOR('',#5141,1.);
#5141 = DIRECTION('',(-1.,0.E+000));
#5142 = ( GEOMETRIC_REPRESENTATION_CONTEXT(2) 
PARAMETRIC_REPRESENTATION_CONTEXT() REPRESENTATION_CONTEXT('2D SPACE',''
  ) );
#5143 = PCURVE('',#269,#5144);
#5144 = DEFINITIONAL_REPRESENTATION('',(#5145),#5153);
#5145 = ( BOUNDED_CURVE() B_SPLINE_CURVE(2,(#5146,#5147,#5148,#5149,
#5150,#5151,#5152),.UNSPECIFIED.,.F.,.F.) B_SPLINE_CURVE_WITH_KNOTS((1,2
    ,2,2,2,1),(-2.094395102393,0.E+000,2.094395102393,4.188790204786,
6.28318530718,8.377580409573),.UNSPECIFIED.) CURVE() 
GEOMETRIC_REPRESENTATION_ITEM() RATIONAL_B_SPLINE_CURVE((1.,0.5,1.,0.5,
1.,0.5,1.)) REPRESENTATION_ITEM('') );
#5146 = CARTESIAN_POINT('',(-2.48779792,14.83837774));
#5147 = CARTESIAN_POINT('',(-2.48779792,14.232161169786));
#5148 = CARTESIAN_POINT('',(-3.01279687,14.535269454893));
#5149 = CARTESIAN_POINT('',(-3.53779582,14.83837774));
#5150 = CARTESIAN_POINT('',(-3.01279687,15.141486025107));
#5151 = CARTESIAN_POINT('',(-2.48779792,15.444594310214));
#5152 = CARTESIAN_POINT('',(-2.48779792,14.83837774));
#5153 = ( GEOMETRIC_REPRESENTATION_CONTEXT(2) 
PARAMETRIC_REPRESENTATION_CONTEXT() REPRESENTATION_CONTEXT('2D SPACE',''
  ) );
#5154 = ADVANCED_FACE('',(#5155),#5169,.F.);
#5155 = FACE_BOUND('',#5156,.T.);
#5156 = EDGE_LOOP('',(#5157,#5187,#5213,#5214));
#5157 = ORIENTED_EDGE('',*,*,#5158,.T.);
#5158 = EDGE_CURVE('',#5159,#5161,#5163,.T.);
#5159 = VERTEX_POINT('',#5160);
#5160 = CARTESIAN_POINT('',(5.00001794,26.51083852,0.E+000));
#5161 = VERTEX_POINT('',#5162);
#5162 = CARTESIAN_POINT('',(5.00001794,26.51083852,0.41148));
#5163 = SEAM_CURVE('',#5164,(#5168,#5180),.PCURVE_S1.);
#5164 = LINE('',#5165,#5166);
#5165 = CARTESIAN_POINT('',(5.00001794,26.51083852,0.E+000));
#5166 = VECTOR('',#5167,1.);
#5167 = DIRECTION('',(0.E+000,0.E+000,1.));
#5168 = PCURVE('',#5169,#5174);
#5169 = CYLINDRICAL_SURFACE('',#5170,1.49999954);
#5170 = AXIS2_PLACEMENT_3D('',#5171,#5172,#5173);
#5171 = CARTESIAN_POINT('',(3.5000184,26.51083852,0.E+000));
#5172 = DIRECTION('',(-0.E+000,-0.E+000,-1.));
#5173 = DIRECTION('',(1.,0.E+000,-0.E+000));
#5174 = DEFINITIONAL_REPRESENTATION('',(#5175),#5179);
#5175 = LINE('',#5176,#5177);
#5176 = CARTESIAN_POINT('',(-0.E+000,0.E+000));
#5177 = VECTOR('',#5178,1.);
#5178 = DIRECTION('',(-0.E+000,-1.));
#5179 = ( GEOMETRIC_REPRESENTATION_CONTEXT(2) 
PARAMETRIC_REPRESENTATION_CONTEXT() REPRESENTATION_CONTEXT('2D SPACE',''
  ) );
#5180 = PCURVE('',#5169,#5181);
#5181 = DEFINITIONAL_REPRESENTATION('',(#5182),#5186);
#5182 = LINE('',#5183,#5184);
#5183 = CARTESIAN_POINT('',(-6.28318530718,0.E+000));
#5184 = VECTOR('',#5185,1.);
#5185 = DIRECTION('',(-0.E+000,-1.));
#5186 = ( GEOMETRIC_REPRESENTATION_CONTEXT(2) 
PARAMETRIC_REPRESENTATION_CONTEXT() REPRESENTATION_CONTEXT('2D SPACE',''
  ) );
#5187 = ORIENTED_EDGE('',*,*,#5188,.T.);
#5188 = EDGE_CURVE('',#5161,#5161,#5189,.T.);
#5189 = SURFACE_CURVE('',#5190,(#5195,#5202),.PCURVE_S1.);
#5190 = CIRCLE('',#5191,1.49999954);
#5191 = AXIS2_PLACEMENT_3D('',#5192,#5193,#5194);
#5192 = CARTESIAN_POINT('',(3.5000184,26.51083852,0.41148));
#5193 = DIRECTION('',(0.E+000,0.E+000,1.));
#5194 = DIRECTION('',(1.,0.E+000,-0.E+000));
#5195 = PCURVE('',#5169,#5196);
#5196 = DEFINITIONAL_REPRESENTATION('',(#5197),#5201);
#5197 = LINE('',#5198,#5199);
#5198 = CARTESIAN_POINT('',(-0.E+000,-0.41148));
#5199 = VECTOR('',#5200,1.);
#5200 = DIRECTION('',(-1.,0.E+000));
#5201 = ( GEOMETRIC_REPRESENTATION_CONTEXT(2) 
PARAMETRIC_REPRESENTATION_CONTEXT() REPRESENTATION_CONTEXT('2D SPACE',''
  ) );
#5202 = PCURVE('',#215,#5203);
#5203 = DEFINITIONAL_REPRESENTATION('',(#5204),#5212);
#5204 = ( BOUNDED_CURVE() B_SPLINE_CURVE(2,(#5205,#5206,#5207,#5208,
#5209,#5210,#5211),.UNSPECIFIED.,.T.,.F.) B_SPLINE_CURVE_WITH_KNOTS((1,2
    ,2,2,2,1),(-2.094395102393,0.E+000,2.094395102393,4.188790204786,
6.28318530718,8.377580409573),.UNSPECIFIED.) CURVE() 
GEOMETRIC_REPRESENTATION_ITEM() RATIONAL_B_SPLINE_CURVE((1.,0.5,1.,0.5,
1.,0.5,1.)) REPRESENTATION_ITEM('') );
#5205 = CARTESIAN_POINT('',(-4.96761516,23.5492163));
#5206 = CARTESIAN_POINT('',(-4.96761516,26.14729171461));
#5207 = CARTESIAN_POINT('',(-2.71761585,24.848254007305));
#5208 = CARTESIAN_POINT('',(-0.46761654,23.5492163));
#5209 = CARTESIAN_POINT('',(-2.71761585,22.250178592695));
#5210 = CARTESIAN_POINT('',(-4.96761516,20.95114088539));
#5211 = CARTESIAN_POINT('',(-4.96761516,23.5492163));
#5212 = ( GEOMETRIC_REPRESENTATION_CONTEXT(2) 
PARAMETRIC_REPRESENTATION_CONTEXT() REPRESENTATION_CONTEXT('2D SPACE',''
  ) );
#5213 = ORIENTED_EDGE('',*,*,#5158,.F.);
#5214 = ORIENTED_EDGE('',*,*,#5215,.F.);
#5215 = EDGE_CURVE('',#5159,#5159,#5216,.T.);
#5216 = SURFACE_CURVE('',#5217,(#5222,#5229),.PCURVE_S1.);
#5217 = CIRCLE('',#5218,1.49999954);
#5218 = AXIS2_PLACEMENT_3D('',#5219,#5220,#5221);
#5219 = CARTESIAN_POINT('',(3.5000184,26.51083852,0.E+000));
#5220 = DIRECTION('',(0.E+000,0.E+000,1.));
#5221 = DIRECTION('',(1.,0.E+000,-0.E+000));
#5222 = PCURVE('',#5169,#5223);
#5223 = DEFINITIONAL_REPRESENTATION('',(#5224),#5228);
#5224 = LINE('',#5225,#5226);
#5225 = CARTESIAN_POINT('',(-0.E+000,0.E+000));
#5226 = VECTOR('',#5227,1.);
#5227 = DIRECTION('',(-1.,0.E+000));
#5228 = ( GEOMETRIC_REPRESENTATION_CONTEXT(2) 
PARAMETRIC_REPRESENTATION_CONTEXT() REPRESENTATION_CONTEXT('2D SPACE',''
  ) );
#5229 = PCURVE('',#269,#5230);
#5230 = DEFINITIONAL_REPRESENTATION('',(#5231),#5239);
#5231 = ( BOUNDED_CURVE() B_SPLINE_CURVE(2,(#5232,#5233,#5234,#5235,
#5236,#5237,#5238),.UNSPECIFIED.,.T.,.F.) B_SPLINE_CURVE_WITH_KNOTS((1,2
    ,2,2,2,1),(-2.094395102393,0.E+000,2.094395102393,4.188790204786,
6.28318530718,8.377580409573),.UNSPECIFIED.) CURVE() 
GEOMETRIC_REPRESENTATION_ITEM() RATIONAL_B_SPLINE_CURVE((1.,0.5,1.,0.5,
1.,0.5,1.)) REPRESENTATION_ITEM('') );
#5232 = CARTESIAN_POINT('',(-4.96761516,23.5492163));
#5233 = CARTESIAN_POINT('',(-4.96761516,26.14729171461));
#5234 = CARTESIAN_POINT('',(-2.71761585,24.848254007305));
#5235 = CARTESIAN_POINT('',(-0.46761654,23.5492163));
#5236 = CARTESIAN_POINT('',(-2.71761585,22.250178592695));
#5237 = CARTESIAN_POINT('',(-4.96761516,20.95114088539));
#5238 = CARTESIAN_POINT('',(-4.96761516,23.5492163));
#5239 = ( GEOMETRIC_REPRESENTATION_CONTEXT(2) 
PARAMETRIC_REPRESENTATION_CONTEXT() REPRESENTATION_CONTEXT('2D SPACE',''
  ) );
#5240 = ADVANCED_FACE('',(#5241),#5255,.T.);
#5241 = FACE_BOUND('',#5242,.T.);
#5242 = EDGE_LOOP('',(#5243,#5278,#5301,#5329));
#5243 = ORIENTED_EDGE('',*,*,#5244,.T.);
#5244 = EDGE_CURVE('',#5245,#5247,#5249,.T.);
#5245 = VERTEX_POINT('',#5246);
#5246 = CARTESIAN_POINT('',(2.5202007,21.00000118,0.E+000));
#5247 = VERTEX_POINT('',#5248);
#5248 = CARTESIAN_POINT('',(2.5202007,21.00000118,0.41148));
#5249 = SURFACE_CURVE('',#5250,(#5254,#5266),.PCURVE_S1.);
#5250 = LINE('',#5251,#5252);
#5251 = CARTESIAN_POINT('',(2.5202007,21.00000118,0.E+000));
#5252 = VECTOR('',#5253,1.);
#5253 = DIRECTION('',(0.E+000,0.E+000,1.));
#5254 = PCURVE('',#5255,#5260);
#5255 = PLANE('',#5256);
#5256 = AXIS2_PLACEMENT_3D('',#5257,#5258,#5259);
#5257 = CARTESIAN_POINT('',(2.5202007,21.00000118,0.E+000));
#5258 = DIRECTION('',(0.E+000,1.,0.E+000));
#5259 = DIRECTION('',(1.,0.E+000,0.E+000));
#5260 = DEFINITIONAL_REPRESENTATION('',(#5261),#5265);
#5261 = LINE('',#5262,#5263);
#5262 = CARTESIAN_POINT('',(0.E+000,0.E+000));
#5263 = VECTOR('',#5264,1.);
#5264 = DIRECTION('',(0.E+000,-1.));
#5265 = ( GEOMETRIC_REPRESENTATION_CONTEXT(2) 
PARAMETRIC_REPRESENTATION_CONTEXT() REPRESENTATION_CONTEXT('2D SPACE',''
  ) );
#5266 = PCURVE('',#5267,#5272);
#5267 = CYLINDRICAL_SURFACE('',#5268,0.3999992);
#5268 = AXIS2_PLACEMENT_3D('',#5269,#5270,#5271);
#5269 = CARTESIAN_POINT('',(2.5202007,21.40000038,0.E+000));
#5270 = DIRECTION('',(-0.E+000,-0.E+000,-1.));
#5271 = DIRECTION('',(1.776360392121E-014,1.,-0.E+000));
#5272 = DEFINITIONAL_REPRESENTATION('',(#5273),#5277);
#5273 = LINE('',#5274,#5275);
#5274 = CARTESIAN_POINT('',(-3.14159265359,0.E+000));
#5275 = VECTOR('',#5276,1.);
#5276 = DIRECTION('',(-0.E+000,-1.));
#5277 = ( GEOMETRIC_REPRESENTATION_CONTEXT(2) 
PARAMETRIC_REPRESENTATION_CONTEXT() REPRESENTATION_CONTEXT('2D SPACE',''
  ) );
#5278 = ORIENTED_EDGE('',*,*,#5279,.T.);
#5279 = EDGE_CURVE('',#5247,#5280,#5282,.T.);
#5280 = VERTEX_POINT('',#5281);
#5281 = CARTESIAN_POINT('',(3.2201993,21.00000118,0.41148));
#5282 = SURFACE_CURVE('',#5283,(#5287,#5294),.PCURVE_S1.);
#5283 = LINE('',#5284,#5285);
#5284 = CARTESIAN_POINT('',(2.5202007,21.00000118,0.41148));
#5285 = VECTOR('',#5286,1.);
#5286 = DIRECTION('',(1.,0.E+000,0.E+000));
#5287 = PCURVE('',#5255,#5288);
#5288 = DEFINITIONAL_REPRESENTATION('',(#5289),#5293);
#5289 = LINE('',#5290,#5291);
#5290 = CARTESIAN_POINT('',(0.E+000,-0.41148));
#5291 = VECTOR('',#5292,1.);
#5292 = DIRECTION('',(1.,0.E+000));
#5293 = ( GEOMETRIC_REPRESENTATION_CONTEXT(2) 
PARAMETRIC_REPRESENTATION_CONTEXT() REPRESENTATION_CONTEXT('2D SPACE',''
  ) );
#5294 = PCURVE('',#215,#5295);
#5295 = DEFINITIONAL_REPRESENTATION('',(#5296),#5300);
#5296 = LINE('',#5297,#5298);
#5297 = CARTESIAN_POINT('',(-2.48779792,18.03837896));
#5298 = VECTOR('',#5299,1.);
#5299 = DIRECTION('',(-1.,0.E+000));
#5300 = ( GEOMETRIC_REPRESENTATION_CONTEXT(2) 
PARAMETRIC_REPRESENTATION_CONTEXT() REPRESENTATION_CONTEXT('2D SPACE',''
  ) );
#5301 = ORIENTED_EDGE('',*,*,#5302,.F.);
#5302 = EDGE_CURVE('',#5303,#5280,#5305,.T.);
#5303 = VERTEX_POINT('',#5304);
#5304 = CARTESIAN_POINT('',(3.2201993,21.00000118,0.E+000));
#5305 = SURFACE_CURVE('',#5306,(#5310,#5317),.PCURVE_S1.);
#5306 = LINE('',#5307,#5308);
#5307 = CARTESIAN_POINT('',(3.2201993,21.00000118,0.E+000));
#5308 = VECTOR('',#5309,1.);
#5309 = DIRECTION('',(0.E+000,0.E+000,1.));
#5310 = PCURVE('',#5255,#5311);
#5311 = DEFINITIONAL_REPRESENTATION('',(#5312),#5316);
#5312 = LINE('',#5313,#5314);
#5313 = CARTESIAN_POINT('',(0.6999986,0.E+000));
#5314 = VECTOR('',#5315,1.);
#5315 = DIRECTION('',(0.E+000,-1.));
#5316 = ( GEOMETRIC_REPRESENTATION_CONTEXT(2) 
PARAMETRIC_REPRESENTATION_CONTEXT() REPRESENTATION_CONTEXT('2D SPACE',''
  ) );
#5317 = PCURVE('',#5318,#5323);
#5318 = CYLINDRICAL_SURFACE('',#5319,0.3999992);
#5319 = AXIS2_PLACEMENT_3D('',#5320,#5321,#5322);
#5320 = CARTESIAN_POINT('',(3.2201993,21.40000038,0.E+000));
#5321 = DIRECTION('',(-0.E+000,-0.E+000,-1.));
#5322 = DIRECTION('',(-1.776360392121E-014,-1.,0.E+000));
#5323 = DEFINITIONAL_REPRESENTATION('',(#5324),#5328);
#5324 = LINE('',#5325,#5326);
#5325 = CARTESIAN_POINT('',(-0.E+000,0.E+000));
#5326 = VECTOR('',#5327,1.);
#5327 = DIRECTION('',(-0.E+000,-1.));
#5328 = ( GEOMETRIC_REPRESENTATION_CONTEXT(2) 
PARAMETRIC_REPRESENTATION_CONTEXT() REPRESENTATION_CONTEXT('2D SPACE',''
  ) );
#5329 = ORIENTED_EDGE('',*,*,#5330,.F.);
#5330 = EDGE_CURVE('',#5245,#5303,#5331,.T.);
#5331 = SURFACE_CURVE('',#5332,(#5336,#5343),.PCURVE_S1.);
#5332 = LINE('',#5333,#5334);
#5333 = CARTESIAN_POINT('',(2.5202007,21.00000118,0.E+000));
#5334 = VECTOR('',#5335,1.);
#5335 = DIRECTION('',(1.,0.E+000,0.E+000));
#5336 = PCURVE('',#5255,#5337);
#5337 = DEFINITIONAL_REPRESENTATION('',(#5338),#5342);
#5338 = LINE('',#5339,#5340);
#5339 = CARTESIAN_POINT('',(0.E+000,0.E+000));
#5340 = VECTOR('',#5341,1.);
#5341 = DIRECTION('',(1.,0.E+000));
#5342 = ( GEOMETRIC_REPRESENTATION_CONTEXT(2) 
PARAMETRIC_REPRESENTATION_CONTEXT() REPRESENTATION_CONTEXT('2D SPACE',''
  ) );
#5343 = PCURVE('',#269,#5344);
#5344 = DEFINITIONAL_REPRESENTATION('',(#5345),#5349);
#5345 = LINE('',#5346,#5347);
#5346 = CARTESIAN_POINT('',(-2.48779792,18.03837896));
#5347 = VECTOR('',#5348,1.);
#5348 = DIRECTION('',(-1.,0.E+000));
#5349 = ( GEOMETRIC_REPRESENTATION_CONTEXT(2) 
PARAMETRIC_REPRESENTATION_CONTEXT() REPRESENTATION_CONTEXT('2D SPACE',''
  ) );
#5350 = ADVANCED_FACE('',(#5351),#5318,.F.);
#5351 = FACE_BOUND('',#5352,.T.);
#5352 = EDGE_LOOP('',(#5353,#5354,#5382,#5410));
#5353 = ORIENTED_EDGE('',*,*,#5302,.T.);
#5354 = ORIENTED_EDGE('',*,*,#5355,.T.);
#5355 = EDGE_CURVE('',#5280,#5356,#5358,.T.);
#5356 = VERTEX_POINT('',#5357);
#5357 = CARTESIAN_POINT('',(3.2201993,21.79999958,0.41148));
#5358 = SURFACE_CURVE('',#5359,(#5364,#5371),.PCURVE_S1.);
#5359 = CIRCLE('',#5360,0.3999992);
#5360 = AXIS2_PLACEMENT_3D('',#5361,#5362,#5363);
#5361 = CARTESIAN_POINT('',(3.2201993,21.40000038,0.41148));
#5362 = DIRECTION('',(0.E+000,0.E+000,1.));
#5363 = DIRECTION('',(-1.776360392121E-014,-1.,0.E+000));
#5364 = PCURVE('',#5318,#5365);
#5365 = DEFINITIONAL_REPRESENTATION('',(#5366),#5370);
#5366 = LINE('',#5367,#5368);
#5367 = CARTESIAN_POINT('',(-0.E+000,-0.41148));
#5368 = VECTOR('',#5369,1.);
#5369 = DIRECTION('',(-1.,0.E+000));
#5370 = ( GEOMETRIC_REPRESENTATION_CONTEXT(2) 
PARAMETRIC_REPRESENTATION_CONTEXT() REPRESENTATION_CONTEXT('2D SPACE',''
  ) );
#5371 = PCURVE('',#215,#5372);
#5372 = DEFINITIONAL_REPRESENTATION('',(#5373),#5381);
#5373 = ( BOUNDED_CURVE() B_SPLINE_CURVE(2,(#5374,#5375,#5376,#5377,
#5378,#5379,#5380),.UNSPECIFIED.,.F.,.F.) B_SPLINE_CURVE_WITH_KNOTS((1,2
    ,2,2,2,1),(-2.094395102393,0.E+000,2.094395102393,4.188790204786,
6.28318530718,8.377580409573),.UNSPECIFIED.) CURVE() 
GEOMETRIC_REPRESENTATION_ITEM() RATIONAL_B_SPLINE_CURVE((1.,0.5,1.,0.5,
1.,0.5,1.)) REPRESENTATION_ITEM('') );
#5374 = CARTESIAN_POINT('',(-3.18779652,18.03837896));
#5375 = CARTESIAN_POINT('',(-3.880615457387,18.03837896));
#5376 = CARTESIAN_POINT('',(-3.534205988693,18.63837776));
#5377 = CARTESIAN_POINT('',(-3.18779652,19.23837656));
#5378 = CARTESIAN_POINT('',(-2.841387051307,18.63837776));
#5379 = CARTESIAN_POINT('',(-2.494977582613,18.03837896));
#5380 = CARTESIAN_POINT('',(-3.18779652,18.03837896));
#5381 = ( GEOMETRIC_REPRESENTATION_CONTEXT(2) 
PARAMETRIC_REPRESENTATION_CONTEXT() REPRESENTATION_CONTEXT('2D SPACE',''
  ) );
#5382 = ORIENTED_EDGE('',*,*,#5383,.F.);
#5383 = EDGE_CURVE('',#5384,#5356,#5386,.T.);
#5384 = VERTEX_POINT('',#5385);
#5385 = CARTESIAN_POINT('',(3.2201993,21.79999958,0.E+000));
#5386 = SURFACE_CURVE('',#5387,(#5391,#5398),.PCURVE_S1.);
#5387 = LINE('',#5388,#5389);
#5388 = CARTESIAN_POINT('',(3.2201993,21.79999958,0.E+000));
#5389 = VECTOR('',#5390,1.);
#5390 = DIRECTION('',(0.E+000,0.E+000,1.));
#5391 = PCURVE('',#5318,#5392);
#5392 = DEFINITIONAL_REPRESENTATION('',(#5393),#5397);
#5393 = LINE('',#5394,#5395);
#5394 = CARTESIAN_POINT('',(-3.14159265359,0.E+000));
#5395 = VECTOR('',#5396,1.);
#5396 = DIRECTION('',(-0.E+000,-1.));
#5397 = ( GEOMETRIC_REPRESENTATION_CONTEXT(2) 
PARAMETRIC_REPRESENTATION_CONTEXT() REPRESENTATION_CONTEXT('2D SPACE',''
  ) );
#5398 = PCURVE('',#5399,#5404);
#5399 = PLANE('',#5400);
#5400 = AXIS2_PLACEMENT_3D('',#5401,#5402,#5403);
#5401 = CARTESIAN_POINT('',(3.2201993,21.79999958,0.E+000));
#5402 = DIRECTION('',(0.E+000,-1.,0.E+000));
#5403 = DIRECTION('',(-1.,0.E+000,0.E+000));
#5404 = DEFINITIONAL_REPRESENTATION('',(#5405),#5409);
#5405 = LINE('',#5406,#5407);
#5406 = CARTESIAN_POINT('',(0.E+000,-0.E+000));
#5407 = VECTOR('',#5408,1.);
#5408 = DIRECTION('',(0.E+000,-1.));
#5409 = ( GEOMETRIC_REPRESENTATION_CONTEXT(2) 
PARAMETRIC_REPRESENTATION_CONTEXT() REPRESENTATION_CONTEXT('2D SPACE',''
  ) );
#5410 = ORIENTED_EDGE('',*,*,#5411,.F.);
#5411 = EDGE_CURVE('',#5303,#5384,#5412,.T.);
#5412 = SURFACE_CURVE('',#5413,(#5418,#5425),.PCURVE_S1.);
#5413 = CIRCLE('',#5414,0.3999992);
#5414 = AXIS2_PLACEMENT_3D('',#5415,#5416,#5417);
#5415 = CARTESIAN_POINT('',(3.2201993,21.40000038,0.E+000));
#5416 = DIRECTION('',(0.E+000,0.E+000,1.));
#5417 = DIRECTION('',(-1.776360392121E-014,-1.,0.E+000));
#5418 = PCURVE('',#5318,#5419);
#5419 = DEFINITIONAL_REPRESENTATION('',(#5420),#5424);
#5420 = LINE('',#5421,#5422);
#5421 = CARTESIAN_POINT('',(-0.E+000,0.E+000));
#5422 = VECTOR('',#5423,1.);
#5423 = DIRECTION('',(-1.,0.E+000));
#5424 = ( GEOMETRIC_REPRESENTATION_CONTEXT(2) 
PARAMETRIC_REPRESENTATION_CONTEXT() REPRESENTATION_CONTEXT('2D SPACE',''
  ) );
#5425 = PCURVE('',#269,#5426);
#5426 = DEFINITIONAL_REPRESENTATION('',(#5427),#5435);
#5427 = ( BOUNDED_CURVE() B_SPLINE_CURVE(2,(#5428,#5429,#5430,#5431,
#5432,#5433,#5434),.UNSPECIFIED.,.F.,.F.) B_SPLINE_CURVE_WITH_KNOTS((1,2
    ,2,2,2,1),(-2.094395102393,0.E+000,2.094395102393,4.188790204786,
6.28318530718,8.377580409573),.UNSPECIFIED.) CURVE() 
GEOMETRIC_REPRESENTATION_ITEM() RATIONAL_B_SPLINE_CURVE((1.,0.5,1.,0.5,
1.,0.5,1.)) REPRESENTATION_ITEM('') );
#5428 = CARTESIAN_POINT('',(-3.18779652,18.03837896));
#5429 = CARTESIAN_POINT('',(-3.880615457387,18.03837896));
#5430 = CARTESIAN_POINT('',(-3.534205988693,18.63837776));
#5431 = CARTESIAN_POINT('',(-3.18779652,19.23837656));
#5432 = CARTESIAN_POINT('',(-2.841387051307,18.63837776));
#5433 = CARTESIAN_POINT('',(-2.494977582613,18.03837896));
#5434 = CARTESIAN_POINT('',(-3.18779652,18.03837896));
#5435 = ( GEOMETRIC_REPRESENTATION_CONTEXT(2) 
PARAMETRIC_REPRESENTATION_CONTEXT() REPRESENTATION_CONTEXT('2D SPACE',''
  ) );
#5436 = ADVANCED_FACE('',(#5437),#5399,.T.);
#5437 = FACE_BOUND('',#5438,.T.);
#5438 = EDGE_LOOP('',(#5439,#5440,#5463,#5486));
#5439 = ORIENTED_EDGE('',*,*,#5383,.T.);
#5440 = ORIENTED_EDGE('',*,*,#5441,.T.);
#5441 = EDGE_CURVE('',#5356,#5442,#5444,.T.);
#5442 = VERTEX_POINT('',#5443);
#5443 = CARTESIAN_POINT('',(2.5202007,21.79999958,0.41148));
#5444 = SURFACE_CURVE('',#5445,(#5449,#5456),.PCURVE_S1.);
#5445 = LINE('',#5446,#5447);
#5446 = CARTESIAN_POINT('',(3.2201993,21.79999958,0.41148));
#5447 = VECTOR('',#5448,1.);
#5448 = DIRECTION('',(-1.,0.E+000,0.E+000));
#5449 = PCURVE('',#5399,#5450);
#5450 = DEFINITIONAL_REPRESENTATION('',(#5451),#5455);
#5451 = LINE('',#5452,#5453);
#5452 = CARTESIAN_POINT('',(0.E+000,-0.41148));
#5453 = VECTOR('',#5454,1.);
#5454 = DIRECTION('',(1.,0.E+000));
#5455 = ( GEOMETRIC_REPRESENTATION_CONTEXT(2) 
PARAMETRIC_REPRESENTATION_CONTEXT() REPRESENTATION_CONTEXT('2D SPACE',''
  ) );
#5456 = PCURVE('',#215,#5457);
#5457 = DEFINITIONAL_REPRESENTATION('',(#5458),#5462);
#5458 = LINE('',#5459,#5460);
#5459 = CARTESIAN_POINT('',(-3.18779652,18.83837736));
#5460 = VECTOR('',#5461,1.);
#5461 = DIRECTION('',(1.,0.E+000));
#5462 = ( GEOMETRIC_REPRESENTATION_CONTEXT(2) 
PARAMETRIC_REPRESENTATION_CONTEXT() REPRESENTATION_CONTEXT('2D SPACE',''
  ) );
#5463 = ORIENTED_EDGE('',*,*,#5464,.F.);
#5464 = EDGE_CURVE('',#5465,#5442,#5467,.T.);
#5465 = VERTEX_POINT('',#5466);
#5466 = CARTESIAN_POINT('',(2.5202007,21.79999958,0.E+000));
#5467 = SURFACE_CURVE('',#5468,(#5472,#5479),.PCURVE_S1.);
#5468 = LINE('',#5469,#5470);
#5469 = CARTESIAN_POINT('',(2.5202007,21.79999958,0.E+000));
#5470 = VECTOR('',#5471,1.);
#5471 = DIRECTION('',(0.E+000,0.E+000,1.));
#5472 = PCURVE('',#5399,#5473);
#5473 = DEFINITIONAL_REPRESENTATION('',(#5474),#5478);
#5474 = LINE('',#5475,#5476);
#5475 = CARTESIAN_POINT('',(0.6999986,0.E+000));
#5476 = VECTOR('',#5477,1.);
#5477 = DIRECTION('',(0.E+000,-1.));
#5478 = ( GEOMETRIC_REPRESENTATION_CONTEXT(2) 
PARAMETRIC_REPRESENTATION_CONTEXT() REPRESENTATION_CONTEXT('2D SPACE',''
  ) );
#5479 = PCURVE('',#5267,#5480);
#5480 = DEFINITIONAL_REPRESENTATION('',(#5481),#5485);
#5481 = LINE('',#5482,#5483);
#5482 = CARTESIAN_POINT('',(-0.E+000,0.E+000));
#5483 = VECTOR('',#5484,1.);
#5484 = DIRECTION('',(-0.E+000,-1.));
#5485 = ( GEOMETRIC_REPRESENTATION_CONTEXT(2) 
PARAMETRIC_REPRESENTATION_CONTEXT() REPRESENTATION_CONTEXT('2D SPACE',''
  ) );
#5486 = ORIENTED_EDGE('',*,*,#5487,.F.);
#5487 = EDGE_CURVE('',#5384,#5465,#5488,.T.);
#5488 = SURFACE_CURVE('',#5489,(#5493,#5500),.PCURVE_S1.);
#5489 = LINE('',#5490,#5491);
#5490 = CARTESIAN_POINT('',(3.2201993,21.79999958,0.E+000));
#5491 = VECTOR('',#5492,1.);
#5492 = DIRECTION('',(-1.,0.E+000,0.E+000));
#5493 = PCURVE('',#5399,#5494);
#5494 = DEFINITIONAL_REPRESENTATION('',(#5495),#5499);
#5495 = LINE('',#5496,#5497);
#5496 = CARTESIAN_POINT('',(0.E+000,-0.E+000));
#5497 = VECTOR('',#5498,1.);
#5498 = DIRECTION('',(1.,0.E+000));
#5499 = ( GEOMETRIC_REPRESENTATION_CONTEXT(2) 
PARAMETRIC_REPRESENTATION_CONTEXT() REPRESENTATION_CONTEXT('2D SPACE',''
  ) );
#5500 = PCURVE('',#269,#5501);
#5501 = DEFINITIONAL_REPRESENTATION('',(#5502),#5506);
#5502 = LINE('',#5503,#5504);
#5503 = CARTESIAN_POINT('',(-3.18779652,18.83837736));
#5504 = VECTOR('',#5505,1.);
#5505 = DIRECTION('',(1.,0.E+000));
#5506 = ( GEOMETRIC_REPRESENTATION_CONTEXT(2) 
PARAMETRIC_REPRESENTATION_CONTEXT() REPRESENTATION_CONTEXT('2D SPACE',''
  ) );
#5507 = ADVANCED_FACE('',(#5508),#5267,.F.);
#5508 = FACE_BOUND('',#5509,.T.);
#5509 = EDGE_LOOP('',(#5510,#5511,#5537,#5538));
#5510 = ORIENTED_EDGE('',*,*,#5464,.T.);
#5511 = ORIENTED_EDGE('',*,*,#5512,.T.);
#5512 = EDGE_CURVE('',#5442,#5247,#5513,.T.);
#5513 = SURFACE_CURVE('',#5514,(#5519,#5526),.PCURVE_S1.);
#5514 = CIRCLE('',#5515,0.3999992);
#5515 = AXIS2_PLACEMENT_3D('',#5516,#5517,#5518);
#5516 = CARTESIAN_POINT('',(2.5202007,21.40000038,0.41148));
#5517 = DIRECTION('',(0.E+000,0.E+000,1.));
#5518 = DIRECTION('',(1.776360392121E-014,1.,-0.E+000));
#5519 = PCURVE('',#5267,#5520);
#5520 = DEFINITIONAL_REPRESENTATION('',(#5521),#5525);
#5521 = LINE('',#5522,#5523);
#5522 = CARTESIAN_POINT('',(-0.E+000,-0.41148));
#5523 = VECTOR('',#5524,1.);
#5524 = DIRECTION('',(-1.,0.E+000));
#5525 = ( GEOMETRIC_REPRESENTATION_CONTEXT(2) 
PARAMETRIC_REPRESENTATION_CONTEXT() REPRESENTATION_CONTEXT('2D SPACE',''
  ) );
#5526 = PCURVE('',#215,#5527);
#5527 = DEFINITIONAL_REPRESENTATION('',(#5528),#5536);
#5528 = ( BOUNDED_CURVE() B_SPLINE_CURVE(2,(#5529,#5530,#5531,#5532,
#5533,#5534,#5535),.UNSPECIFIED.,.T.,.F.) B_SPLINE_CURVE_WITH_KNOTS((1,2
    ,2,2,2,1),(-2.094395102393,0.E+000,2.094395102393,4.188790204786,
6.28318530718,8.377580409573),.UNSPECIFIED.) CURVE() 
GEOMETRIC_REPRESENTATION_ITEM() RATIONAL_B_SPLINE_CURVE((1.,0.5,1.,0.5,
1.,0.5,1.)) REPRESENTATION_ITEM('') );
#5529 = CARTESIAN_POINT('',(-2.48779792,18.83837736));
#5530 = CARTESIAN_POINT('',(-1.794978982613,18.83837736));
#5531 = CARTESIAN_POINT('',(-2.141388451307,18.23837856));
#5532 = CARTESIAN_POINT('',(-2.48779792,17.63837976));
#5533 = CARTESIAN_POINT('',(-2.834207388693,18.23837856));
#5534 = CARTESIAN_POINT('',(-3.180616857387,18.83837736));
#5535 = CARTESIAN_POINT('',(-2.48779792,18.83837736));
#5536 = ( GEOMETRIC_REPRESENTATION_CONTEXT(2) 
PARAMETRIC_REPRESENTATION_CONTEXT() REPRESENTATION_CONTEXT('2D SPACE',''
  ) );
#5537 = ORIENTED_EDGE('',*,*,#5244,.F.);
#5538 = ORIENTED_EDGE('',*,*,#5539,.F.);
#5539 = EDGE_CURVE('',#5465,#5245,#5540,.T.);
#5540 = SURFACE_CURVE('',#5541,(#5546,#5553),.PCURVE_S1.);
#5541 = CIRCLE('',#5542,0.3999992);
#5542 = AXIS2_PLACEMENT_3D('',#5543,#5544,#5545);
#5543 = CARTESIAN_POINT('',(2.5202007,21.40000038,0.E+000));
#5544 = DIRECTION('',(0.E+000,0.E+000,1.));
#5545 = DIRECTION('',(1.776360392121E-014,1.,-0.E+000));
#5546 = PCURVE('',#5267,#5547);
#5547 = DEFINITIONAL_REPRESENTATION('',(#5548),#5552);
#5548 = LINE('',#5549,#5550);
#5549 = CARTESIAN_POINT('',(-0.E+000,0.E+000));
#5550 = VECTOR('',#5551,1.);
#5551 = DIRECTION('',(-1.,0.E+000));
#5552 = ( GEOMETRIC_REPRESENTATION_CONTEXT(2) 
PARAMETRIC_REPRESENTATION_CONTEXT() REPRESENTATION_CONTEXT('2D SPACE',''
  ) );
#5553 = PCURVE('',#269,#5554);
#5554 = DEFINITIONAL_REPRESENTATION('',(#5555),#5563);
#5555 = ( BOUNDED_CURVE() B_SPLINE_CURVE(2,(#5556,#5557,#5558,#5559,
#5560,#5561,#5562),.UNSPECIFIED.,.T.,.F.) B_SPLINE_CURVE_WITH_KNOTS((1,2
    ,2,2,2,1),(-2.094395102393,0.E+000,2.094395102393,4.188790204786,
6.28318530718,8.377580409573),.UNSPECIFIED.) CURVE() 
GEOMETRIC_REPRESENTATION_ITEM() RATIONAL_B_SPLINE_CURVE((1.,0.5,1.,0.5,
1.,0.5,1.)) REPRESENTATION_ITEM('') );
#5556 = CARTESIAN_POINT('',(-2.48779792,18.83837736));
#5557 = CARTESIAN_POINT('',(-1.794978982613,18.83837736));
#5558 = CARTESIAN_POINT('',(-2.141388451307,18.23837856));
#5559 = CARTESIAN_POINT('',(-2.48779792,17.63837976));
#5560 = CARTESIAN_POINT('',(-2.834207388693,18.23837856));
#5561 = CARTESIAN_POINT('',(-3.180616857387,18.83837736));
#5562 = CARTESIAN_POINT('',(-2.48779792,18.83837736));
#5563 = ( GEOMETRIC_REPRESENTATION_CONTEXT(2) 
PARAMETRIC_REPRESENTATION_CONTEXT() REPRESENTATION_CONTEXT('2D SPACE',''
  ) );
#5564 = ADVANCED_FACE('',(#5565),#5579,.F.);
#5565 = FACE_BOUND('',#5566,.T.);
#5566 = EDGE_LOOP('',(#5567,#5597,#5623,#5624));
#5567 = ORIENTED_EDGE('',*,*,#5568,.T.);
#5568 = EDGE_CURVE('',#5569,#5571,#5573,.T.);
#5569 = VERTEX_POINT('',#5570);
#5570 = CARTESIAN_POINT('',(57.20599938,2.23700086,0.E+000));
#5571 = VERTEX_POINT('',#5572);
#5572 = CARTESIAN_POINT('',(57.20599938,2.23700086,0.41148));
#5573 = SEAM_CURVE('',#5574,(#5578,#5590),.PCURVE_S1.);
#5574 = LINE('',#5575,#5576);
#5575 = CARTESIAN_POINT('',(57.20599938,2.23700086,0.E+000));
#5576 = VECTOR('',#5577,1.);
#5577 = DIRECTION('',(0.E+000,0.E+000,1.));
#5578 = PCURVE('',#5579,#5584);
#5579 = CYLINDRICAL_SURFACE('',#5580,0.6999986);
#5580 = AXIS2_PLACEMENT_3D('',#5581,#5582,#5583);
#5581 = CARTESIAN_POINT('',(56.50600078,2.23700086,0.E+000));
#5582 = DIRECTION('',(-0.E+000,-0.E+000,-1.));
#5583 = DIRECTION('',(1.,0.E+000,-0.E+000));
#5584 = DEFINITIONAL_REPRESENTATION('',(#5585),#5589);
#5585 = LINE('',#5586,#5587);
#5586 = CARTESIAN_POINT('',(-0.E+000,0.E+000));
#5587 = VECTOR('',#5588,1.);
#5588 = DIRECTION('',(-0.E+000,-1.));
#5589 = ( GEOMETRIC_REPRESENTATION_CONTEXT(2) 
PARAMETRIC_REPRESENTATION_CONTEXT() REPRESENTATION_CONTEXT('2D SPACE',''
  ) );
#5590 = PCURVE('',#5579,#5591);
#5591 = DEFINITIONAL_REPRESENTATION('',(#5592),#5596);
#5592 = LINE('',#5593,#5594);
#5593 = CARTESIAN_POINT('',(-6.28318530718,0.E+000));
#5594 = VECTOR('',#5595,1.);
#5595 = DIRECTION('',(-0.E+000,-1.));
#5596 = ( GEOMETRIC_REPRESENTATION_CONTEXT(2) 
PARAMETRIC_REPRESENTATION_CONTEXT() REPRESENTATION_CONTEXT('2D SPACE',''
  ) );
#5597 = ORIENTED_EDGE('',*,*,#5598,.T.);
#5598 = EDGE_CURVE('',#5571,#5571,#5599,.T.);
#5599 = SURFACE_CURVE('',#5600,(#5605,#5612),.PCURVE_S1.);
#5600 = CIRCLE('',#5601,0.6999986);
#5601 = AXIS2_PLACEMENT_3D('',#5602,#5603,#5604);
#5602 = CARTESIAN_POINT('',(56.50600078,2.23700086,0.41148));
#5603 = DIRECTION('',(0.E+000,0.E+000,1.));
#5604 = DIRECTION('',(1.,0.E+000,-0.E+000));
#5605 = PCURVE('',#5579,#5606);
#5606 = DEFINITIONAL_REPRESENTATION('',(#5607),#5611);
#5607 = LINE('',#5608,#5609);
#5608 = CARTESIAN_POINT('',(-0.E+000,-0.41148));
#5609 = VECTOR('',#5610,1.);
#5610 = DIRECTION('',(-1.,0.E+000));
#5611 = ( GEOMETRIC_REPRESENTATION_CONTEXT(2) 
PARAMETRIC_REPRESENTATION_CONTEXT() REPRESENTATION_CONTEXT('2D SPACE',''
  ) );
#5612 = PCURVE('',#215,#5613);
#5613 = DEFINITIONAL_REPRESENTATION('',(#5614),#5622);
#5614 = ( BOUNDED_CURVE() B_SPLINE_CURVE(2,(#5615,#5616,#5617,#5618,
#5619,#5620,#5621),.UNSPECIFIED.,.T.,.F.) B_SPLINE_CURVE_WITH_KNOTS((1,2
    ,2,2,2,1),(-2.094395102393,0.E+000,2.094395102393,4.188790204786,
6.28318530718,8.377580409573),.UNSPECIFIED.) CURVE() 
GEOMETRIC_REPRESENTATION_ITEM() RATIONAL_B_SPLINE_CURVE((1.,0.5,1.,0.5,
1.,0.5,1.)) REPRESENTATION_ITEM('') );
#5615 = CARTESIAN_POINT('',(-57.1735966,-0.72462136));
#5616 = CARTESIAN_POINT('',(-57.1735966,0.487811780427));
#5617 = CARTESIAN_POINT('',(-56.1235987,-0.118404789786));
#5618 = CARTESIAN_POINT('',(-55.0736008,-0.72462136));
#5619 = CARTESIAN_POINT('',(-56.1235987,-1.330837930214));
#5620 = CARTESIAN_POINT('',(-57.1735966,-1.937054500427));
#5621 = CARTESIAN_POINT('',(-57.1735966,-0.72462136));
#5622 = ( GEOMETRIC_REPRESENTATION_CONTEXT(2) 
PARAMETRIC_REPRESENTATION_CONTEXT() REPRESENTATION_CONTEXT('2D SPACE',''
  ) );
#5623 = ORIENTED_EDGE('',*,*,#5568,.F.);
#5624 = ORIENTED_EDGE('',*,*,#5625,.F.);
#5625 = EDGE_CURVE('',#5569,#5569,#5626,.T.);
#5626 = SURFACE_CURVE('',#5627,(#5632,#5639),.PCURVE_S1.);
#5627 = CIRCLE('',#5628,0.6999986);
#5628 = AXIS2_PLACEMENT_3D('',#5629,#5630,#5631);
#5629 = CARTESIAN_POINT('',(56.50600078,2.23700086,0.E+000));
#5630 = DIRECTION('',(0.E+000,0.E+000,1.));
#5631 = DIRECTION('',(1.,0.E+000,-0.E+000));
#5632 = PCURVE('',#5579,#5633);
#5633 = DEFINITIONAL_REPRESENTATION('',(#5634),#5638);
#5634 = LINE('',#5635,#5636);
#5635 = CARTESIAN_POINT('',(-0.E+000,0.E+000));
#5636 = VECTOR('',#5637,1.);
#5637 = DIRECTION('',(-1.,0.E+000));
#5638 = ( GEOMETRIC_REPRESENTATION_CONTEXT(2) 
PARAMETRIC_REPRESENTATION_CONTEXT() REPRESENTATION_CONTEXT('2D SPACE',''
  ) );
#5639 = PCURVE('',#269,#5640);
#5640 = DEFINITIONAL_REPRESENTATION('',(#5641),#5649);
#5641 = ( BOUNDED_CURVE() B_SPLINE_CURVE(2,(#5642,#5643,#5644,#5645,
#5646,#5647,#5648),.UNSPECIFIED.,.T.,.F.) B_SPLINE_CURVE_WITH_KNOTS((1,2
    ,2,2,2,1),(-2.094395102393,0.E+000,2.094395102393,4.188790204786,
6.28318530718,8.377580409573),.UNSPECIFIED.) CURVE() 
GEOMETRIC_REPRESENTATION_ITEM() RATIONAL_B_SPLINE_CURVE((1.,0.5,1.,0.5,
1.,0.5,1.)) REPRESENTATION_ITEM('') );
#5642 = CARTESIAN_POINT('',(-57.1735966,-0.72462136));
#5643 = CARTESIAN_POINT('',(-57.1735966,0.487811780427));
#5644 = CARTESIAN_POINT('',(-56.1235987,-0.118404789786));
#5645 = CARTESIAN_POINT('',(-55.0736008,-0.72462136));
#5646 = CARTESIAN_POINT('',(-56.1235987,-1.330837930214));
#5647 = CARTESIAN_POINT('',(-57.1735966,-1.937054500427));
#5648 = CARTESIAN_POINT('',(-57.1735966,-0.72462136));
#5649 = ( GEOMETRIC_REPRESENTATION_CONTEXT(2) 
PARAMETRIC_REPRESENTATION_CONTEXT() REPRESENTATION_CONTEXT('2D SPACE',''
  ) );
#5650 = ADVANCED_FACE('',(#5651),#5665,.F.);
#5651 = FACE_BOUND('',#5652,.T.);
#5652 = EDGE_LOOP('',(#5653,#5683,#5709,#5710));
#5653 = ORIENTED_EDGE('',*,*,#5654,.T.);
#5654 = EDGE_CURVE('',#5655,#5657,#5659,.T.);
#5655 = VERTEX_POINT('',#5656);
#5656 = CARTESIAN_POINT('',(54.66599938,4.77700086,0.E+000));
#5657 = VERTEX_POINT('',#5658);
#5658 = CARTESIAN_POINT('',(54.66599938,4.77700086,0.41148));
#5659 = SEAM_CURVE('',#5660,(#5664,#5676),.PCURVE_S1.);
#5660 = LINE('',#5661,#5662);
#5661 = CARTESIAN_POINT('',(54.66599938,4.77700086,0.E+000));
#5662 = VECTOR('',#5663,1.);
#5663 = DIRECTION('',(0.E+000,0.E+000,1.));
#5664 = PCURVE('',#5665,#5670);
#5665 = CYLINDRICAL_SURFACE('',#5666,0.6999986);
#5666 = AXIS2_PLACEMENT_3D('',#5667,#5668,#5669);
#5667 = CARTESIAN_POINT('',(53.96600078,4.77700086,0.E+000));
#5668 = DIRECTION('',(-0.E+000,-0.E+000,-1.));
#5669 = DIRECTION('',(1.,0.E+000,-0.E+000));
#5670 = DEFINITIONAL_REPRESENTATION('',(#5671),#5675);
#5671 = LINE('',#5672,#5673);
#5672 = CARTESIAN_POINT('',(-0.E+000,0.E+000));
#5673 = VECTOR('',#5674,1.);
#5674 = DIRECTION('',(-0.E+000,-1.));
#5675 = ( GEOMETRIC_REPRESENTATION_CONTEXT(2) 
PARAMETRIC_REPRESENTATION_CONTEXT() REPRESENTATION_CONTEXT('2D SPACE',''
  ) );
#5676 = PCURVE('',#5665,#5677);
#5677 = DEFINITIONAL_REPRESENTATION('',(#5678),#5682);
#5678 = LINE('',#5679,#5680);
#5679 = CARTESIAN_POINT('',(-6.28318530718,0.E+000));
#5680 = VECTOR('',#5681,1.);
#5681 = DIRECTION('',(-0.E+000,-1.));
#5682 = ( GEOMETRIC_REPRESENTATION_CONTEXT(2) 
PARAMETRIC_REPRESENTATION_CONTEXT() REPRESENTATION_CONTEXT('2D SPACE',''
  ) );
#5683 = ORIENTED_EDGE('',*,*,#5684,.T.);
#5684 = EDGE_CURVE('',#5657,#5657,#5685,.T.);
#5685 = SURFACE_CURVE('',#5686,(#5691,#5698),.PCURVE_S1.);
#5686 = CIRCLE('',#5687,0.6999986);
#5687 = AXIS2_PLACEMENT_3D('',#5688,#5689,#5690);
#5688 = CARTESIAN_POINT('',(53.96600078,4.77700086,0.41148));
#5689 = DIRECTION('',(0.E+000,0.E+000,1.));
#5690 = DIRECTION('',(1.,0.E+000,-0.E+000));
#5691 = PCURVE('',#5665,#5692);
#5692 = DEFINITIONAL_REPRESENTATION('',(#5693),#5697);
#5693 = LINE('',#5694,#5695);
#5694 = CARTESIAN_POINT('',(-0.E+000,-0.41148));
#5695 = VECTOR('',#5696,1.);
#5696 = DIRECTION('',(-1.,0.E+000));
#5697 = ( GEOMETRIC_REPRESENTATION_CONTEXT(2) 
PARAMETRIC_REPRESENTATION_CONTEXT() REPRESENTATION_CONTEXT('2D SPACE',''
  ) );
#5698 = PCURVE('',#215,#5699);
#5699 = DEFINITIONAL_REPRESENTATION('',(#5700),#5708);
#5700 = ( BOUNDED_CURVE() B_SPLINE_CURVE(2,(#5701,#5702,#5703,#5704,
#5705,#5706,#5707),.UNSPECIFIED.,.F.,.F.) B_SPLINE_CURVE_WITH_KNOTS((1,2
    ,2,2,2,1),(-2.094395102393,0.E+000,2.094395102393,4.188790204786,
6.28318530718,8.377580409573),.UNSPECIFIED.) CURVE() 
GEOMETRIC_REPRESENTATION_ITEM() RATIONAL_B_SPLINE_CURVE((1.,0.5,1.,0.5,
1.,0.5,1.)) REPRESENTATION_ITEM('') );
#5701 = CARTESIAN_POINT('',(-54.6335966,1.81537864));
#5702 = CARTESIAN_POINT('',(-54.6335966,3.027811780427));
#5703 = CARTESIAN_POINT('',(-53.5835987,2.421595210214));
#5704 = CARTESIAN_POINT('',(-52.5336008,1.81537864));
#5705 = CARTESIAN_POINT('',(-53.5835987,1.209162069786));
#5706 = CARTESIAN_POINT('',(-54.6335966,0.602945499573));
#5707 = CARTESIAN_POINT('',(-54.6335966,1.81537864));
#5708 = ( GEOMETRIC_REPRESENTATION_CONTEXT(2) 
PARAMETRIC_REPRESENTATION_CONTEXT() REPRESENTATION_CONTEXT('2D SPACE',''
  ) );
#5709 = ORIENTED_EDGE('',*,*,#5654,.F.);
#5710 = ORIENTED_EDGE('',*,*,#5711,.F.);
#5711 = EDGE_CURVE('',#5655,#5655,#5712,.T.);
#5712 = SURFACE_CURVE('',#5713,(#5718,#5725),.PCURVE_S1.);
#5713 = CIRCLE('',#5714,0.6999986);
#5714 = AXIS2_PLACEMENT_3D('',#5715,#5716,#5717);
#5715 = CARTESIAN_POINT('',(53.96600078,4.77700086,0.E+000));
#5716 = DIRECTION('',(0.E+000,0.E+000,1.));
#5717 = DIRECTION('',(1.,0.E+000,-0.E+000));
#5718 = PCURVE('',#5665,#5719);
#5719 = DEFINITIONAL_REPRESENTATION('',(#5720),#5724);
#5720 = LINE('',#5721,#5722);
#5721 = CARTESIAN_POINT('',(-0.E+000,0.E+000));
#5722 = VECTOR('',#5723,1.);
#5723 = DIRECTION('',(-1.,0.E+000));
#5724 = ( GEOMETRIC_REPRESENTATION_CONTEXT(2) 
PARAMETRIC_REPRESENTATION_CONTEXT() REPRESENTATION_CONTEXT('2D SPACE',''
  ) );
#5725 = PCURVE('',#269,#5726);
#5726 = DEFINITIONAL_REPRESENTATION('',(#5727),#5735);
#5727 = ( BOUNDED_CURVE() B_SPLINE_CURVE(2,(#5728,#5729,#5730,#5731,
#5732,#5733,#5734),.UNSPECIFIED.,.F.,.F.) B_SPLINE_CURVE_WITH_KNOTS((1,2
    ,2,2,2,1),(-2.094395102393,0.E+000,2.094395102393,4.188790204786,
6.28318530718,8.377580409573),.UNSPECIFIED.) CURVE() 
GEOMETRIC_REPRESENTATION_ITEM() RATIONAL_B_SPLINE_CURVE((1.,0.5,1.,0.5,
1.,0.5,1.)) REPRESENTATION_ITEM('') );
#5728 = CARTESIAN_POINT('',(-54.6335966,1.81537864));
#5729 = CARTESIAN_POINT('',(-54.6335966,3.027811780427));
#5730 = CARTESIAN_POINT('',(-53.5835987,2.421595210214));
#5731 = CARTESIAN_POINT('',(-52.5336008,1.81537864));
#5732 = CARTESIAN_POINT('',(-53.5835987,1.209162069786));
#5733 = CARTESIAN_POINT('',(-54.6335966,0.602945499573));
#5734 = CARTESIAN_POINT('',(-54.6335966,1.81537864));
#5735 = ( GEOMETRIC_REPRESENTATION_CONTEXT(2) 
PARAMETRIC_REPRESENTATION_CONTEXT() REPRESENTATION_CONTEXT('2D SPACE',''
  ) );
#5736 = ADVANCED_FACE('',(#5737),#5751,.F.);
#5737 = FACE_BOUND('',#5738,.T.);
#5738 = EDGE_LOOP('',(#5739,#5769,#5795,#5796));
#5739 = ORIENTED_EDGE('',*,*,#5740,.T.);
#5740 = EDGE_CURVE('',#5741,#5743,#5745,.T.);
#5741 = VERTEX_POINT('',#5742);
#5742 = CARTESIAN_POINT('',(63.00000354,3.51083372,0.E+000));
#5743 = VERTEX_POINT('',#5744);
#5744 = CARTESIAN_POINT('',(63.00000354,3.51083372,0.41148));
#5745 = SEAM_CURVE('',#5746,(#5750,#5762),.PCURVE_S1.);
#5746 = LINE('',#5747,#5748);
#5747 = CARTESIAN_POINT('',(63.00000354,3.51083372,0.E+000));
#5748 = VECTOR('',#5749,1.);
#5749 = DIRECTION('',(0.E+000,0.E+000,1.));
#5750 = PCURVE('',#5751,#5756);
#5751 = CYLINDRICAL_SURFACE('',#5752,1.49999954);
#5752 = AXIS2_PLACEMENT_3D('',#5753,#5754,#5755);
#5753 = CARTESIAN_POINT('',(61.500004,3.51083372,0.E+000));
#5754 = DIRECTION('',(-0.E+000,-0.E+000,-1.));
#5755 = DIRECTION('',(1.,0.E+000,-0.E+000));
#5756 = DEFINITIONAL_REPRESENTATION('',(#5757),#5761);
#5757 = LINE('',#5758,#5759);
#5758 = CARTESIAN_POINT('',(-0.E+000,0.E+000));
#5759 = VECTOR('',#5760,1.);
#5760 = DIRECTION('',(-0.E+000,-1.));
#5761 = ( GEOMETRIC_REPRESENTATION_CONTEXT(2) 
PARAMETRIC_REPRESENTATION_CONTEXT() REPRESENTATION_CONTEXT('2D SPACE',''
  ) );
#5762 = PCURVE('',#5751,#5763);
#5763 = DEFINITIONAL_REPRESENTATION('',(#5764),#5768);
#5764 = LINE('',#5765,#5766);
#5765 = CARTESIAN_POINT('',(-6.28318530718,0.E+000));
#5766 = VECTOR('',#5767,1.);
#5767 = DIRECTION('',(-0.E+000,-1.));
#5768 = ( GEOMETRIC_REPRESENTATION_CONTEXT(2) 
PARAMETRIC_REPRESENTATION_CONTEXT() REPRESENTATION_CONTEXT('2D SPACE',''
  ) );
#5769 = ORIENTED_EDGE('',*,*,#5770,.T.);
#5770 = EDGE_CURVE('',#5743,#5743,#5771,.T.);
#5771 = SURFACE_CURVE('',#5772,(#5777,#5784),.PCURVE_S1.);
#5772 = CIRCLE('',#5773,1.49999954);
#5773 = AXIS2_PLACEMENT_3D('',#5774,#5775,#5776);
#5774 = CARTESIAN_POINT('',(61.500004,3.51083372,0.41148));
#5775 = DIRECTION('',(0.E+000,0.E+000,1.));
#5776 = DIRECTION('',(1.,0.E+000,-0.E+000));
#5777 = PCURVE('',#5751,#5778);
#5778 = DEFINITIONAL_REPRESENTATION('',(#5779),#5783);
#5779 = LINE('',#5780,#5781);
#5780 = CARTESIAN_POINT('',(-0.E+000,-0.41148));
#5781 = VECTOR('',#5782,1.);
#5782 = DIRECTION('',(-1.,0.E+000));
#5783 = ( GEOMETRIC_REPRESENTATION_CONTEXT(2) 
PARAMETRIC_REPRESENTATION_CONTEXT() REPRESENTATION_CONTEXT('2D SPACE',''
  ) );
#5784 = PCURVE('',#215,#5785);
#5785 = DEFINITIONAL_REPRESENTATION('',(#5786),#5794);
#5786 = ( BOUNDED_CURVE() B_SPLINE_CURVE(2,(#5787,#5788,#5789,#5790,
#5791,#5792,#5793),.UNSPECIFIED.,.F.,.F.) B_SPLINE_CURVE_WITH_KNOTS((1,2
    ,2,2,2,1),(-2.094395102393,0.E+000,2.094395102393,4.188790204786,
6.28318530718,8.377580409573),.UNSPECIFIED.) CURVE() 
GEOMETRIC_REPRESENTATION_ITEM() RATIONAL_B_SPLINE_CURVE((1.,0.5,1.,0.5,
1.,0.5,1.)) REPRESENTATION_ITEM('') );
#5787 = CARTESIAN_POINT('',(-62.96760076,0.5492115));
#5788 = CARTESIAN_POINT('',(-62.96760076,3.14728691461));
#5789 = CARTESIAN_POINT('',(-60.71760145,1.848249207305));
#5790 = CARTESIAN_POINT('',(-58.46760214,0.5492115));
#5791 = CARTESIAN_POINT('',(-60.71760145,-0.749826207305));
#5792 = CARTESIAN_POINT('',(-62.96760076,-2.04886391461));
#5793 = CARTESIAN_POINT('',(-62.96760076,0.5492115));
#5794 = ( GEOMETRIC_REPRESENTATION_CONTEXT(2) 
PARAMETRIC_REPRESENTATION_CONTEXT() REPRESENTATION_CONTEXT('2D SPACE',''
  ) );
#5795 = ORIENTED_EDGE('',*,*,#5740,.F.);
#5796 = ORIENTED_EDGE('',*,*,#5797,.F.);
#5797 = EDGE_CURVE('',#5741,#5741,#5798,.T.);
#5798 = SURFACE_CURVE('',#5799,(#5804,#5811),.PCURVE_S1.);
#5799 = CIRCLE('',#5800,1.49999954);
#5800 = AXIS2_PLACEMENT_3D('',#5801,#5802,#5803);
#5801 = CARTESIAN_POINT('',(61.500004,3.51083372,0.E+000));
#5802 = DIRECTION('',(0.E+000,0.E+000,1.));
#5803 = DIRECTION('',(1.,0.E+000,-0.E+000));
#5804 = PCURVE('',#5751,#5805);
#5805 = DEFINITIONAL_REPRESENTATION('',(#5806),#5810);
#5806 = LINE('',#5807,#5808);
#5807 = CARTESIAN_POINT('',(-0.E+000,0.E+000));
#5808 = VECTOR('',#5809,1.);
#5809 = DIRECTION('',(-1.,0.E+000));
#5810 = ( GEOMETRIC_REPRESENTATION_CONTEXT(2) 
PARAMETRIC_REPRESENTATION_CONTEXT() REPRESENTATION_CONTEXT('2D SPACE',''
  ) );
#5811 = PCURVE('',#269,#5812);
#5812 = DEFINITIONAL_REPRESENTATION('',(#5813),#5821);
#5813 = ( BOUNDED_CURVE() B_SPLINE_CURVE(2,(#5814,#5815,#5816,#5817,
#5818,#5819,#5820),.UNSPECIFIED.,.F.,.F.) B_SPLINE_CURVE_WITH_KNOTS((1,2
    ,2,2,2,1),(-2.094395102393,0.E+000,2.094395102393,4.188790204786,
6.28318530718,8.377580409573),.UNSPECIFIED.) CURVE() 
GEOMETRIC_REPRESENTATION_ITEM() RATIONAL_B_SPLINE_CURVE((1.,0.5,1.,0.5,
1.,0.5,1.)) REPRESENTATION_ITEM('') );
#5814 = CARTESIAN_POINT('',(-62.96760076,0.5492115));
#5815 = CARTESIAN_POINT('',(-62.96760076,3.14728691461));
#5816 = CARTESIAN_POINT('',(-60.71760145,1.848249207305));
#5817 = CARTESIAN_POINT('',(-58.46760214,0.5492115));
#5818 = CARTESIAN_POINT('',(-60.71760145,-0.749826207305));
#5819 = CARTESIAN_POINT('',(-62.96760076,-2.04886391461));
#5820 = CARTESIAN_POINT('',(-62.96760076,0.5492115));
#5821 = ( GEOMETRIC_REPRESENTATION_CONTEXT(2) 
PARAMETRIC_REPRESENTATION_CONTEXT() REPRESENTATION_CONTEXT('2D SPACE',''
  ) );
#5822 = ADVANCED_FACE('',(#5823),#5837,.F.);
#5823 = FACE_BOUND('',#5824,.T.);
#5824 = EDGE_LOOP('',(#5825,#5855,#5881,#5882));
#5825 = ORIENTED_EDGE('',*,*,#5826,.T.);
#5826 = EDGE_CURVE('',#5827,#5829,#5831,.T.);
#5827 = VERTEX_POINT('',#5828);
#5828 = CARTESIAN_POINT('',(57.20599938,4.77700086,0.E+000));
#5829 = VERTEX_POINT('',#5830);
#5830 = CARTESIAN_POINT('',(57.20599938,4.77700086,0.41148));
#5831 = SEAM_CURVE('',#5832,(#5836,#5848),.PCURVE_S1.);
#5832 = LINE('',#5833,#5834);
#5833 = CARTESIAN_POINT('',(57.20599938,4.77700086,0.E+000));
#5834 = VECTOR('',#5835,1.);
#5835 = DIRECTION('',(0.E+000,0.E+000,1.));
#5836 = PCURVE('',#5837,#5842);
#5837 = CYLINDRICAL_SURFACE('',#5838,0.6999986);
#5838 = AXIS2_PLACEMENT_3D('',#5839,#5840,#5841);
#5839 = CARTESIAN_POINT('',(56.50600078,4.77700086,0.E+000));
#5840 = DIRECTION('',(-0.E+000,-0.E+000,-1.));
#5841 = DIRECTION('',(1.,0.E+000,-0.E+000));
#5842 = DEFINITIONAL_REPRESENTATION('',(#5843),#5847);
#5843 = LINE('',#5844,#5845);
#5844 = CARTESIAN_POINT('',(-0.E+000,0.E+000));
#5845 = VECTOR('',#5846,1.);
#5846 = DIRECTION('',(-0.E+000,-1.));
#5847 = ( GEOMETRIC_REPRESENTATION_CONTEXT(2) 
PARAMETRIC_REPRESENTATION_CONTEXT() REPRESENTATION_CONTEXT('2D SPACE',''
  ) );
#5848 = PCURVE('',#5837,#5849);
#5849 = DEFINITIONAL_REPRESENTATION('',(#5850),#5854);
#5850 = LINE('',#5851,#5852);
#5851 = CARTESIAN_POINT('',(-6.28318530718,0.E+000));
#5852 = VECTOR('',#5853,1.);
#5853 = DIRECTION('',(-0.E+000,-1.));
#5854 = ( GEOMETRIC_REPRESENTATION_CONTEXT(2) 
PARAMETRIC_REPRESENTATION_CONTEXT() REPRESENTATION_CONTEXT('2D SPACE',''
  ) );
#5855 = ORIENTED_EDGE('',*,*,#5856,.T.);
#5856 = EDGE_CURVE('',#5829,#5829,#5857,.T.);
#5857 = SURFACE_CURVE('',#5858,(#5863,#5870),.PCURVE_S1.);
#5858 = CIRCLE('',#5859,0.6999986);
#5859 = AXIS2_PLACEMENT_3D('',#5860,#5861,#5862);
#5860 = CARTESIAN_POINT('',(56.50600078,4.77700086,0.41148));
#5861 = DIRECTION('',(0.E+000,0.E+000,1.));
#5862 = DIRECTION('',(1.,0.E+000,-0.E+000));
#5863 = PCURVE('',#5837,#5864);
#5864 = DEFINITIONAL_REPRESENTATION('',(#5865),#5869);
#5865 = LINE('',#5866,#5867);
#5866 = CARTESIAN_POINT('',(-0.E+000,-0.41148));
#5867 = VECTOR('',#5868,1.);
#5868 = DIRECTION('',(-1.,0.E+000));
#5869 = ( GEOMETRIC_REPRESENTATION_CONTEXT(2) 
PARAMETRIC_REPRESENTATION_CONTEXT() REPRESENTATION_CONTEXT('2D SPACE',''
  ) );
#5870 = PCURVE('',#215,#5871);
#5871 = DEFINITIONAL_REPRESENTATION('',(#5872),#5880);
#5872 = ( BOUNDED_CURVE() B_SPLINE_CURVE(2,(#5873,#5874,#5875,#5876,
#5877,#5878,#5879),.UNSPECIFIED.,.F.,.F.) B_SPLINE_CURVE_WITH_KNOTS((1,2
    ,2,2,2,1),(-2.094395102393,0.E+000,2.094395102393,4.188790204786,
6.28318530718,8.377580409573),.UNSPECIFIED.) CURVE() 
GEOMETRIC_REPRESENTATION_ITEM() RATIONAL_B_SPLINE_CURVE((1.,0.5,1.,0.5,
1.,0.5,1.)) REPRESENTATION_ITEM('') );
#5873 = CARTESIAN_POINT('',(-57.1735966,1.81537864));
#5874 = CARTESIAN_POINT('',(-57.1735966,3.027811780427));
#5875 = CARTESIAN_POINT('',(-56.1235987,2.421595210214));
#5876 = CARTESIAN_POINT('',(-55.0736008,1.81537864));
#5877 = CARTESIAN_POINT('',(-56.1235987,1.209162069786));
#5878 = CARTESIAN_POINT('',(-57.1735966,0.602945499573));
#5879 = CARTESIAN_POINT('',(-57.1735966,1.81537864));
#5880 = ( GEOMETRIC_REPRESENTATION_CONTEXT(2) 
PARAMETRIC_REPRESENTATION_CONTEXT() REPRESENTATION_CONTEXT('2D SPACE',''
  ) );
#5881 = ORIENTED_EDGE('',*,*,#5826,.F.);
#5882 = ORIENTED_EDGE('',*,*,#5883,.F.);
#5883 = EDGE_CURVE('',#5827,#5827,#5884,.T.);
#5884 = SURFACE_CURVE('',#5885,(#5890,#5897),.PCURVE_S1.);
#5885 = CIRCLE('',#5886,0.6999986);
#5886 = AXIS2_PLACEMENT_3D('',#5887,#5888,#5889);
#5887 = CARTESIAN_POINT('',(56.50600078,4.77700086,0.E+000));
#5888 = DIRECTION('',(0.E+000,0.E+000,1.));
#5889 = DIRECTION('',(1.,0.E+000,-0.E+000));
#5890 = PCURVE('',#5837,#5891);
#5891 = DEFINITIONAL_REPRESENTATION('',(#5892),#5896);
#5892 = LINE('',#5893,#5894);
#5893 = CARTESIAN_POINT('',(-0.E+000,0.E+000));
#5894 = VECTOR('',#5895,1.);
#5895 = DIRECTION('',(-1.,0.E+000));
#5896 = ( GEOMETRIC_REPRESENTATION_CONTEXT(2) 
PARAMETRIC_REPRESENTATION_CONTEXT() REPRESENTATION_CONTEXT('2D SPACE',''
  ) );
#5897 = PCURVE('',#269,#5898);
#5898 = DEFINITIONAL_REPRESENTATION('',(#5899),#5907);
#5899 = ( BOUNDED_CURVE() B_SPLINE_CURVE(2,(#5900,#5901,#5902,#5903,
#5904,#5905,#5906),.UNSPECIFIED.,.F.,.F.) B_SPLINE_CURVE_WITH_KNOTS((1,2
    ,2,2,2,1),(-2.094395102393,0.E+000,2.094395102393,4.188790204786,
6.28318530718,8.377580409573),.UNSPECIFIED.) CURVE() 
GEOMETRIC_REPRESENTATION_ITEM() RATIONAL_B_SPLINE_CURVE((1.,0.5,1.,0.5,
1.,0.5,1.)) REPRESENTATION_ITEM('') );
#5900 = CARTESIAN_POINT('',(-57.1735966,1.81537864));
#5901 = CARTESIAN_POINT('',(-57.1735966,3.027811780427));
#5902 = CARTESIAN_POINT('',(-56.1235987,2.421595210214));
#5903 = CARTESIAN_POINT('',(-55.0736008,1.81537864));
#5904 = CARTESIAN_POINT('',(-56.1235987,1.209162069786));
#5905 = CARTESIAN_POINT('',(-57.1735966,0.602945499573));
#5906 = CARTESIAN_POINT('',(-57.1735966,1.81537864));
#5907 = ( GEOMETRIC_REPRESENTATION_CONTEXT(2) 
PARAMETRIC_REPRESENTATION_CONTEXT() REPRESENTATION_CONTEXT('2D SPACE',''
  ) );
#5908 = ADVANCED_FACE('',(#5909),#5923,.T.);
#5909 = FACE_BOUND('',#5910,.T.);
#5910 = EDGE_LOOP('',(#5911,#5946,#5969,#5997));
#5911 = ORIENTED_EDGE('',*,*,#5912,.T.);
#5912 = EDGE_CURVE('',#5913,#5915,#5917,.T.);
#5913 = VERTEX_POINT('',#5914);
#5914 = CARTESIAN_POINT('',(62.67120308,13.93160028,0.E+000));
#5915 = VERTEX_POINT('',#5916);
#5916 = CARTESIAN_POINT('',(62.67120308,13.93160028,0.41148));
#5917 = SURFACE_CURVE('',#5918,(#5922,#5934),.PCURVE_S1.);
#5918 = LINE('',#5919,#5920);
#5919 = CARTESIAN_POINT('',(62.67120308,13.93160028,0.E+000));
#5920 = VECTOR('',#5921,1.);
#5921 = DIRECTION('',(0.E+000,0.E+000,1.));
#5922 = PCURVE('',#5923,#5928);
#5923 = PLANE('',#5924);
#5924 = AXIS2_PLACEMENT_3D('',#5925,#5926,#5927);
#5925 = CARTESIAN_POINT('',(62.67120308,13.93160028,0.E+000));
#5926 = DIRECTION('',(0.E+000,1.,0.E+000));
#5927 = DIRECTION('',(1.,0.E+000,0.E+000));
#5928 = DEFINITIONAL_REPRESENTATION('',(#5929),#5933);
#5929 = LINE('',#5930,#5931);
#5930 = CARTESIAN_POINT('',(0.E+000,0.E+000));
#5931 = VECTOR('',#5932,1.);
#5932 = DIRECTION('',(0.E+000,-1.));
#5933 = ( GEOMETRIC_REPRESENTATION_CONTEXT(2) 
PARAMETRIC_REPRESENTATION_CONTEXT() REPRESENTATION_CONTEXT('2D SPACE',''
  ) );
#5934 = PCURVE('',#5935,#5940);
#5935 = CYLINDRICAL_SURFACE('',#5936,0.32500062);
#5936 = AXIS2_PLACEMENT_3D('',#5937,#5938,#5939);
#5937 = CARTESIAN_POINT('',(62.67120308,14.2566009,0.E+000));
#5938 = DIRECTION('',(-0.E+000,-0.E+000,-1.));
#5939 = DIRECTION('',(4.372562340097E-014,1.,-0.E+000));
#5940 = DEFINITIONAL_REPRESENTATION('',(#5941),#5945);
#5941 = LINE('',#5942,#5943);
#5942 = CARTESIAN_POINT('',(-3.14159265359,0.E+000));
#5943 = VECTOR('',#5944,1.);
#5944 = DIRECTION('',(-0.E+000,-1.));
#5945 = ( GEOMETRIC_REPRESENTATION_CONTEXT(2) 
PARAMETRIC_REPRESENTATION_CONTEXT() REPRESENTATION_CONTEXT('2D SPACE',''
  ) );
#5946 = ORIENTED_EDGE('',*,*,#5947,.T.);
#5947 = EDGE_CURVE('',#5915,#5948,#5950,.T.);
#5948 = VERTEX_POINT('',#5949);
#5949 = CARTESIAN_POINT('',(63.12119964,13.93160028,0.41148));
#5950 = SURFACE_CURVE('',#5951,(#5955,#5962),.PCURVE_S1.);
#5951 = LINE('',#5952,#5953);
#5952 = CARTESIAN_POINT('',(62.67120308,13.93160028,0.41148));
#5953 = VECTOR('',#5954,1.);
#5954 = DIRECTION('',(1.,0.E+000,0.E+000));
#5955 = PCURVE('',#5923,#5956);
#5956 = DEFINITIONAL_REPRESENTATION('',(#5957),#5961);
#5957 = LINE('',#5958,#5959);
#5958 = CARTESIAN_POINT('',(0.E+000,-0.41148));
#5959 = VECTOR('',#5960,1.);
#5960 = DIRECTION('',(1.,0.E+000));
#5961 = ( GEOMETRIC_REPRESENTATION_CONTEXT(2) 
PARAMETRIC_REPRESENTATION_CONTEXT() REPRESENTATION_CONTEXT('2D SPACE',''
  ) );
#5962 = PCURVE('',#215,#5963);
#5963 = DEFINITIONAL_REPRESENTATION('',(#5964),#5968);
#5964 = LINE('',#5965,#5966);
#5965 = CARTESIAN_POINT('',(-62.6388003,10.96997806));
#5966 = VECTOR('',#5967,1.);
#5967 = DIRECTION('',(-1.,0.E+000));
#5968 = ( GEOMETRIC_REPRESENTATION_CONTEXT(2) 
PARAMETRIC_REPRESENTATION_CONTEXT() REPRESENTATION_CONTEXT('2D SPACE',''
  ) );
#5969 = ORIENTED_EDGE('',*,*,#5970,.F.);
#5970 = EDGE_CURVE('',#5971,#5948,#5973,.T.);
#5971 = VERTEX_POINT('',#5972);
#5972 = CARTESIAN_POINT('',(63.12119964,13.93160028,0.E+000));
#5973 = SURFACE_CURVE('',#5974,(#5978,#5985),.PCURVE_S1.);
#5974 = LINE('',#5975,#5976);
#5975 = CARTESIAN_POINT('',(63.12119964,13.93160028,0.E+000));
#5976 = VECTOR('',#5977,1.);
#5977 = DIRECTION('',(0.E+000,0.E+000,1.));
#5978 = PCURVE('',#5923,#5979);
#5979 = DEFINITIONAL_REPRESENTATION('',(#5980),#5984);
#5980 = LINE('',#5981,#5982);
#5981 = CARTESIAN_POINT('',(0.44999656,0.E+000));
#5982 = VECTOR('',#5983,1.);
#5983 = DIRECTION('',(0.E+000,-1.));
#5984 = ( GEOMETRIC_REPRESENTATION_CONTEXT(2) 
PARAMETRIC_REPRESENTATION_CONTEXT() REPRESENTATION_CONTEXT('2D SPACE',''
  ) );
#5985 = PCURVE('',#5986,#5991);
#5986 = CYLINDRICAL_SURFACE('',#5987,0.32500062);
#5987 = AXIS2_PLACEMENT_3D('',#5988,#5989,#5990);
#5988 = CARTESIAN_POINT('',(63.12119964,14.2566009,0.E+000));
#5989 = DIRECTION('',(-0.E+000,-0.E+000,-1.));
#5990 = DIRECTION('',(-4.372562340097E-014,-1.,0.E+000));
#5991 = DEFINITIONAL_REPRESENTATION('',(#5992),#5996);
#5992 = LINE('',#5993,#5994);
#5993 = CARTESIAN_POINT('',(-0.E+000,0.E+000));
#5994 = VECTOR('',#5995,1.);
#5995 = DIRECTION('',(-0.E+000,-1.));
#5996 = ( GEOMETRIC_REPRESENTATION_CONTEXT(2) 
PARAMETRIC_REPRESENTATION_CONTEXT() REPRESENTATION_CONTEXT('2D SPACE',''
  ) );
#5997 = ORIENTED_EDGE('',*,*,#5998,.F.);
#5998 = EDGE_CURVE('',#5913,#5971,#5999,.T.);
#5999 = SURFACE_CURVE('',#6000,(#6004,#6011),.PCURVE_S1.);
#6000 = LINE('',#6001,#6002);
#6001 = CARTESIAN_POINT('',(62.67120308,13.93160028,0.E+000));
#6002 = VECTOR('',#6003,1.);
#6003 = DIRECTION('',(1.,0.E+000,0.E+000));
#6004 = PCURVE('',#5923,#6005);
#6005 = DEFINITIONAL_REPRESENTATION('',(#6006),#6010);
#6006 = LINE('',#6007,#6008);
#6007 = CARTESIAN_POINT('',(0.E+000,0.E+000));
#6008 = VECTOR('',#6009,1.);
#6009 = DIRECTION('',(1.,0.E+000));
#6010 = ( GEOMETRIC_REPRESENTATION_CONTEXT(2) 
PARAMETRIC_REPRESENTATION_CONTEXT() REPRESENTATION_CONTEXT('2D SPACE',''
  ) );
#6011 = PCURVE('',#269,#6012);
#6012 = DEFINITIONAL_REPRESENTATION('',(#6013),#6017);
#6013 = LINE('',#6014,#6015);
#6014 = CARTESIAN_POINT('',(-62.6388003,10.96997806));
#6015 = VECTOR('',#6016,1.);
#6016 = DIRECTION('',(-1.,0.E+000));
#6017 = ( GEOMETRIC_REPRESENTATION_CONTEXT(2) 
PARAMETRIC_REPRESENTATION_CONTEXT() REPRESENTATION_CONTEXT('2D SPACE',''
  ) );
#6018 = ADVANCED_FACE('',(#6019),#5986,.F.);
#6019 = FACE_BOUND('',#6020,.T.);
#6020 = EDGE_LOOP('',(#6021,#6022,#6050,#6078));
#6021 = ORIENTED_EDGE('',*,*,#5970,.T.);
#6022 = ORIENTED_EDGE('',*,*,#6023,.T.);
#6023 = EDGE_CURVE('',#5948,#6024,#6026,.T.);
#6024 = VERTEX_POINT('',#6025);
#6025 = CARTESIAN_POINT('',(63.12119964,14.58160152,0.41148));
#6026 = SURFACE_CURVE('',#6027,(#6032,#6039),.PCURVE_S1.);
#6027 = CIRCLE('',#6028,0.32500062);
#6028 = AXIS2_PLACEMENT_3D('',#6029,#6030,#6031);
#6029 = CARTESIAN_POINT('',(63.12119964,14.2566009,0.41148));
#6030 = DIRECTION('',(0.E+000,0.E+000,1.));
#6031 = DIRECTION('',(-4.372562340097E-014,-1.,0.E+000));
#6032 = PCURVE('',#5986,#6033);
#6033 = DEFINITIONAL_REPRESENTATION('',(#6034),#6038);
#6034 = LINE('',#6035,#6036);
#6035 = CARTESIAN_POINT('',(-0.E+000,-0.41148));
#6036 = VECTOR('',#6037,1.);
#6037 = DIRECTION('',(-1.,0.E+000));
#6038 = ( GEOMETRIC_REPRESENTATION_CONTEXT(2) 
PARAMETRIC_REPRESENTATION_CONTEXT() REPRESENTATION_CONTEXT('2D SPACE',''
  ) );
#6039 = PCURVE('',#215,#6040);
#6040 = DEFINITIONAL_REPRESENTATION('',(#6041),#6049);
#6041 = ( BOUNDED_CURVE() B_SPLINE_CURVE(2,(#6042,#6043,#6044,#6045,
#6046,#6047,#6048),.UNSPECIFIED.,.T.,.F.) B_SPLINE_CURVE_WITH_KNOTS((1,2
    ,2,2,2,1),(-2.094395102393,0.E+000,2.094395102393,4.188790204786,
6.28318530718,8.377580409573),.UNSPECIFIED.) CURVE() 
GEOMETRIC_REPRESENTATION_ITEM() RATIONAL_B_SPLINE_CURVE((1.,0.5,1.,0.5,
1.,0.5,1.)) REPRESENTATION_ITEM('') );
#6042 = CARTESIAN_POINT('',(-63.08879686,10.96997806));
#6043 = CARTESIAN_POINT('',(-63.65171444633,10.96997806));
#6044 = CARTESIAN_POINT('',(-63.37025565316,11.45747899));
#6045 = CARTESIAN_POINT('',(-63.08879686,11.94497992));
#6046 = CARTESIAN_POINT('',(-62.80733806683,11.45747899));
#6047 = CARTESIAN_POINT('',(-62.52587927366,10.96997806));
#6048 = CARTESIAN_POINT('',(-63.08879686,10.96997806));
#6049 = ( GEOMETRIC_REPRESENTATION_CONTEXT(2) 
PARAMETRIC_REPRESENTATION_CONTEXT() REPRESENTATION_CONTEXT('2D SPACE',''
  ) );
#6050 = ORIENTED_EDGE('',*,*,#6051,.F.);
#6051 = EDGE_CURVE('',#6052,#6024,#6054,.T.);
#6052 = VERTEX_POINT('',#6053);
#6053 = CARTESIAN_POINT('',(63.12119964,14.58160152,0.E+000));
#6054 = SURFACE_CURVE('',#6055,(#6059,#6066),.PCURVE_S1.);
#6055 = LINE('',#6056,#6057);
#6056 = CARTESIAN_POINT('',(63.12119964,14.58160152,0.E+000));
#6057 = VECTOR('',#6058,1.);
#6058 = DIRECTION('',(0.E+000,0.E+000,1.));
#6059 = PCURVE('',#5986,#6060);
#6060 = DEFINITIONAL_REPRESENTATION('',(#6061),#6065);
#6061 = LINE('',#6062,#6063);
#6062 = CARTESIAN_POINT('',(-3.14159265359,0.E+000));
#6063 = VECTOR('',#6064,1.);
#6064 = DIRECTION('',(-0.E+000,-1.));
#6065 = ( GEOMETRIC_REPRESENTATION_CONTEXT(2) 
PARAMETRIC_REPRESENTATION_CONTEXT() REPRESENTATION_CONTEXT('2D SPACE',''
  ) );
#6066 = PCURVE('',#6067,#6072);
#6067 = PLANE('',#6068);
#6068 = AXIS2_PLACEMENT_3D('',#6069,#6070,#6071);
#6069 = CARTESIAN_POINT('',(63.12119964,14.58160152,0.E+000));
#6070 = DIRECTION('',(0.E+000,-1.,0.E+000));
#6071 = DIRECTION('',(-1.,0.E+000,0.E+000));
#6072 = DEFINITIONAL_REPRESENTATION('',(#6073),#6077);
#6073 = LINE('',#6074,#6075);
#6074 = CARTESIAN_POINT('',(0.E+000,-0.E+000));
#6075 = VECTOR('',#6076,1.);
#6076 = DIRECTION('',(0.E+000,-1.));
#6077 = ( GEOMETRIC_REPRESENTATION_CONTEXT(2) 
PARAMETRIC_REPRESENTATION_CONTEXT() REPRESENTATION_CONTEXT('2D SPACE',''
  ) );
#6078 = ORIENTED_EDGE('',*,*,#6079,.F.);
#6079 = EDGE_CURVE('',#5971,#6052,#6080,.T.);
#6080 = SURFACE_CURVE('',#6081,(#6086,#6093),.PCURVE_S1.);
#6081 = CIRCLE('',#6082,0.32500062);
#6082 = AXIS2_PLACEMENT_3D('',#6083,#6084,#6085);
#6083 = CARTESIAN_POINT('',(63.12119964,14.2566009,0.E+000));
#6084 = DIRECTION('',(0.E+000,0.E+000,1.));
#6085 = DIRECTION('',(-4.372562340097E-014,-1.,0.E+000));
#6086 = PCURVE('',#5986,#6087);
#6087 = DEFINITIONAL_REPRESENTATION('',(#6088),#6092);
#6088 = LINE('',#6089,#6090);
#6089 = CARTESIAN_POINT('',(-0.E+000,0.E+000));
#6090 = VECTOR('',#6091,1.);
#6091 = DIRECTION('',(-1.,0.E+000));
#6092 = ( GEOMETRIC_REPRESENTATION_CONTEXT(2) 
PARAMETRIC_REPRESENTATION_CONTEXT() REPRESENTATION_CONTEXT('2D SPACE',''
  ) );
#6093 = PCURVE('',#269,#6094);
#6094 = DEFINITIONAL_REPRESENTATION('',(#6095),#6103);
#6095 = ( BOUNDED_CURVE() B_SPLINE_CURVE(2,(#6096,#6097,#6098,#6099,
#6100,#6101,#6102),.UNSPECIFIED.,.T.,.F.) B_SPLINE_CURVE_WITH_KNOTS((1,2
    ,2,2,2,1),(-2.094395102393,0.E+000,2.094395102393,4.188790204786,
6.28318530718,8.377580409573),.UNSPECIFIED.) CURVE() 
GEOMETRIC_REPRESENTATION_ITEM() RATIONAL_B_SPLINE_CURVE((1.,0.5,1.,0.5,
1.,0.5,1.)) REPRESENTATION_ITEM('') );
#6096 = CARTESIAN_POINT('',(-63.08879686,10.96997806));
#6097 = CARTESIAN_POINT('',(-63.65171444633,10.96997806));
#6098 = CARTESIAN_POINT('',(-63.37025565316,11.45747899));
#6099 = CARTESIAN_POINT('',(-63.08879686,11.94497992));
#6100 = CARTESIAN_POINT('',(-62.80733806683,11.45747899));
#6101 = CARTESIAN_POINT('',(-62.52587927366,10.96997806));
#6102 = CARTESIAN_POINT('',(-63.08879686,10.96997806));
#6103 = ( GEOMETRIC_REPRESENTATION_CONTEXT(2) 
PARAMETRIC_REPRESENTATION_CONTEXT() REPRESENTATION_CONTEXT('2D SPACE',''
  ) );
#6104 = ADVANCED_FACE('',(#6105),#6067,.T.);
#6105 = FACE_BOUND('',#6106,.T.);
#6106 = EDGE_LOOP('',(#6107,#6108,#6131,#6154));
#6107 = ORIENTED_EDGE('',*,*,#6051,.T.);
#6108 = ORIENTED_EDGE('',*,*,#6109,.T.);
#6109 = EDGE_CURVE('',#6024,#6110,#6112,.T.);
#6110 = VERTEX_POINT('',#6111);
#6111 = CARTESIAN_POINT('',(62.67120308,14.58160152,0.41148));
#6112 = SURFACE_CURVE('',#6113,(#6117,#6124),.PCURVE_S1.);
#6113 = LINE('',#6114,#6115);
#6114 = CARTESIAN_POINT('',(63.12119964,14.58160152,0.41148));
#6115 = VECTOR('',#6116,1.);
#6116 = DIRECTION('',(-1.,0.E+000,0.E+000));
#6117 = PCURVE('',#6067,#6118);
#6118 = DEFINITIONAL_REPRESENTATION('',(#6119),#6123);
#6119 = LINE('',#6120,#6121);
#6120 = CARTESIAN_POINT('',(0.E+000,-0.41148));
#6121 = VECTOR('',#6122,1.);
#6122 = DIRECTION('',(1.,0.E+000));
#6123 = ( GEOMETRIC_REPRESENTATION_CONTEXT(2) 
PARAMETRIC_REPRESENTATION_CONTEXT() REPRESENTATION_CONTEXT('2D SPACE',''
  ) );
#6124 = PCURVE('',#215,#6125);
#6125 = DEFINITIONAL_REPRESENTATION('',(#6126),#6130);
#6126 = LINE('',#6127,#6128);
#6127 = CARTESIAN_POINT('',(-63.08879686,11.6199793));
#6128 = VECTOR('',#6129,1.);
#6129 = DIRECTION('',(1.,0.E+000));
#6130 = ( GEOMETRIC_REPRESENTATION_CONTEXT(2) 
PARAMETRIC_REPRESENTATION_CONTEXT() REPRESENTATION_CONTEXT('2D SPACE',''
  ) );
#6131 = ORIENTED_EDGE('',*,*,#6132,.F.);
#6132 = EDGE_CURVE('',#6133,#6110,#6135,.T.);
#6133 = VERTEX_POINT('',#6134);
#6134 = CARTESIAN_POINT('',(62.67120308,14.58160152,0.E+000));
#6135 = SURFACE_CURVE('',#6136,(#6140,#6147),.PCURVE_S1.);
#6136 = LINE('',#6137,#6138);
#6137 = CARTESIAN_POINT('',(62.67120308,14.58160152,0.E+000));
#6138 = VECTOR('',#6139,1.);
#6139 = DIRECTION('',(0.E+000,0.E+000,1.));
#6140 = PCURVE('',#6067,#6141);
#6141 = DEFINITIONAL_REPRESENTATION('',(#6142),#6146);
#6142 = LINE('',#6143,#6144);
#6143 = CARTESIAN_POINT('',(0.44999656,0.E+000));
#6144 = VECTOR('',#6145,1.);
#6145 = DIRECTION('',(0.E+000,-1.));
#6146 = ( GEOMETRIC_REPRESENTATION_CONTEXT(2) 
PARAMETRIC_REPRESENTATION_CONTEXT() REPRESENTATION_CONTEXT('2D SPACE',''
  ) );
#6147 = PCURVE('',#5935,#6148);
#6148 = DEFINITIONAL_REPRESENTATION('',(#6149),#6153);
#6149 = LINE('',#6150,#6151);
#6150 = CARTESIAN_POINT('',(-0.E+000,0.E+000));
#6151 = VECTOR('',#6152,1.);
#6152 = DIRECTION('',(-0.E+000,-1.));
#6153 = ( GEOMETRIC_REPRESENTATION_CONTEXT(2) 
PARAMETRIC_REPRESENTATION_CONTEXT() REPRESENTATION_CONTEXT('2D SPACE',''
  ) );
#6154 = ORIENTED_EDGE('',*,*,#6155,.F.);
#6155 = EDGE_CURVE('',#6052,#6133,#6156,.T.);
#6156 = SURFACE_CURVE('',#6157,(#6161,#6168),.PCURVE_S1.);
#6157 = LINE('',#6158,#6159);
#6158 = CARTESIAN_POINT('',(63.12119964,14.58160152,0.E+000));
#6159 = VECTOR('',#6160,1.);
#6160 = DIRECTION('',(-1.,0.E+000,0.E+000));
#6161 = PCURVE('',#6067,#6162);
#6162 = DEFINITIONAL_REPRESENTATION('',(#6163),#6167);
#6163 = LINE('',#6164,#6165);
#6164 = CARTESIAN_POINT('',(0.E+000,-0.E+000));
#6165 = VECTOR('',#6166,1.);
#6166 = DIRECTION('',(1.,0.E+000));
#6167 = ( GEOMETRIC_REPRESENTATION_CONTEXT(2) 
PARAMETRIC_REPRESENTATION_CONTEXT() REPRESENTATION_CONTEXT('2D SPACE',''
  ) );
#6168 = PCURVE('',#269,#6169);
#6169 = DEFINITIONAL_REPRESENTATION('',(#6170),#6174);
#6170 = LINE('',#6171,#6172);
#6171 = CARTESIAN_POINT('',(-63.08879686,11.6199793));
#6172 = VECTOR('',#6173,1.);
#6173 = DIRECTION('',(1.,0.E+000));
#6174 = ( GEOMETRIC_REPRESENTATION_CONTEXT(2) 
PARAMETRIC_REPRESENTATION_CONTEXT() REPRESENTATION_CONTEXT('2D SPACE',''
  ) );
#6175 = ADVANCED_FACE('',(#6176),#5935,.F.);
#6176 = FACE_BOUND('',#6177,.T.);
#6177 = EDGE_LOOP('',(#6178,#6179,#6205,#6206));
#6178 = ORIENTED_EDGE('',*,*,#6132,.T.);
#6179 = ORIENTED_EDGE('',*,*,#6180,.T.);
#6180 = EDGE_CURVE('',#6110,#5915,#6181,.T.);
#6181 = SURFACE_CURVE('',#6182,(#6187,#6194),.PCURVE_S1.);
#6182 = CIRCLE('',#6183,0.32500062);
#6183 = AXIS2_PLACEMENT_3D('',#6184,#6185,#6186);
#6184 = CARTESIAN_POINT('',(62.67120308,14.2566009,0.41148));
#6185 = DIRECTION('',(0.E+000,0.E+000,1.));
#6186 = DIRECTION('',(4.372562340097E-014,1.,-0.E+000));
#6187 = PCURVE('',#5935,#6188);
#6188 = DEFINITIONAL_REPRESENTATION('',(#6189),#6193);
#6189 = LINE('',#6190,#6191);
#6190 = CARTESIAN_POINT('',(-0.E+000,-0.41148));
#6191 = VECTOR('',#6192,1.);
#6192 = DIRECTION('',(-1.,0.E+000));
#6193 = ( GEOMETRIC_REPRESENTATION_CONTEXT(2) 
PARAMETRIC_REPRESENTATION_CONTEXT() REPRESENTATION_CONTEXT('2D SPACE',''
  ) );
#6194 = PCURVE('',#215,#6195);
#6195 = DEFINITIONAL_REPRESENTATION('',(#6196),#6204);
#6196 = ( BOUNDED_CURVE() B_SPLINE_CURVE(2,(#6197,#6198,#6199,#6200,
#6201,#6202,#6203),.UNSPECIFIED.,.T.,.F.) B_SPLINE_CURVE_WITH_KNOTS((1,2
    ,2,2,2,1),(-2.094395102393,0.E+000,2.094395102393,4.188790204786,
6.28318530718,8.377580409573),.UNSPECIFIED.) CURVE() 
GEOMETRIC_REPRESENTATION_ITEM() RATIONAL_B_SPLINE_CURVE((1.,0.5,1.,0.5,
1.,0.5,1.)) REPRESENTATION_ITEM('') );
#6197 = CARTESIAN_POINT('',(-62.6388003,11.6199793));
#6198 = CARTESIAN_POINT('',(-62.07588271366,11.6199793));
#6199 = CARTESIAN_POINT('',(-62.35734150683,11.13247837));
#6200 = CARTESIAN_POINT('',(-62.6388003,10.64497744));
#6201 = CARTESIAN_POINT('',(-62.92025909316,11.13247837));
#6202 = CARTESIAN_POINT('',(-63.20171788633,11.6199793));
#6203 = CARTESIAN_POINT('',(-62.6388003,11.6199793));
#6204 = ( GEOMETRIC_REPRESENTATION_CONTEXT(2) 
PARAMETRIC_REPRESENTATION_CONTEXT() REPRESENTATION_CONTEXT('2D SPACE',''
  ) );
#6205 = ORIENTED_EDGE('',*,*,#5912,.F.);
#6206 = ORIENTED_EDGE('',*,*,#6207,.F.);
#6207 = EDGE_CURVE('',#6133,#5913,#6208,.T.);
#6208 = SURFACE_CURVE('',#6209,(#6214,#6221),.PCURVE_S1.);
#6209 = CIRCLE('',#6210,0.32500062);
#6210 = AXIS2_PLACEMENT_3D('',#6211,#6212,#6213);
#6211 = CARTESIAN_POINT('',(62.67120308,14.2566009,0.E+000));
#6212 = DIRECTION('',(0.E+000,0.E+000,1.));
#6213 = DIRECTION('',(4.372562340097E-014,1.,-0.E+000));
#6214 = PCURVE('',#5935,#6215);
#6215 = DEFINITIONAL_REPRESENTATION('',(#6216),#6220);
#6216 = LINE('',#6217,#6218);
#6217 = CARTESIAN_POINT('',(-0.E+000,0.E+000));
#6218 = VECTOR('',#6219,1.);
#6219 = DIRECTION('',(-1.,0.E+000));
#6220 = ( GEOMETRIC_REPRESENTATION_CONTEXT(2) 
PARAMETRIC_REPRESENTATION_CONTEXT() REPRESENTATION_CONTEXT('2D SPACE',''
  ) );
#6221 = PCURVE('',#269,#6222);
#6222 = DEFINITIONAL_REPRESENTATION('',(#6223),#6231);
#6223 = ( BOUNDED_CURVE() B_SPLINE_CURVE(2,(#6224,#6225,#6226,#6227,
#6228,#6229,#6230),.UNSPECIFIED.,.T.,.F.) B_SPLINE_CURVE_WITH_KNOTS((1,2
    ,2,2,2,1),(-2.094395102393,0.E+000,2.094395102393,4.188790204786,
6.28318530718,8.377580409573),.UNSPECIFIED.) CURVE() 
GEOMETRIC_REPRESENTATION_ITEM() RATIONAL_B_SPLINE_CURVE((1.,0.5,1.,0.5,
1.,0.5,1.)) REPRESENTATION_ITEM('') );
#6224 = CARTESIAN_POINT('',(-62.6388003,11.6199793));
#6225 = CARTESIAN_POINT('',(-62.07588271366,11.6199793));
#6226 = CARTESIAN_POINT('',(-62.35734150683,11.13247837));
#6227 = CARTESIAN_POINT('',(-62.6388003,10.64497744));
#6228 = CARTESIAN_POINT('',(-62.92025909316,11.13247837));
#6229 = CARTESIAN_POINT('',(-63.20171788633,11.6199793));
#6230 = CARTESIAN_POINT('',(-62.6388003,11.6199793));
#6231 = ( GEOMETRIC_REPRESENTATION_CONTEXT(2) 
PARAMETRIC_REPRESENTATION_CONTEXT() REPRESENTATION_CONTEXT('2D SPACE',''
  ) );
#6232 = ADVANCED_FACE('',(#6233),#6247,.F.);
#6233 = FACE_BOUND('',#6234,.T.);
#6234 = EDGE_LOOP('',(#6235,#6265,#6291,#6292));
#6235 = ORIENTED_EDGE('',*,*,#6236,.T.);
#6236 = EDGE_CURVE('',#6237,#6239,#6241,.T.);
#6237 = VERTEX_POINT('',#6238);
#6238 = CARTESIAN_POINT('',(60.59620088,20.30659896,0.E+000));
#6239 = VERTEX_POINT('',#6240);
#6240 = CARTESIAN_POINT('',(60.59620088,20.30659896,0.41148));
#6241 = SEAM_CURVE('',#6242,(#6246,#6258),.PCURVE_S1.);
#6242 = LINE('',#6243,#6244);
#6243 = CARTESIAN_POINT('',(60.59620088,20.30659896,0.E+000));
#6244 = VECTOR('',#6245,1.);
#6245 = DIRECTION('',(0.E+000,0.E+000,1.));
#6246 = PCURVE('',#6247,#6252);
#6247 = CYLINDRICAL_SURFACE('',#6248,0.3499993);
#6248 = AXIS2_PLACEMENT_3D('',#6249,#6250,#6251);
#6249 = CARTESIAN_POINT('',(60.24620158,20.30659896,0.E+000));
#6250 = DIRECTION('',(-0.E+000,-0.E+000,-1.));
#6251 = DIRECTION('',(1.,0.E+000,-0.E+000));
#6252 = DEFINITIONAL_REPRESENTATION('',(#6253),#6257);
#6253 = LINE('',#6254,#6255);
#6254 = CARTESIAN_POINT('',(-0.E+000,0.E+000));
#6255 = VECTOR('',#6256,1.);
#6256 = DIRECTION('',(-0.E+000,-1.));
#6257 = ( GEOMETRIC_REPRESENTATION_CONTEXT(2) 
PARAMETRIC_REPRESENTATION_CONTEXT() REPRESENTATION_CONTEXT('2D SPACE',''
  ) );
#6258 = PCURVE('',#6247,#6259);
#6259 = DEFINITIONAL_REPRESENTATION('',(#6260),#6264);
#6260 = LINE('',#6261,#6262);
#6261 = CARTESIAN_POINT('',(-6.28318530718,0.E+000));
#6262 = VECTOR('',#6263,1.);
#6263 = DIRECTION('',(-0.E+000,-1.));
#6264 = ( GEOMETRIC_REPRESENTATION_CONTEXT(2) 
PARAMETRIC_REPRESENTATION_CONTEXT() REPRESENTATION_CONTEXT('2D SPACE',''
  ) );
#6265 = ORIENTED_EDGE('',*,*,#6266,.T.);
#6266 = EDGE_CURVE('',#6239,#6239,#6267,.T.);
#6267 = SURFACE_CURVE('',#6268,(#6273,#6280),.PCURVE_S1.);
#6268 = CIRCLE('',#6269,0.3499993);
#6269 = AXIS2_PLACEMENT_3D('',#6270,#6271,#6272);
#6270 = CARTESIAN_POINT('',(60.24620158,20.30659896,0.41148));
#6271 = DIRECTION('',(0.E+000,0.E+000,1.));
#6272 = DIRECTION('',(1.,0.E+000,-0.E+000));
#6273 = PCURVE('',#6247,#6274);
#6274 = DEFINITIONAL_REPRESENTATION('',(#6275),#6279);
#6275 = LINE('',#6276,#6277);
#6276 = CARTESIAN_POINT('',(-0.E+000,-0.41148));
#6277 = VECTOR('',#6278,1.);
#6278 = DIRECTION('',(-1.,0.E+000));
#6279 = ( GEOMETRIC_REPRESENTATION_CONTEXT(2) 
PARAMETRIC_REPRESENTATION_CONTEXT() REPRESENTATION_CONTEXT('2D SPACE',''
  ) );
#6280 = PCURVE('',#215,#6281);
#6281 = DEFINITIONAL_REPRESENTATION('',(#6282),#6290);
#6282 = ( BOUNDED_CURVE() B_SPLINE_CURVE(2,(#6283,#6284,#6285,#6286,
#6287,#6288,#6289),.UNSPECIFIED.,.F.,.F.) B_SPLINE_CURVE_WITH_KNOTS((1,2
    ,2,2,2,1),(-2.094395102393,0.E+000,2.094395102393,4.188790204786,
6.28318530718,8.377580409573),.UNSPECIFIED.) CURVE() 
GEOMETRIC_REPRESENTATION_ITEM() RATIONAL_B_SPLINE_CURVE((1.,0.5,1.,0.5,
1.,0.5,1.)) REPRESENTATION_ITEM('') );
#6283 = CARTESIAN_POINT('',(-60.5637981,17.34497674));
#6284 = CARTESIAN_POINT('',(-60.5637981,17.951193310214));
#6285 = CARTESIAN_POINT('',(-60.03879915,17.648085025107));
#6286 = CARTESIAN_POINT('',(-59.5138002,17.34497674));
#6287 = CARTESIAN_POINT('',(-60.03879915,17.041868454893));
#6288 = CARTESIAN_POINT('',(-60.5637981,16.738760169786));
#6289 = CARTESIAN_POINT('',(-60.5637981,17.34497674));
#6290 = ( GEOMETRIC_REPRESENTATION_CONTEXT(2) 
PARAMETRIC_REPRESENTATION_CONTEXT() REPRESENTATION_CONTEXT('2D SPACE',''
  ) );
#6291 = ORIENTED_EDGE('',*,*,#6236,.F.);
#6292 = ORIENTED_EDGE('',*,*,#6293,.F.);
#6293 = EDGE_CURVE('',#6237,#6237,#6294,.T.);
#6294 = SURFACE_CURVE('',#6295,(#6300,#6307),.PCURVE_S1.);
#6295 = CIRCLE('',#6296,0.3499993);
#6296 = AXIS2_PLACEMENT_3D('',#6297,#6298,#6299);
#6297 = CARTESIAN_POINT('',(60.24620158,20.30659896,0.E+000));
#6298 = DIRECTION('',(0.E+000,0.E+000,1.));
#6299 = DIRECTION('',(1.,0.E+000,-0.E+000));
#6300 = PCURVE('',#6247,#6301);
#6301 = DEFINITIONAL_REPRESENTATION('',(#6302),#6306);
#6302 = LINE('',#6303,#6304);
#6303 = CARTESIAN_POINT('',(-0.E+000,0.E+000));
#6304 = VECTOR('',#6305,1.);
#6305 = DIRECTION('',(-1.,0.E+000));
#6306 = ( GEOMETRIC_REPRESENTATION_CONTEXT(2) 
PARAMETRIC_REPRESENTATION_CONTEXT() REPRESENTATION_CONTEXT('2D SPACE',''
  ) );
#6307 = PCURVE('',#269,#6308);
#6308 = DEFINITIONAL_REPRESENTATION('',(#6309),#6317);
#6309 = ( BOUNDED_CURVE() B_SPLINE_CURVE(2,(#6310,#6311,#6312,#6313,
#6314,#6315,#6316),.UNSPECIFIED.,.F.,.F.) B_SPLINE_CURVE_WITH_KNOTS((1,2
    ,2,2,2,1),(-2.094395102393,0.E+000,2.094395102393,4.188790204786,
6.28318530718,8.377580409573),.UNSPECIFIED.) CURVE() 
GEOMETRIC_REPRESENTATION_ITEM() RATIONAL_B_SPLINE_CURVE((1.,0.5,1.,0.5,
1.,0.5,1.)) REPRESENTATION_ITEM('') );
#6310 = CARTESIAN_POINT('',(-60.5637981,17.34497674));
#6311 = CARTESIAN_POINT('',(-60.5637981,17.951193310214));
#6312 = CARTESIAN_POINT('',(-60.03879915,17.648085025107));
#6313 = CARTESIAN_POINT('',(-59.5138002,17.34497674));
#6314 = CARTESIAN_POINT('',(-60.03879915,17.041868454893));
#6315 = CARTESIAN_POINT('',(-60.5637981,16.738760169786));
#6316 = CARTESIAN_POINT('',(-60.5637981,17.34497674));
#6317 = ( GEOMETRIC_REPRESENTATION_CONTEXT(2) 
PARAMETRIC_REPRESENTATION_CONTEXT() REPRESENTATION_CONTEXT('2D SPACE',''
  ) );
#6318 = ADVANCED_FACE('',(#6319),#6333,.F.);
#6319 = FACE_BOUND('',#6320,.T.);
#6320 = EDGE_LOOP('',(#6321,#6351,#6377,#6378));
#6321 = ORIENTED_EDGE('',*,*,#6322,.T.);
#6322 = EDGE_CURVE('',#6323,#6325,#6327,.T.);
#6323 = VERTEX_POINT('',#6324);
#6324 = CARTESIAN_POINT('',(54.39139998,28.0162,0.E+000));
#6325 = VERTEX_POINT('',#6326);
#6326 = CARTESIAN_POINT('',(54.39139998,28.0162,0.41148));
#6327 = SEAM_CURVE('',#6328,(#6332,#6344),.PCURVE_S1.);
#6328 = LINE('',#6329,#6330);
#6329 = CARTESIAN_POINT('',(54.39139998,28.0162,0.E+000));
#6330 = VECTOR('',#6331,1.);
#6331 = DIRECTION('',(0.E+000,0.E+000,1.));
#6332 = PCURVE('',#6333,#6338);
#6333 = CYLINDRICAL_SURFACE('',#6334,0.37500052);
#6334 = AXIS2_PLACEMENT_3D('',#6335,#6336,#6337);
#6335 = CARTESIAN_POINT('',(54.01639946,28.0162,0.E+000));
#6336 = DIRECTION('',(-0.E+000,-0.E+000,-1.));
#6337 = DIRECTION('',(1.,0.E+000,-0.E+000));
#6338 = DEFINITIONAL_REPRESENTATION('',(#6339),#6343);
#6339 = LINE('',#6340,#6341);
#6340 = CARTESIAN_POINT('',(-0.E+000,0.E+000));
#6341 = VECTOR('',#6342,1.);
#6342 = DIRECTION('',(-0.E+000,-1.));
#6343 = ( GEOMETRIC_REPRESENTATION_CONTEXT(2) 
PARAMETRIC_REPRESENTATION_CONTEXT() REPRESENTATION_CONTEXT('2D SPACE',''
  ) );
#6344 = PCURVE('',#6333,#6345);
#6345 = DEFINITIONAL_REPRESENTATION('',(#6346),#6350);
#6346 = LINE('',#6347,#6348);
#6347 = CARTESIAN_POINT('',(-6.28318530718,0.E+000));
#6348 = VECTOR('',#6349,1.);
#6349 = DIRECTION('',(-0.E+000,-1.));
#6350 = ( GEOMETRIC_REPRESENTATION_CONTEXT(2) 
PARAMETRIC_REPRESENTATION_CONTEXT() REPRESENTATION_CONTEXT('2D SPACE',''
  ) );
#6351 = ORIENTED_EDGE('',*,*,#6352,.T.);
#6352 = EDGE_CURVE('',#6325,#6325,#6353,.T.);
#6353 = SURFACE_CURVE('',#6354,(#6359,#6366),.PCURVE_S1.);
#6354 = CIRCLE('',#6355,0.37500052);
#6355 = AXIS2_PLACEMENT_3D('',#6356,#6357,#6358);
#6356 = CARTESIAN_POINT('',(54.01639946,28.0162,0.41148));
#6357 = DIRECTION('',(0.E+000,0.E+000,1.));
#6358 = DIRECTION('',(1.,0.E+000,-0.E+000));
#6359 = PCURVE('',#6333,#6360);
#6360 = DEFINITIONAL_REPRESENTATION('',(#6361),#6365);
#6361 = LINE('',#6362,#6363);
#6362 = CARTESIAN_POINT('',(-0.E+000,-0.41148));
#6363 = VECTOR('',#6364,1.);
#6364 = DIRECTION('',(-1.,0.E+000));
#6365 = ( GEOMETRIC_REPRESENTATION_CONTEXT(2) 
PARAMETRIC_REPRESENTATION_CONTEXT() REPRESENTATION_CONTEXT('2D SPACE',''
  ) );
#6366 = PCURVE('',#215,#6367);
#6367 = DEFINITIONAL_REPRESENTATION('',(#6368),#6376);
#6368 = ( BOUNDED_CURVE() B_SPLINE_CURVE(2,(#6369,#6370,#6371,#6372,
#6373,#6374,#6375),.UNSPECIFIED.,.T.,.F.) B_SPLINE_CURVE_WITH_KNOTS((1,2
    ,2,2,2,1),(-2.094395102393,0.E+000,2.094395102393,4.188790204786,
6.28318530718,8.377580409573),.UNSPECIFIED.) CURVE() 
GEOMETRIC_REPRESENTATION_ITEM() RATIONAL_B_SPLINE_CURVE((1.,0.5,1.,0.5,
1.,0.5,1.)) REPRESENTATION_ITEM('') );
#6369 = CARTESIAN_POINT('',(-54.3589972,25.05457778));
#6370 = CARTESIAN_POINT('',(-54.3589972,25.704097733505));
#6371 = CARTESIAN_POINT('',(-53.79649642,25.379337756752));
#6372 = CARTESIAN_POINT('',(-53.23399564,25.05457778));
#6373 = CARTESIAN_POINT('',(-53.79649642,24.729817803248));
#6374 = CARTESIAN_POINT('',(-54.3589972,24.405057826495));
#6375 = CARTESIAN_POINT('',(-54.3589972,25.05457778));
#6376 = ( GEOMETRIC_REPRESENTATION_CONTEXT(2) 
PARAMETRIC_REPRESENTATION_CONTEXT() REPRESENTATION_CONTEXT('2D SPACE',''
  ) );
#6377 = ORIENTED_EDGE('',*,*,#6322,.F.);
#6378 = ORIENTED_EDGE('',*,*,#6379,.F.);
#6379 = EDGE_CURVE('',#6323,#6323,#6380,.T.);
#6380 = SURFACE_CURVE('',#6381,(#6386,#6393),.PCURVE_S1.);
#6381 = CIRCLE('',#6382,0.37500052);
#6382 = AXIS2_PLACEMENT_3D('',#6383,#6384,#6385);
#6383 = CARTESIAN_POINT('',(54.01639946,28.0162,0.E+000));
#6384 = DIRECTION('',(0.E+000,0.E+000,1.));
#6385 = DIRECTION('',(1.,0.E+000,-0.E+000));
#6386 = PCURVE('',#6333,#6387);
#6387 = DEFINITIONAL_REPRESENTATION('',(#6388),#6392);
#6388 = LINE('',#6389,#6390);
#6389 = CARTESIAN_POINT('',(-0.E+000,0.E+000));
#6390 = VECTOR('',#6391,1.);
#6391 = DIRECTION('',(-1.,0.E+000));
#6392 = ( GEOMETRIC_REPRESENTATION_CONTEXT(2) 
PARAMETRIC_REPRESENTATION_CONTEXT() REPRESENTATION_CONTEXT('2D SPACE',''
  ) );
#6393 = PCURVE('',#269,#6394);
#6394 = DEFINITIONAL_REPRESENTATION('',(#6395),#6403);
#6395 = ( BOUNDED_CURVE() B_SPLINE_CURVE(2,(#6396,#6397,#6398,#6399,
#6400,#6401,#6402),.UNSPECIFIED.,.T.,.F.) B_SPLINE_CURVE_WITH_KNOTS((1,2
    ,2,2,2,1),(-2.094395102393,0.E+000,2.094395102393,4.188790204786,
6.28318530718,8.377580409573),.UNSPECIFIED.) CURVE() 
GEOMETRIC_REPRESENTATION_ITEM() RATIONAL_B_SPLINE_CURVE((1.,0.5,1.,0.5,
1.,0.5,1.)) REPRESENTATION_ITEM('') );
#6396 = CARTESIAN_POINT('',(-54.3589972,25.05457778));
#6397 = CARTESIAN_POINT('',(-54.3589972,25.704097733505));
#6398 = CARTESIAN_POINT('',(-53.79649642,25.379337756752));
#6399 = CARTESIAN_POINT('',(-53.23399564,25.05457778));
#6400 = CARTESIAN_POINT('',(-53.79649642,24.729817803248));
#6401 = CARTESIAN_POINT('',(-54.3589972,24.405057826495));
#6402 = CARTESIAN_POINT('',(-54.3589972,25.05457778));
#6403 = ( GEOMETRIC_REPRESENTATION_CONTEXT(2) 
PARAMETRIC_REPRESENTATION_CONTEXT() REPRESENTATION_CONTEXT('2D SPACE',''
  ) );
#6404 = ADVANCED_FACE('',(#6405),#6419,.F.);
#6405 = FACE_BOUND('',#6406,.T.);
#6406 = EDGE_LOOP('',(#6407,#6437,#6463,#6464));
#6407 = ORIENTED_EDGE('',*,*,#6408,.T.);
#6408 = EDGE_CURVE('',#6409,#6411,#6413,.T.);
#6409 = VERTEX_POINT('',#6410);
#6410 = CARTESIAN_POINT('',(56.39139852,28.0162,0.E+000));
#6411 = VERTEX_POINT('',#6412);
#6412 = CARTESIAN_POINT('',(56.39139852,28.0162,0.41148));
#6413 = SEAM_CURVE('',#6414,(#6418,#6430),.PCURVE_S1.);
#6414 = LINE('',#6415,#6416);
#6415 = CARTESIAN_POINT('',(56.39139852,28.0162,0.E+000));
#6416 = VECTOR('',#6417,1.);
#6417 = DIRECTION('',(0.E+000,0.E+000,1.));
#6418 = PCURVE('',#6419,#6424);
#6419 = CYLINDRICAL_SURFACE('',#6420,0.37500052);
#6420 = AXIS2_PLACEMENT_3D('',#6421,#6422,#6423);
#6421 = CARTESIAN_POINT('',(56.016398,28.0162,0.E+000));
#6422 = DIRECTION('',(-0.E+000,-0.E+000,-1.));
#6423 = DIRECTION('',(1.,0.E+000,-0.E+000));
#6424 = DEFINITIONAL_REPRESENTATION('',(#6425),#6429);
#6425 = LINE('',#6426,#6427);
#6426 = CARTESIAN_POINT('',(-0.E+000,0.E+000));
#6427 = VECTOR('',#6428,1.);
#6428 = DIRECTION('',(-0.E+000,-1.));
#6429 = ( GEOMETRIC_REPRESENTATION_CONTEXT(2) 
PARAMETRIC_REPRESENTATION_CONTEXT() REPRESENTATION_CONTEXT('2D SPACE',''
  ) );
#6430 = PCURVE('',#6419,#6431);
#6431 = DEFINITIONAL_REPRESENTATION('',(#6432),#6436);
#6432 = LINE('',#6433,#6434);
#6433 = CARTESIAN_POINT('',(-6.28318530718,0.E+000));
#6434 = VECTOR('',#6435,1.);
#6435 = DIRECTION('',(-0.E+000,-1.));
#6436 = ( GEOMETRIC_REPRESENTATION_CONTEXT(2) 
PARAMETRIC_REPRESENTATION_CONTEXT() REPRESENTATION_CONTEXT('2D SPACE',''
  ) );
#6437 = ORIENTED_EDGE('',*,*,#6438,.T.);
#6438 = EDGE_CURVE('',#6411,#6411,#6439,.T.);
#6439 = SURFACE_CURVE('',#6440,(#6445,#6452),.PCURVE_S1.);
#6440 = CIRCLE('',#6441,0.37500052);
#6441 = AXIS2_PLACEMENT_3D('',#6442,#6443,#6444);
#6442 = CARTESIAN_POINT('',(56.016398,28.0162,0.41148));
#6443 = DIRECTION('',(0.E+000,0.E+000,1.));
#6444 = DIRECTION('',(1.,0.E+000,-0.E+000));
#6445 = PCURVE('',#6419,#6446);
#6446 = DEFINITIONAL_REPRESENTATION('',(#6447),#6451);
#6447 = LINE('',#6448,#6449);
#6448 = CARTESIAN_POINT('',(-0.E+000,-0.41148));
#6449 = VECTOR('',#6450,1.);
#6450 = DIRECTION('',(-1.,0.E+000));
#6451 = ( GEOMETRIC_REPRESENTATION_CONTEXT(2) 
PARAMETRIC_REPRESENTATION_CONTEXT() REPRESENTATION_CONTEXT('2D SPACE',''
  ) );
#6452 = PCURVE('',#215,#6453);
#6453 = DEFINITIONAL_REPRESENTATION('',(#6454),#6462);
#6454 = ( BOUNDED_CURVE() B_SPLINE_CURVE(2,(#6455,#6456,#6457,#6458,
#6459,#6460,#6461),.UNSPECIFIED.,.T.,.F.) B_SPLINE_CURVE_WITH_KNOTS((1,2
    ,2,2,2,1),(-2.094395102393,0.E+000,2.094395102393,4.188790204786,
6.28318530718,8.377580409573),.UNSPECIFIED.) CURVE() 
GEOMETRIC_REPRESENTATION_ITEM() RATIONAL_B_SPLINE_CURVE((1.,0.5,1.,0.5,
1.,0.5,1.)) REPRESENTATION_ITEM('') );
#6455 = CARTESIAN_POINT('',(-56.35899574,25.05457778));
#6456 = CARTESIAN_POINT('',(-56.35899574,25.704097733505));
#6457 = CARTESIAN_POINT('',(-55.79649496,25.379337756752));
#6458 = CARTESIAN_POINT('',(-55.23399418,25.05457778));
#6459 = CARTESIAN_POINT('',(-55.79649496,24.729817803248));
#6460 = CARTESIAN_POINT('',(-56.35899574,24.405057826495));
#6461 = CARTESIAN_POINT('',(-56.35899574,25.05457778));
#6462 = ( GEOMETRIC_REPRESENTATION_CONTEXT(2) 
PARAMETRIC_REPRESENTATION_CONTEXT() REPRESENTATION_CONTEXT('2D SPACE',''
  ) );
#6463 = ORIENTED_EDGE('',*,*,#6408,.F.);
#6464 = ORIENTED_EDGE('',*,*,#6465,.F.);
#6465 = EDGE_CURVE('',#6409,#6409,#6466,.T.);
#6466 = SURFACE_CURVE('',#6467,(#6472,#6479),.PCURVE_S1.);
#6467 = CIRCLE('',#6468,0.37500052);
#6468 = AXIS2_PLACEMENT_3D('',#6469,#6470,#6471);
#6469 = CARTESIAN_POINT('',(56.016398,28.0162,0.E+000));
#6470 = DIRECTION('',(0.E+000,0.E+000,1.));
#6471 = DIRECTION('',(1.,0.E+000,-0.E+000));
#6472 = PCURVE('',#6419,#6473);
#6473 = DEFINITIONAL_REPRESENTATION('',(#6474),#6478);
#6474 = LINE('',#6475,#6476);
#6475 = CARTESIAN_POINT('',(-0.E+000,0.E+000));
#6476 = VECTOR('',#6477,1.);
#6477 = DIRECTION('',(-1.,0.E+000));
#6478 = ( GEOMETRIC_REPRESENTATION_CONTEXT(2) 
PARAMETRIC_REPRESENTATION_CONTEXT() REPRESENTATION_CONTEXT('2D SPACE',''
  ) );
#6479 = PCURVE('',#269,#6480);
#6480 = DEFINITIONAL_REPRESENTATION('',(#6481),#6489);
#6481 = ( BOUNDED_CURVE() B_SPLINE_CURVE(2,(#6482,#6483,#6484,#6485,
#6486,#6487,#6488),.UNSPECIFIED.,.T.,.F.) B_SPLINE_CURVE_WITH_KNOTS((1,2
    ,2,2,2,1),(-2.094395102393,0.E+000,2.094395102393,4.188790204786,
6.28318530718,8.377580409573),.UNSPECIFIED.) CURVE() 
GEOMETRIC_REPRESENTATION_ITEM() RATIONAL_B_SPLINE_CURVE((1.,0.5,1.,0.5,
1.,0.5,1.)) REPRESENTATION_ITEM('') );
#6482 = CARTESIAN_POINT('',(-56.35899574,25.05457778));
#6483 = CARTESIAN_POINT('',(-56.35899574,25.704097733505));
#6484 = CARTESIAN_POINT('',(-55.79649496,25.379337756752));
#6485 = CARTESIAN_POINT('',(-55.23399418,25.05457778));
#6486 = CARTESIAN_POINT('',(-55.79649496,24.729817803248));
#6487 = CARTESIAN_POINT('',(-56.35899574,24.405057826495));
#6488 = CARTESIAN_POINT('',(-56.35899574,25.05457778));
#6489 = ( GEOMETRIC_REPRESENTATION_CONTEXT(2) 
PARAMETRIC_REPRESENTATION_CONTEXT() REPRESENTATION_CONTEXT('2D SPACE',''
  ) );
#6490 = ADVANCED_FACE('',(#6491),#6505,.F.);
#6491 = FACE_BOUND('',#6492,.T.);
#6492 = EDGE_LOOP('',(#6493,#6523,#6549,#6550));
#6493 = ORIENTED_EDGE('',*,*,#6494,.T.);
#6494 = EDGE_CURVE('',#6495,#6497,#6499,.T.);
#6495 = VERTEX_POINT('',#6496);
#6496 = CARTESIAN_POINT('',(60.59620088,15.45660104,0.E+000));
#6497 = VERTEX_POINT('',#6498);
#6498 = CARTESIAN_POINT('',(60.59620088,15.45660104,0.41148));
#6499 = SEAM_CURVE('',#6500,(#6504,#6516),.PCURVE_S1.);
#6500 = LINE('',#6501,#6502);
#6501 = CARTESIAN_POINT('',(60.59620088,15.45660104,0.E+000));
#6502 = VECTOR('',#6503,1.);
#6503 = DIRECTION('',(0.E+000,0.E+000,1.));
#6504 = PCURVE('',#6505,#6510);
#6505 = CYLINDRICAL_SURFACE('',#6506,0.3499993);
#6506 = AXIS2_PLACEMENT_3D('',#6507,#6508,#6509);
#6507 = CARTESIAN_POINT('',(60.24620158,15.45660104,0.E+000));
#6508 = DIRECTION('',(-0.E+000,-0.E+000,-1.));
#6509 = DIRECTION('',(1.,0.E+000,-0.E+000));
#6510 = DEFINITIONAL_REPRESENTATION('',(#6511),#6515);
#6511 = LINE('',#6512,#6513);
#6512 = CARTESIAN_POINT('',(-0.E+000,0.E+000));
#6513 = VECTOR('',#6514,1.);
#6514 = DIRECTION('',(-0.E+000,-1.));
#6515 = ( GEOMETRIC_REPRESENTATION_CONTEXT(2) 
PARAMETRIC_REPRESENTATION_CONTEXT() REPRESENTATION_CONTEXT('2D SPACE',''
  ) );
#6516 = PCURVE('',#6505,#6517);
#6517 = DEFINITIONAL_REPRESENTATION('',(#6518),#6522);
#6518 = LINE('',#6519,#6520);
#6519 = CARTESIAN_POINT('',(-6.28318530718,0.E+000));
#6520 = VECTOR('',#6521,1.);
#6521 = DIRECTION('',(-0.E+000,-1.));
#6522 = ( GEOMETRIC_REPRESENTATION_CONTEXT(2) 
PARAMETRIC_REPRESENTATION_CONTEXT() REPRESENTATION_CONTEXT('2D SPACE',''
  ) );
#6523 = ORIENTED_EDGE('',*,*,#6524,.T.);
#6524 = EDGE_CURVE('',#6497,#6497,#6525,.T.);
#6525 = SURFACE_CURVE('',#6526,(#6531,#6538),.PCURVE_S1.);
#6526 = CIRCLE('',#6527,0.3499993);
#6527 = AXIS2_PLACEMENT_3D('',#6528,#6529,#6530);
#6528 = CARTESIAN_POINT('',(60.24620158,15.45660104,0.41148));
#6529 = DIRECTION('',(0.E+000,0.E+000,1.));
#6530 = DIRECTION('',(1.,0.E+000,-0.E+000));
#6531 = PCURVE('',#6505,#6532);
#6532 = DEFINITIONAL_REPRESENTATION('',(#6533),#6537);
#6533 = LINE('',#6534,#6535);
#6534 = CARTESIAN_POINT('',(-0.E+000,-0.41148));
#6535 = VECTOR('',#6536,1.);
#6536 = DIRECTION('',(-1.,0.E+000));
#6537 = ( GEOMETRIC_REPRESENTATION_CONTEXT(2) 
PARAMETRIC_REPRESENTATION_CONTEXT() REPRESENTATION_CONTEXT('2D SPACE',''
  ) );
#6538 = PCURVE('',#215,#6539);
#6539 = DEFINITIONAL_REPRESENTATION('',(#6540),#6548);
#6540 = ( BOUNDED_CURVE() B_SPLINE_CURVE(2,(#6541,#6542,#6543,#6544,
#6545,#6546,#6547),.UNSPECIFIED.,.T.,.F.) B_SPLINE_CURVE_WITH_KNOTS((1,2
    ,2,2,2,1),(-2.094395102393,0.E+000,2.094395102393,4.188790204786,
6.28318530718,8.377580409573),.UNSPECIFIED.) CURVE() 
GEOMETRIC_REPRESENTATION_ITEM() RATIONAL_B_SPLINE_CURVE((1.,0.5,1.,0.5,
1.,0.5,1.)) REPRESENTATION_ITEM('') );
#6541 = CARTESIAN_POINT('',(-60.5637981,12.49497882));
#6542 = CARTESIAN_POINT('',(-60.5637981,13.101195390214));
#6543 = CARTESIAN_POINT('',(-60.03879915,12.798087105107));
#6544 = CARTESIAN_POINT('',(-59.5138002,12.49497882));
#6545 = CARTESIAN_POINT('',(-60.03879915,12.191870534893));
#6546 = CARTESIAN_POINT('',(-60.5637981,11.888762249786));
#6547 = CARTESIAN_POINT('',(-60.5637981,12.49497882));
#6548 = ( GEOMETRIC_REPRESENTATION_CONTEXT(2) 
PARAMETRIC_REPRESENTATION_CONTEXT() REPRESENTATION_CONTEXT('2D SPACE',''
  ) );
#6549 = ORIENTED_EDGE('',*,*,#6494,.F.);
#6550 = ORIENTED_EDGE('',*,*,#6551,.F.);
#6551 = EDGE_CURVE('',#6495,#6495,#6552,.T.);
#6552 = SURFACE_CURVE('',#6553,(#6558,#6565),.PCURVE_S1.);
#6553 = CIRCLE('',#6554,0.3499993);
#6554 = AXIS2_PLACEMENT_3D('',#6555,#6556,#6557);
#6555 = CARTESIAN_POINT('',(60.24620158,15.45660104,0.E+000));
#6556 = DIRECTION('',(0.E+000,0.E+000,1.));
#6557 = DIRECTION('',(1.,0.E+000,-0.E+000));
#6558 = PCURVE('',#6505,#6559);
#6559 = DEFINITIONAL_REPRESENTATION('',(#6560),#6564);
#6560 = LINE('',#6561,#6562);
#6561 = CARTESIAN_POINT('',(-0.E+000,0.E+000));
#6562 = VECTOR('',#6563,1.);
#6563 = DIRECTION('',(-1.,0.E+000));
#6564 = ( GEOMETRIC_REPRESENTATION_CONTEXT(2) 
PARAMETRIC_REPRESENTATION_CONTEXT() REPRESENTATION_CONTEXT('2D SPACE',''
  ) );
#6565 = PCURVE('',#269,#6566);
#6566 = DEFINITIONAL_REPRESENTATION('',(#6567),#6575);
#6567 = ( BOUNDED_CURVE() B_SPLINE_CURVE(2,(#6568,#6569,#6570,#6571,
#6572,#6573,#6574),.UNSPECIFIED.,.T.,.F.) B_SPLINE_CURVE_WITH_KNOTS((1,2
    ,2,2,2,1),(-2.094395102393,0.E+000,2.094395102393,4.188790204786,
6.28318530718,8.377580409573),.UNSPECIFIED.) CURVE() 
GEOMETRIC_REPRESENTATION_ITEM() RATIONAL_B_SPLINE_CURVE((1.,0.5,1.,0.5,
1.,0.5,1.)) REPRESENTATION_ITEM('') );
#6568 = CARTESIAN_POINT('',(-60.5637981,12.49497882));
#6569 = CARTESIAN_POINT('',(-60.5637981,13.101195390214));
#6570 = CARTESIAN_POINT('',(-60.03879915,12.798087105107));
#6571 = CARTESIAN_POINT('',(-59.5138002,12.49497882));
#6572 = CARTESIAN_POINT('',(-60.03879915,12.191870534893));
#6573 = CARTESIAN_POINT('',(-60.5637981,11.888762249786));
#6574 = CARTESIAN_POINT('',(-60.5637981,12.49497882));
#6575 = ( GEOMETRIC_REPRESENTATION_CONTEXT(2) 
PARAMETRIC_REPRESENTATION_CONTEXT() REPRESENTATION_CONTEXT('2D SPACE',''
  ) );
#6576 = ADVANCED_FACE('',(#6577),#6591,.F.);
#6577 = FACE_BOUND('',#6578,.T.);
#6578 = EDGE_LOOP('',(#6579,#6609,#6635,#6636));
#6579 = ORIENTED_EDGE('',*,*,#6580,.T.);
#6580 = EDGE_CURVE('',#6581,#6583,#6585,.T.);
#6581 = VERTEX_POINT('',#6582);
#6582 = CARTESIAN_POINT('',(63.00000354,26.51083852,0.E+000));
#6583 = VERTEX_POINT('',#6584);
#6584 = CARTESIAN_POINT('',(63.00000354,26.51083852,0.41148));
#6585 = SEAM_CURVE('',#6586,(#6590,#6602),.PCURVE_S1.);
#6586 = LINE('',#6587,#6588);
#6587 = CARTESIAN_POINT('',(63.00000354,26.51083852,0.E+000));
#6588 = VECTOR('',#6589,1.);
#6589 = DIRECTION('',(0.E+000,0.E+000,1.));
#6590 = PCURVE('',#6591,#6596);
#6591 = CYLINDRICAL_SURFACE('',#6592,1.49999954);
#6592 = AXIS2_PLACEMENT_3D('',#6593,#6594,#6595);
#6593 = CARTESIAN_POINT('',(61.500004,26.51083852,0.E+000));
#6594 = DIRECTION('',(-0.E+000,-0.E+000,-1.));
#6595 = DIRECTION('',(1.,0.E+000,-0.E+000));
#6596 = DEFINITIONAL_REPRESENTATION('',(#6597),#6601);
#6597 = LINE('',#6598,#6599);
#6598 = CARTESIAN_POINT('',(-0.E+000,0.E+000));
#6599 = VECTOR('',#6600,1.);
#6600 = DIRECTION('',(-0.E+000,-1.));
#6601 = ( GEOMETRIC_REPRESENTATION_CONTEXT(2) 
PARAMETRIC_REPRESENTATION_CONTEXT() REPRESENTATION_CONTEXT('2D SPACE',''
  ) );
#6602 = PCURVE('',#6591,#6603);
#6603 = DEFINITIONAL_REPRESENTATION('',(#6604),#6608);
#6604 = LINE('',#6605,#6606);
#6605 = CARTESIAN_POINT('',(-6.28318530718,0.E+000));
#6606 = VECTOR('',#6607,1.);
#6607 = DIRECTION('',(-0.E+000,-1.));
#6608 = ( GEOMETRIC_REPRESENTATION_CONTEXT(2) 
PARAMETRIC_REPRESENTATION_CONTEXT() REPRESENTATION_CONTEXT('2D SPACE',''
  ) );
#6609 = ORIENTED_EDGE('',*,*,#6610,.T.);
#6610 = EDGE_CURVE('',#6583,#6583,#6611,.T.);
#6611 = SURFACE_CURVE('',#6612,(#6617,#6624),.PCURVE_S1.);
#6612 = CIRCLE('',#6613,1.49999954);
#6613 = AXIS2_PLACEMENT_3D('',#6614,#6615,#6616);
#6614 = CARTESIAN_POINT('',(61.500004,26.51083852,0.41148));
#6615 = DIRECTION('',(0.E+000,0.E+000,1.));
#6616 = DIRECTION('',(1.,0.E+000,-0.E+000));
#6617 = PCURVE('',#6591,#6618);
#6618 = DEFINITIONAL_REPRESENTATION('',(#6619),#6623);
#6619 = LINE('',#6620,#6621);
#6620 = CARTESIAN_POINT('',(-0.E+000,-0.41148));
#6621 = VECTOR('',#6622,1.);
#6622 = DIRECTION('',(-1.,0.E+000));
#6623 = ( GEOMETRIC_REPRESENTATION_CONTEXT(2) 
PARAMETRIC_REPRESENTATION_CONTEXT() REPRESENTATION_CONTEXT('2D SPACE',''
  ) );
#6624 = PCURVE('',#215,#6625);
#6625 = DEFINITIONAL_REPRESENTATION('',(#6626),#6634);
#6626 = ( BOUNDED_CURVE() B_SPLINE_CURVE(2,(#6627,#6628,#6629,#6630,
#6631,#6632,#6633),.UNSPECIFIED.,.F.,.F.) B_SPLINE_CURVE_WITH_KNOTS((1,2
    ,2,2,2,1),(-2.094395102393,0.E+000,2.094395102393,4.188790204786,
6.28318530718,8.377580409573),.UNSPECIFIED.) CURVE() 
GEOMETRIC_REPRESENTATION_ITEM() RATIONAL_B_SPLINE_CURVE((1.,0.5,1.,0.5,
1.,0.5,1.)) REPRESENTATION_ITEM('') );
#6627 = CARTESIAN_POINT('',(-62.96760076,23.5492163));
#6628 = CARTESIAN_POINT('',(-62.96760076,26.14729171461));
#6629 = CARTESIAN_POINT('',(-60.71760145,24.848254007305));
#6630 = CARTESIAN_POINT('',(-58.46760214,23.5492163));
#6631 = CARTESIAN_POINT('',(-60.71760145,22.250178592695));
#6632 = CARTESIAN_POINT('',(-62.96760076,20.95114088539));
#6633 = CARTESIAN_POINT('',(-62.96760076,23.5492163));
#6634 = ( GEOMETRIC_REPRESENTATION_CONTEXT(2) 
PARAMETRIC_REPRESENTATION_CONTEXT() REPRESENTATION_CONTEXT('2D SPACE',''
  ) );
#6635 = ORIENTED_EDGE('',*,*,#6580,.F.);
#6636 = ORIENTED_EDGE('',*,*,#6637,.F.);
#6637 = EDGE_CURVE('',#6581,#6581,#6638,.T.);
#6638 = SURFACE_CURVE('',#6639,(#6644,#6651),.PCURVE_S1.);
#6639 = CIRCLE('',#6640,1.49999954);
#6640 = AXIS2_PLACEMENT_3D('',#6641,#6642,#6643);
#6641 = CARTESIAN_POINT('',(61.500004,26.51083852,0.E+000));
#6642 = DIRECTION('',(0.E+000,0.E+000,1.));
#6643 = DIRECTION('',(1.,0.E+000,-0.E+000));
#6644 = PCURVE('',#6591,#6645);
#6645 = DEFINITIONAL_REPRESENTATION('',(#6646),#6650);
#6646 = LINE('',#6647,#6648);
#6647 = CARTESIAN_POINT('',(-0.E+000,0.E+000));
#6648 = VECTOR('',#6649,1.);
#6649 = DIRECTION('',(-1.,0.E+000));
#6650 = ( GEOMETRIC_REPRESENTATION_CONTEXT(2) 
PARAMETRIC_REPRESENTATION_CONTEXT() REPRESENTATION_CONTEXT('2D SPACE',''
  ) );
#6651 = PCURVE('',#269,#6652);
#6652 = DEFINITIONAL_REPRESENTATION('',(#6653),#6661);
#6653 = ( BOUNDED_CURVE() B_SPLINE_CURVE(2,(#6654,#6655,#6656,#6657,
#6658,#6659,#6660),.UNSPECIFIED.,.F.,.F.) B_SPLINE_CURVE_WITH_KNOTS((1,2
    ,2,2,2,1),(-2.094395102393,0.E+000,2.094395102393,4.188790204786,
6.28318530718,8.377580409573),.UNSPECIFIED.) CURVE() 
GEOMETRIC_REPRESENTATION_ITEM() RATIONAL_B_SPLINE_CURVE((1.,0.5,1.,0.5,
1.,0.5,1.)) REPRESENTATION_ITEM('') );
#6654 = CARTESIAN_POINT('',(-62.96760076,23.5492163));
#6655 = CARTESIAN_POINT('',(-62.96760076,26.14729171461));
#6656 = CARTESIAN_POINT('',(-60.71760145,24.848254007305));
#6657 = CARTESIAN_POINT('',(-58.46760214,23.5492163));
#6658 = CARTESIAN_POINT('',(-60.71760145,22.250178592695));
#6659 = CARTESIAN_POINT('',(-62.96760076,20.95114088539));
#6660 = CARTESIAN_POINT('',(-62.96760076,23.5492163));
#6661 = ( GEOMETRIC_REPRESENTATION_CONTEXT(2) 
PARAMETRIC_REPRESENTATION_CONTEXT() REPRESENTATION_CONTEXT('2D SPACE',''
  ) );
#6662 = ADVANCED_FACE('',(#6663),#6677,.T.);
#6663 = FACE_BOUND('',#6664,.T.);
#6664 = EDGE_LOOP('',(#6665,#6700,#6723,#6751));
#6665 = ORIENTED_EDGE('',*,*,#6666,.T.);
#6666 = EDGE_CURVE('',#6667,#6669,#6671,.T.);
#6667 = VERTEX_POINT('',#6668);
#6668 = CARTESIAN_POINT('',(62.67120308,21.18159848,0.E+000));
#6669 = VERTEX_POINT('',#6670);
#6670 = CARTESIAN_POINT('',(62.67120308,21.18159848,0.41148));
#6671 = SURFACE_CURVE('',#6672,(#6676,#6688),.PCURVE_S1.);
#6672 = LINE('',#6673,#6674);
#6673 = CARTESIAN_POINT('',(62.67120308,21.18159848,0.E+000));
#6674 = VECTOR('',#6675,1.);
#6675 = DIRECTION('',(0.E+000,0.E+000,1.));
#6676 = PCURVE('',#6677,#6682);
#6677 = PLANE('',#6678);
#6678 = AXIS2_PLACEMENT_3D('',#6679,#6680,#6681);
#6679 = CARTESIAN_POINT('',(62.67120308,21.18159848,0.E+000));
#6680 = DIRECTION('',(0.E+000,1.,0.E+000));
#6681 = DIRECTION('',(1.,0.E+000,0.E+000));
#6682 = DEFINITIONAL_REPRESENTATION('',(#6683),#6687);
#6683 = LINE('',#6684,#6685);
#6684 = CARTESIAN_POINT('',(0.E+000,0.E+000));
#6685 = VECTOR('',#6686,1.);
#6686 = DIRECTION('',(0.E+000,-1.));
#6687 = ( GEOMETRIC_REPRESENTATION_CONTEXT(2) 
PARAMETRIC_REPRESENTATION_CONTEXT() REPRESENTATION_CONTEXT('2D SPACE',''
  ) );
#6688 = PCURVE('',#6689,#6694);
#6689 = CYLINDRICAL_SURFACE('',#6690,0.32500062);
#6690 = AXIS2_PLACEMENT_3D('',#6691,#6692,#6693);
#6691 = CARTESIAN_POINT('',(62.67120308,21.5065991,0.E+000));
#6692 = DIRECTION('',(-0.E+000,-0.E+000,-1.));
#6693 = DIRECTION('',(4.372562340097E-014,1.,-0.E+000));
#6694 = DEFINITIONAL_REPRESENTATION('',(#6695),#6699);
#6695 = LINE('',#6696,#6697);
#6696 = CARTESIAN_POINT('',(-3.14159265359,0.E+000));
#6697 = VECTOR('',#6698,1.);
#6698 = DIRECTION('',(-0.E+000,-1.));
#6699 = ( GEOMETRIC_REPRESENTATION_CONTEXT(2) 
PARAMETRIC_REPRESENTATION_CONTEXT() REPRESENTATION_CONTEXT('2D SPACE',''
  ) );
#6700 = ORIENTED_EDGE('',*,*,#6701,.T.);
#6701 = EDGE_CURVE('',#6669,#6702,#6704,.T.);
#6702 = VERTEX_POINT('',#6703);
#6703 = CARTESIAN_POINT('',(63.12119964,21.18159848,0.41148));
#6704 = SURFACE_CURVE('',#6705,(#6709,#6716),.PCURVE_S1.);
#6705 = LINE('',#6706,#6707);
#6706 = CARTESIAN_POINT('',(62.67120308,21.18159848,0.41148));
#6707 = VECTOR('',#6708,1.);
#6708 = DIRECTION('',(1.,0.E+000,0.E+000));
#6709 = PCURVE('',#6677,#6710);
#6710 = DEFINITIONAL_REPRESENTATION('',(#6711),#6715);
#6711 = LINE('',#6712,#6713);
#6712 = CARTESIAN_POINT('',(0.E+000,-0.41148));
#6713 = VECTOR('',#6714,1.);
#6714 = DIRECTION('',(1.,0.E+000));
#6715 = ( GEOMETRIC_REPRESENTATION_CONTEXT(2) 
PARAMETRIC_REPRESENTATION_CONTEXT() REPRESENTATION_CONTEXT('2D SPACE',''
  ) );
#6716 = PCURVE('',#215,#6717);
#6717 = DEFINITIONAL_REPRESENTATION('',(#6718),#6722);
#6718 = LINE('',#6719,#6720);
#6719 = CARTESIAN_POINT('',(-62.6388003,18.21997626));
#6720 = VECTOR('',#6721,1.);
#6721 = DIRECTION('',(-1.,0.E+000));
#6722 = ( GEOMETRIC_REPRESENTATION_CONTEXT(2) 
PARAMETRIC_REPRESENTATION_CONTEXT() REPRESENTATION_CONTEXT('2D SPACE',''
  ) );
#6723 = ORIENTED_EDGE('',*,*,#6724,.F.);
#6724 = EDGE_CURVE('',#6725,#6702,#6727,.T.);
#6725 = VERTEX_POINT('',#6726);
#6726 = CARTESIAN_POINT('',(63.12119964,21.18159848,0.E+000));
#6727 = SURFACE_CURVE('',#6728,(#6732,#6739),.PCURVE_S1.);
#6728 = LINE('',#6729,#6730);
#6729 = CARTESIAN_POINT('',(63.12119964,21.18159848,0.E+000));
#6730 = VECTOR('',#6731,1.);
#6731 = DIRECTION('',(0.E+000,0.E+000,1.));
#6732 = PCURVE('',#6677,#6733);
#6733 = DEFINITIONAL_REPRESENTATION('',(#6734),#6738);
#6734 = LINE('',#6735,#6736);
#6735 = CARTESIAN_POINT('',(0.44999656,0.E+000));
#6736 = VECTOR('',#6737,1.);
#6737 = DIRECTION('',(0.E+000,-1.));
#6738 = ( GEOMETRIC_REPRESENTATION_CONTEXT(2) 
PARAMETRIC_REPRESENTATION_CONTEXT() REPRESENTATION_CONTEXT('2D SPACE',''
  ) );
#6739 = PCURVE('',#6740,#6745);
#6740 = CYLINDRICAL_SURFACE('',#6741,0.32500062);
#6741 = AXIS2_PLACEMENT_3D('',#6742,#6743,#6744);
#6742 = CARTESIAN_POINT('',(63.12119964,21.5065991,0.E+000));
#6743 = DIRECTION('',(-0.E+000,-0.E+000,-1.));
#6744 = DIRECTION('',(-4.372562340097E-014,-1.,0.E+000));
#6745 = DEFINITIONAL_REPRESENTATION('',(#6746),#6750);
#6746 = LINE('',#6747,#6748);
#6747 = CARTESIAN_POINT('',(-0.E+000,0.E+000));
#6748 = VECTOR('',#6749,1.);
#6749 = DIRECTION('',(-0.E+000,-1.));
#6750 = ( GEOMETRIC_REPRESENTATION_CONTEXT(2) 
PARAMETRIC_REPRESENTATION_CONTEXT() REPRESENTATION_CONTEXT('2D SPACE',''
  ) );
#6751 = ORIENTED_EDGE('',*,*,#6752,.F.);
#6752 = EDGE_CURVE('',#6667,#6725,#6753,.T.);
#6753 = SURFACE_CURVE('',#6754,(#6758,#6765),.PCURVE_S1.);
#6754 = LINE('',#6755,#6756);
#6755 = CARTESIAN_POINT('',(62.67120308,21.18159848,0.E+000));
#6756 = VECTOR('',#6757,1.);
#6757 = DIRECTION('',(1.,0.E+000,0.E+000));
#6758 = PCURVE('',#6677,#6759);
#6759 = DEFINITIONAL_REPRESENTATION('',(#6760),#6764);
#6760 = LINE('',#6761,#6762);
#6761 = CARTESIAN_POINT('',(0.E+000,0.E+000));
#6762 = VECTOR('',#6763,1.);
#6763 = DIRECTION('',(1.,0.E+000));
#6764 = ( GEOMETRIC_REPRESENTATION_CONTEXT(2) 
PARAMETRIC_REPRESENTATION_CONTEXT() REPRESENTATION_CONTEXT('2D SPACE',''
  ) );
#6765 = PCURVE('',#269,#6766);
#6766 = DEFINITIONAL_REPRESENTATION('',(#6767),#6771);
#6767 = LINE('',#6768,#6769);
#6768 = CARTESIAN_POINT('',(-62.6388003,18.21997626));
#6769 = VECTOR('',#6770,1.);
#6770 = DIRECTION('',(-1.,0.E+000));
#6771 = ( GEOMETRIC_REPRESENTATION_CONTEXT(2) 
PARAMETRIC_REPRESENTATION_CONTEXT() REPRESENTATION_CONTEXT('2D SPACE',''
  ) );
#6772 = ADVANCED_FACE('',(#6773),#6740,.F.);
#6773 = FACE_BOUND('',#6774,.T.);
#6774 = EDGE_LOOP('',(#6775,#6776,#6804,#6832));
#6775 = ORIENTED_EDGE('',*,*,#6724,.T.);
#6776 = ORIENTED_EDGE('',*,*,#6777,.T.);
#6777 = EDGE_CURVE('',#6702,#6778,#6780,.T.);
#6778 = VERTEX_POINT('',#6779);
#6779 = CARTESIAN_POINT('',(63.12119964,21.83159972,0.41148));
#6780 = SURFACE_CURVE('',#6781,(#6786,#6793),.PCURVE_S1.);
#6781 = CIRCLE('',#6782,0.32500062);
#6782 = AXIS2_PLACEMENT_3D('',#6783,#6784,#6785);
#6783 = CARTESIAN_POINT('',(63.12119964,21.5065991,0.41148));
#6784 = DIRECTION('',(0.E+000,0.E+000,1.));
#6785 = DIRECTION('',(-4.372562340097E-014,-1.,0.E+000));
#6786 = PCURVE('',#6740,#6787);
#6787 = DEFINITIONAL_REPRESENTATION('',(#6788),#6792);
#6788 = LINE('',#6789,#6790);
#6789 = CARTESIAN_POINT('',(-0.E+000,-0.41148));
#6790 = VECTOR('',#6791,1.);
#6791 = DIRECTION('',(-1.,0.E+000));
#6792 = ( GEOMETRIC_REPRESENTATION_CONTEXT(2) 
PARAMETRIC_REPRESENTATION_CONTEXT() REPRESENTATION_CONTEXT('2D SPACE',''
  ) );
#6793 = PCURVE('',#215,#6794);
#6794 = DEFINITIONAL_REPRESENTATION('',(#6795),#6803);
#6795 = ( BOUNDED_CURVE() B_SPLINE_CURVE(2,(#6796,#6797,#6798,#6799,
#6800,#6801,#6802),.UNSPECIFIED.,.F.,.F.) B_SPLINE_CURVE_WITH_KNOTS((1,2
    ,2,2,2,1),(-2.094395102393,0.E+000,2.094395102393,4.188790204786,
6.28318530718,8.377580409573),.UNSPECIFIED.) CURVE() 
GEOMETRIC_REPRESENTATION_ITEM() RATIONAL_B_SPLINE_CURVE((1.,0.5,1.,0.5,
1.,0.5,1.)) REPRESENTATION_ITEM('') );
#6796 = CARTESIAN_POINT('',(-63.08879686,18.21997626));
#6797 = CARTESIAN_POINT('',(-63.65171444633,18.21997626));
#6798 = CARTESIAN_POINT('',(-63.37025565316,18.70747719));
#6799 = CARTESIAN_POINT('',(-63.08879686,19.19497812));
#6800 = CARTESIAN_POINT('',(-62.80733806683,18.70747719));
#6801 = CARTESIAN_POINT('',(-62.52587927366,18.21997626));
#6802 = CARTESIAN_POINT('',(-63.08879686,18.21997626));
#6803 = ( GEOMETRIC_REPRESENTATION_CONTEXT(2) 
PARAMETRIC_REPRESENTATION_CONTEXT() REPRESENTATION_CONTEXT('2D SPACE',''
  ) );
#6804 = ORIENTED_EDGE('',*,*,#6805,.F.);
#6805 = EDGE_CURVE('',#6806,#6778,#6808,.T.);
#6806 = VERTEX_POINT('',#6807);
#6807 = CARTESIAN_POINT('',(63.12119964,21.83159972,0.E+000));
#6808 = SURFACE_CURVE('',#6809,(#6813,#6820),.PCURVE_S1.);
#6809 = LINE('',#6810,#6811);
#6810 = CARTESIAN_POINT('',(63.12119964,21.83159972,0.E+000));
#6811 = VECTOR('',#6812,1.);
#6812 = DIRECTION('',(0.E+000,0.E+000,1.));
#6813 = PCURVE('',#6740,#6814);
#6814 = DEFINITIONAL_REPRESENTATION('',(#6815),#6819);
#6815 = LINE('',#6816,#6817);
#6816 = CARTESIAN_POINT('',(-3.14159265359,0.E+000));
#6817 = VECTOR('',#6818,1.);
#6818 = DIRECTION('',(-0.E+000,-1.));
#6819 = ( GEOMETRIC_REPRESENTATION_CONTEXT(2) 
PARAMETRIC_REPRESENTATION_CONTEXT() REPRESENTATION_CONTEXT('2D SPACE',''
  ) );
#6820 = PCURVE('',#6821,#6826);
#6821 = PLANE('',#6822);
#6822 = AXIS2_PLACEMENT_3D('',#6823,#6824,#6825);
#6823 = CARTESIAN_POINT('',(63.12119964,21.83159972,0.E+000));
#6824 = DIRECTION('',(0.E+000,-1.,0.E+000));
#6825 = DIRECTION('',(-1.,0.E+000,0.E+000));
#6826 = DEFINITIONAL_REPRESENTATION('',(#6827),#6831);
#6827 = LINE('',#6828,#6829);
#6828 = CARTESIAN_POINT('',(0.E+000,-0.E+000));
#6829 = VECTOR('',#6830,1.);
#6830 = DIRECTION('',(0.E+000,-1.));
#6831 = ( GEOMETRIC_REPRESENTATION_CONTEXT(2) 
PARAMETRIC_REPRESENTATION_CONTEXT() REPRESENTATION_CONTEXT('2D SPACE',''
  ) );
#6832 = ORIENTED_EDGE('',*,*,#6833,.F.);
#6833 = EDGE_CURVE('',#6725,#6806,#6834,.T.);
#6834 = SURFACE_CURVE('',#6835,(#6840,#6847),.PCURVE_S1.);
#6835 = CIRCLE('',#6836,0.32500062);
#6836 = AXIS2_PLACEMENT_3D('',#6837,#6838,#6839);
#6837 = CARTESIAN_POINT('',(63.12119964,21.5065991,0.E+000));
#6838 = DIRECTION('',(0.E+000,0.E+000,1.));
#6839 = DIRECTION('',(-4.372562340097E-014,-1.,0.E+000));
#6840 = PCURVE('',#6740,#6841);
#6841 = DEFINITIONAL_REPRESENTATION('',(#6842),#6846);
#6842 = LINE('',#6843,#6844);
#6843 = CARTESIAN_POINT('',(-0.E+000,0.E+000));
#6844 = VECTOR('',#6845,1.);
#6845 = DIRECTION('',(-1.,0.E+000));
#6846 = ( GEOMETRIC_REPRESENTATION_CONTEXT(2) 
PARAMETRIC_REPRESENTATION_CONTEXT() REPRESENTATION_CONTEXT('2D SPACE',''
  ) );
#6847 = PCURVE('',#269,#6848);
#6848 = DEFINITIONAL_REPRESENTATION('',(#6849),#6857);
#6849 = ( BOUNDED_CURVE() B_SPLINE_CURVE(2,(#6850,#6851,#6852,#6853,
#6854,#6855,#6856),.UNSPECIFIED.,.F.,.F.) B_SPLINE_CURVE_WITH_KNOTS((1,2
    ,2,2,2,1),(-2.094395102393,0.E+000,2.094395102393,4.188790204786,
6.28318530718,8.377580409573),.UNSPECIFIED.) CURVE() 
GEOMETRIC_REPRESENTATION_ITEM() RATIONAL_B_SPLINE_CURVE((1.,0.5,1.,0.5,
1.,0.5,1.)) REPRESENTATION_ITEM('') );
#6850 = CARTESIAN_POINT('',(-63.08879686,18.21997626));
#6851 = CARTESIAN_POINT('',(-63.65171444633,18.21997626));
#6852 = CARTESIAN_POINT('',(-63.37025565316,18.70747719));
#6853 = CARTESIAN_POINT('',(-63.08879686,19.19497812));
#6854 = CARTESIAN_POINT('',(-62.80733806683,18.70747719));
#6855 = CARTESIAN_POINT('',(-62.52587927366,18.21997626));
#6856 = CARTESIAN_POINT('',(-63.08879686,18.21997626));
#6857 = ( GEOMETRIC_REPRESENTATION_CONTEXT(2) 
PARAMETRIC_REPRESENTATION_CONTEXT() REPRESENTATION_CONTEXT('2D SPACE',''
  ) );
#6858 = ADVANCED_FACE('',(#6859),#6821,.T.);
#6859 = FACE_BOUND('',#6860,.T.);
#6860 = EDGE_LOOP('',(#6861,#6862,#6885,#6908));
#6861 = ORIENTED_EDGE('',*,*,#6805,.T.);
#6862 = ORIENTED_EDGE('',*,*,#6863,.T.);
#6863 = EDGE_CURVE('',#6778,#6864,#6866,.T.);
#6864 = VERTEX_POINT('',#6865);
#6865 = CARTESIAN_POINT('',(62.67120308,21.83159972,0.41148));
#6866 = SURFACE_CURVE('',#6867,(#6871,#6878),.PCURVE_S1.);
#6867 = LINE('',#6868,#6869);
#6868 = CARTESIAN_POINT('',(63.12119964,21.83159972,0.41148));
#6869 = VECTOR('',#6870,1.);
#6870 = DIRECTION('',(-1.,0.E+000,0.E+000));
#6871 = PCURVE('',#6821,#6872);
#6872 = DEFINITIONAL_REPRESENTATION('',(#6873),#6877);
#6873 = LINE('',#6874,#6875);
#6874 = CARTESIAN_POINT('',(0.E+000,-0.41148));
#6875 = VECTOR('',#6876,1.);
#6876 = DIRECTION('',(1.,0.E+000));
#6877 = ( GEOMETRIC_REPRESENTATION_CONTEXT(2) 
PARAMETRIC_REPRESENTATION_CONTEXT() REPRESENTATION_CONTEXT('2D SPACE',''
  ) );
#6878 = PCURVE('',#215,#6879);
#6879 = DEFINITIONAL_REPRESENTATION('',(#6880),#6884);
#6880 = LINE('',#6881,#6882);
#6881 = CARTESIAN_POINT('',(-63.08879686,18.8699775));
#6882 = VECTOR('',#6883,1.);
#6883 = DIRECTION('',(1.,0.E+000));
#6884 = ( GEOMETRIC_REPRESENTATION_CONTEXT(2) 
PARAMETRIC_REPRESENTATION_CONTEXT() REPRESENTATION_CONTEXT('2D SPACE',''
  ) );
#6885 = ORIENTED_EDGE('',*,*,#6886,.F.);
#6886 = EDGE_CURVE('',#6887,#6864,#6889,.T.);
#6887 = VERTEX_POINT('',#6888);
#6888 = CARTESIAN_POINT('',(62.67120308,21.83159972,0.E+000));
#6889 = SURFACE_CURVE('',#6890,(#6894,#6901),.PCURVE_S1.);
#6890 = LINE('',#6891,#6892);
#6891 = CARTESIAN_POINT('',(62.67120308,21.83159972,0.E+000));
#6892 = VECTOR('',#6893,1.);
#6893 = DIRECTION('',(0.E+000,0.E+000,1.));
#6894 = PCURVE('',#6821,#6895);
#6895 = DEFINITIONAL_REPRESENTATION('',(#6896),#6900);
#6896 = LINE('',#6897,#6898);
#6897 = CARTESIAN_POINT('',(0.44999656,0.E+000));
#6898 = VECTOR('',#6899,1.);
#6899 = DIRECTION('',(0.E+000,-1.));
#6900 = ( GEOMETRIC_REPRESENTATION_CONTEXT(2) 
PARAMETRIC_REPRESENTATION_CONTEXT() REPRESENTATION_CONTEXT('2D SPACE',''
  ) );
#6901 = PCURVE('',#6689,#6902);
#6902 = DEFINITIONAL_REPRESENTATION('',(#6903),#6907);
#6903 = LINE('',#6904,#6905);
#6904 = CARTESIAN_POINT('',(-0.E+000,0.E+000));
#6905 = VECTOR('',#6906,1.);
#6906 = DIRECTION('',(-0.E+000,-1.));
#6907 = ( GEOMETRIC_REPRESENTATION_CONTEXT(2) 
PARAMETRIC_REPRESENTATION_CONTEXT() REPRESENTATION_CONTEXT('2D SPACE',''
  ) );
#6908 = ORIENTED_EDGE('',*,*,#6909,.F.);
#6909 = EDGE_CURVE('',#6806,#6887,#6910,.T.);
#6910 = SURFACE_CURVE('',#6911,(#6915,#6922),.PCURVE_S1.);
#6911 = LINE('',#6912,#6913);
#6912 = CARTESIAN_POINT('',(63.12119964,21.83159972,0.E+000));
#6913 = VECTOR('',#6914,1.);
#6914 = DIRECTION('',(-1.,0.E+000,0.E+000));
#6915 = PCURVE('',#6821,#6916);
#6916 = DEFINITIONAL_REPRESENTATION('',(#6917),#6921);
#6917 = LINE('',#6918,#6919);
#6918 = CARTESIAN_POINT('',(0.E+000,-0.E+000));
#6919 = VECTOR('',#6920,1.);
#6920 = DIRECTION('',(1.,0.E+000));
#6921 = ( GEOMETRIC_REPRESENTATION_CONTEXT(2) 
PARAMETRIC_REPRESENTATION_CONTEXT() REPRESENTATION_CONTEXT('2D SPACE',''
  ) );
#6922 = PCURVE('',#269,#6923);
#6923 = DEFINITIONAL_REPRESENTATION('',(#6924),#6928);
#6924 = LINE('',#6925,#6926);
#6925 = CARTESIAN_POINT('',(-63.08879686,18.8699775));
#6926 = VECTOR('',#6927,1.);
#6927 = DIRECTION('',(1.,0.E+000));
#6928 = ( GEOMETRIC_REPRESENTATION_CONTEXT(2) 
PARAMETRIC_REPRESENTATION_CONTEXT() REPRESENTATION_CONTEXT('2D SPACE',''
  ) );
#6929 = ADVANCED_FACE('',(#6930),#6689,.F.);
#6930 = FACE_BOUND('',#6931,.T.);
#6931 = EDGE_LOOP('',(#6932,#6933,#6959,#6960));
#6932 = ORIENTED_EDGE('',*,*,#6886,.T.);
#6933 = ORIENTED_EDGE('',*,*,#6934,.T.);
#6934 = EDGE_CURVE('',#6864,#6669,#6935,.T.);
#6935 = SURFACE_CURVE('',#6936,(#6941,#6948),.PCURVE_S1.);
#6936 = CIRCLE('',#6937,0.32500062);
#6937 = AXIS2_PLACEMENT_3D('',#6938,#6939,#6940);
#6938 = CARTESIAN_POINT('',(62.67120308,21.5065991,0.41148));
#6939 = DIRECTION('',(0.E+000,0.E+000,1.));
#6940 = DIRECTION('',(4.372562340097E-014,1.,-0.E+000));
#6941 = PCURVE('',#6689,#6942);
#6942 = DEFINITIONAL_REPRESENTATION('',(#6943),#6947);
#6943 = LINE('',#6944,#6945);
#6944 = CARTESIAN_POINT('',(-0.E+000,-0.41148));
#6945 = VECTOR('',#6946,1.);
#6946 = DIRECTION('',(-1.,0.E+000));
#6947 = ( GEOMETRIC_REPRESENTATION_CONTEXT(2) 
PARAMETRIC_REPRESENTATION_CONTEXT() REPRESENTATION_CONTEXT('2D SPACE',''
  ) );
#6948 = PCURVE('',#215,#6949);
#6949 = DEFINITIONAL_REPRESENTATION('',(#6950),#6958);
#6950 = ( BOUNDED_CURVE() B_SPLINE_CURVE(2,(#6951,#6952,#6953,#6954,
#6955,#6956,#6957),.UNSPECIFIED.,.T.,.F.) B_SPLINE_CURVE_WITH_KNOTS((1,2
    ,2,2,2,1),(-2.094395102393,0.E+000,2.094395102393,4.188790204786,
6.28318530718,8.377580409573),.UNSPECIFIED.) CURVE() 
GEOMETRIC_REPRESENTATION_ITEM() RATIONAL_B_SPLINE_CURVE((1.,0.5,1.,0.5,
1.,0.5,1.)) REPRESENTATION_ITEM('') );
#6951 = CARTESIAN_POINT('',(-62.6388003,18.8699775));
#6952 = CARTESIAN_POINT('',(-62.07588271366,18.8699775));
#6953 = CARTESIAN_POINT('',(-62.35734150683,18.38247657));
#6954 = CARTESIAN_POINT('',(-62.6388003,17.89497564));
#6955 = CARTESIAN_POINT('',(-62.92025909316,18.38247657));
#6956 = CARTESIAN_POINT('',(-63.20171788633,18.8699775));
#6957 = CARTESIAN_POINT('',(-62.6388003,18.8699775));
#6958 = ( GEOMETRIC_REPRESENTATION_CONTEXT(2) 
PARAMETRIC_REPRESENTATION_CONTEXT() REPRESENTATION_CONTEXT('2D SPACE',''
  ) );
#6959 = ORIENTED_EDGE('',*,*,#6666,.F.);
#6960 = ORIENTED_EDGE('',*,*,#6961,.F.);
#6961 = EDGE_CURVE('',#6887,#6667,#6962,.T.);
#6962 = SURFACE_CURVE('',#6963,(#6968,#6975),.PCURVE_S1.);
#6963 = CIRCLE('',#6964,0.32500062);
#6964 = AXIS2_PLACEMENT_3D('',#6965,#6966,#6967);
#6965 = CARTESIAN_POINT('',(62.67120308,21.5065991,0.E+000));
#6966 = DIRECTION('',(0.E+000,0.E+000,1.));
#6967 = DIRECTION('',(4.372562340097E-014,1.,-0.E+000));
#6968 = PCURVE('',#6689,#6969);
#6969 = DEFINITIONAL_REPRESENTATION('',(#6970),#6974);
#6970 = LINE('',#6971,#6972);
#6971 = CARTESIAN_POINT('',(-0.E+000,0.E+000));
#6972 = VECTOR('',#6973,1.);
#6973 = DIRECTION('',(-1.,0.E+000));
#6974 = ( GEOMETRIC_REPRESENTATION_CONTEXT(2) 
PARAMETRIC_REPRESENTATION_CONTEXT() REPRESENTATION_CONTEXT('2D SPACE',''
  ) );
#6975 = PCURVE('',#269,#6976);
#6976 = DEFINITIONAL_REPRESENTATION('',(#6977),#6985);
#6977 = ( BOUNDED_CURVE() B_SPLINE_CURVE(2,(#6978,#6979,#6980,#6981,
#6982,#6983,#6984),.UNSPECIFIED.,.T.,.F.) B_SPLINE_CURVE_WITH_KNOTS((1,2
    ,2,2,2,1),(-2.094395102393,0.E+000,2.094395102393,4.188790204786,
6.28318530718,8.377580409573),.UNSPECIFIED.) CURVE() 
GEOMETRIC_REPRESENTATION_ITEM() RATIONAL_B_SPLINE_CURVE((1.,0.5,1.,0.5,
1.,0.5,1.)) REPRESENTATION_ITEM('') );
#6978 = CARTESIAN_POINT('',(-62.6388003,18.8699775));
#6979 = CARTESIAN_POINT('',(-62.07588271366,18.8699775));
#6980 = CARTESIAN_POINT('',(-62.35734150683,18.38247657));
#6981 = CARTESIAN_POINT('',(-62.6388003,17.89497564));
#6982 = CARTESIAN_POINT('',(-62.92025909316,18.38247657));
#6983 = CARTESIAN_POINT('',(-63.20171788633,18.8699775));
#6984 = CARTESIAN_POINT('',(-62.6388003,18.8699775));
#6985 = ( GEOMETRIC_REPRESENTATION_CONTEXT(2) 
PARAMETRIC_REPRESENTATION_CONTEXT() REPRESENTATION_CONTEXT('2D SPACE',''
  ) );
#6986 = ADVANCED_FACE('',(#6987,#7033,#7036,#7042,#7045,#7048,#7051,
    #7057,#7063,#7069,#7072,#7078,#7081,#7084,#7087,#7090,#7096,#7099,
    #7102,#7105,#7108,#7111),#269,.T.);
#6987 = FACE_BOUND('',#6988,.F.);
#6988 = EDGE_LOOP('',(#6989,#6990,#6991,#6992,#6993,#6994,#6995,#6996,
    #6997,#6998,#6999,#7000,#7001,#7002,#7003,#7004,#7005,#7006,#7007,
    #7008,#7009,#7010,#7011,#7012,#7013,#7014,#7015,#7016,#7017,#7018,
    #7019,#7020,#7021,#7022,#7023,#7024,#7025,#7026,#7027,#7028,#7029,
    #7030,#7031,#7032));
#6989 = ORIENTED_EDGE('',*,*,#255,.T.);
#6990 = ORIENTED_EDGE('',*,*,#336,.T.);
#6991 = ORIENTED_EDGE('',*,*,#412,.T.);
#6992 = ORIENTED_EDGE('',*,*,#488,.T.);
#6993 = ORIENTED_EDGE('',*,*,#564,.T.);
#6994 = ORIENTED_EDGE('',*,*,#640,.T.);
#6995 = ORIENTED_EDGE('',*,*,#716,.T.);
#6996 = ORIENTED_EDGE('',*,*,#792,.T.);
#6997 = ORIENTED_EDGE('',*,*,#868,.T.);
#6998 = ORIENTED_EDGE('',*,*,#944,.T.);
#6999 = ORIENTED_EDGE('',*,*,#1020,.T.);
#7000 = ORIENTED_EDGE('',*,*,#1096,.T.);
#7001 = ORIENTED_EDGE('',*,*,#1172,.T.);
#7002 = ORIENTED_EDGE('',*,*,#1248,.T.);
#7003 = ORIENTED_EDGE('',*,*,#1324,.T.);
#7004 = ORIENTED_EDGE('',*,*,#1400,.T.);
#7005 = ORIENTED_EDGE('',*,*,#1476,.T.);
#7006 = ORIENTED_EDGE('',*,*,#1552,.T.);
#7007 = ORIENTED_EDGE('',*,*,#1628,.T.);
#7008 = ORIENTED_EDGE('',*,*,#1704,.T.);
#7009 = ORIENTED_EDGE('',*,*,#1780,.T.);
#7010 = ORIENTED_EDGE('',*,*,#1856,.T.);
#7011 = ORIENTED_EDGE('',*,*,#1932,.T.);
#7012 = ORIENTED_EDGE('',*,*,#2008,.T.);
#7013 = ORIENTED_EDGE('',*,*,#2084,.T.);
#7014 = ORIENTED_EDGE('',*,*,#2160,.T.);
#7015 = ORIENTED_EDGE('',*,*,#2236,.T.);
#7016 = ORIENTED_EDGE('',*,*,#2312,.T.);
#7017 = ORIENTED_EDGE('',*,*,#2388,.T.);
#7018 = ORIENTED_EDGE('',*,*,#2464,.T.);
#7019 = ORIENTED_EDGE('',*,*,#2540,.T.);
#7020 = ORIENTED_EDGE('',*,*,#2616,.T.);
#7021 = ORIENTED_EDGE('',*,*,#2692,.T.);
#7022 = ORIENTED_EDGE('',*,*,#2768,.T.);
#7023 = ORIENTED_EDGE('',*,*,#2844,.T.);
#7024 = ORIENTED_EDGE('',*,*,#2920,.T.);
#7025 = ORIENTED_EDGE('',*,*,#2996,.T.);
#7026 = ORIENTED_EDGE('',*,*,#3072,.T.);
#7027 = ORIENTED_EDGE('',*,*,#3148,.T.);
#7028 = ORIENTED_EDGE('',*,*,#3224,.T.);
#7029 = ORIENTED_EDGE('',*,*,#3300,.T.);
#7030 = ORIENTED_EDGE('',*,*,#3376,.T.);
#7031 = ORIENTED_EDGE('',*,*,#3447,.T.);
#7032 = ORIENTED_EDGE('',*,*,#3494,.T.);
#7033 = FACE_BOUND('',#7034,.T.);
#7034 = EDGE_LOOP('',(#7035));
#7035 = ORIENTED_EDGE('',*,*,#3575,.T.);
#7036 = FACE_BOUND('',#7037,.T.);
#7037 = EDGE_LOOP('',(#7038,#7039,#7040,#7041));
#7038 = ORIENTED_EDGE('',*,*,#3690,.T.);
#7039 = ORIENTED_EDGE('',*,*,#3771,.T.);
#7040 = ORIENTED_EDGE('',*,*,#3847,.T.);
#7041 = ORIENTED_EDGE('',*,*,#3899,.T.);
#7042 = FACE_BOUND('',#7043,.T.);
#7043 = EDGE_LOOP('',(#7044));
#7044 = ORIENTED_EDGE('',*,*,#3985,.T.);
#7045 = FACE_BOUND('',#7046,.T.);
#7046 = EDGE_LOOP('',(#7047));
#7047 = ORIENTED_EDGE('',*,*,#4071,.T.);
#7048 = FACE_BOUND('',#7049,.T.);
#7049 = EDGE_LOOP('',(#7050));
#7050 = ORIENTED_EDGE('',*,*,#4157,.T.);
#7051 = FACE_BOUND('',#7052,.T.);
#7052 = EDGE_LOOP('',(#7053,#7054,#7055,#7056));
#7053 = ORIENTED_EDGE('',*,*,#4272,.T.);
#7054 = ORIENTED_EDGE('',*,*,#4353,.T.);
#7055 = ORIENTED_EDGE('',*,*,#4429,.T.);
#7056 = ORIENTED_EDGE('',*,*,#4481,.T.);
#7057 = FACE_BOUND('',#7058,.T.);
#7058 = EDGE_LOOP('',(#7059,#7060,#7061,#7062));
#7059 = ORIENTED_EDGE('',*,*,#4596,.T.);
#7060 = ORIENTED_EDGE('',*,*,#4677,.T.);
#7061 = ORIENTED_EDGE('',*,*,#4753,.T.);
#7062 = ORIENTED_EDGE('',*,*,#4805,.T.);
#7063 = FACE_BOUND('',#7064,.T.);
#7064 = EDGE_LOOP('',(#7065,#7066,#7067,#7068));
#7065 = ORIENTED_EDGE('',*,*,#4920,.T.);
#7066 = ORIENTED_EDGE('',*,*,#5001,.T.);
#7067 = ORIENTED_EDGE('',*,*,#5077,.T.);
#7068 = ORIENTED_EDGE('',*,*,#5129,.T.);
#7069 = FACE_BOUND('',#7070,.T.);
#7070 = EDGE_LOOP('',(#7071));
#7071 = ORIENTED_EDGE('',*,*,#5215,.T.);
#7072 = FACE_BOUND('',#7073,.T.);
#7073 = EDGE_LOOP('',(#7074,#7075,#7076,#7077));
#7074 = ORIENTED_EDGE('',*,*,#5330,.T.);
#7075 = ORIENTED_EDGE('',*,*,#5411,.T.);
#7076 = ORIENTED_EDGE('',*,*,#5487,.T.);
#7077 = ORIENTED_EDGE('',*,*,#5539,.T.);
#7078 = FACE_BOUND('',#7079,.T.);
#7079 = EDGE_LOOP('',(#7080));
#7080 = ORIENTED_EDGE('',*,*,#5625,.T.);
#7081 = FACE_BOUND('',#7082,.T.);
#7082 = EDGE_LOOP('',(#7083));
#7083 = ORIENTED_EDGE('',*,*,#5711,.T.);
#7084 = FACE_BOUND('',#7085,.T.);
#7085 = EDGE_LOOP('',(#7086));
#7086 = ORIENTED_EDGE('',*,*,#5797,.T.);
#7087 = FACE_BOUND('',#7088,.T.);
#7088 = EDGE_LOOP('',(#7089));
#7089 = ORIENTED_EDGE('',*,*,#5883,.T.);
#7090 = FACE_BOUND('',#7091,.T.);
#7091 = EDGE_LOOP('',(#7092,#7093,#7094,#7095));
#7092 = ORIENTED_EDGE('',*,*,#5998,.T.);
#7093 = ORIENTED_EDGE('',*,*,#6079,.T.);
#7094 = ORIENTED_EDGE('',*,*,#6155,.T.);
#7095 = ORIENTED_EDGE('',*,*,#6207,.T.);
#7096 = FACE_BOUND('',#7097,.T.);
#7097 = EDGE_LOOP('',(#7098));
#7098 = ORIENTED_EDGE('',*,*,#6293,.T.);
#7099 = FACE_BOUND('',#7100,.T.);
#7100 = EDGE_LOOP('',(#7101));
#7101 = ORIENTED_EDGE('',*,*,#6379,.T.);
#7102 = FACE_BOUND('',#7103,.T.);
#7103 = EDGE_LOOP('',(#7104));
#7104 = ORIENTED_EDGE('',*,*,#6465,.T.);
#7105 = FACE_BOUND('',#7106,.T.);
#7106 = EDGE_LOOP('',(#7107));
#7107 = ORIENTED_EDGE('',*,*,#6551,.T.);
#7108 = FACE_BOUND('',#7109,.T.);
#7109 = EDGE_LOOP('',(#7110));
#7110 = ORIENTED_EDGE('',*,*,#6637,.T.);
#7111 = FACE_BOUND('',#7112,.T.);
#7112 = EDGE_LOOP('',(#7113,#7114,#7115,#7116));
#7113 = ORIENTED_EDGE('',*,*,#6752,.T.);
#7114 = ORIENTED_EDGE('',*,*,#6833,.T.);
#7115 = ORIENTED_EDGE('',*,*,#6909,.T.);
#7116 = ORIENTED_EDGE('',*,*,#6961,.T.);
#7117 = ADVANCED_FACE('',(#7118,#7164,#7167,#7173,#7176,#7179,#7182,
    #7188,#7194,#7200,#7203,#7209,#7212,#7215,#7218,#7221,#7227,#7230,
    #7233,#7236,#7239,#7242),#215,.F.);
#7118 = FACE_BOUND('',#7119,.T.);
#7119 = EDGE_LOOP('',(#7120,#7121,#7122,#7123,#7124,#7125,#7126,#7127,
    #7128,#7129,#7130,#7131,#7132,#7133,#7134,#7135,#7136,#7137,#7138,
    #7139,#7140,#7141,#7142,#7143,#7144,#7145,#7146,#7147,#7148,#7149,
    #7150,#7151,#7152,#7153,#7154,#7155,#7156,#7157,#7158,#7159,#7160,
    #7161,#7162,#7163));
#7120 = ORIENTED_EDGE('',*,*,#199,.T.);
#7121 = ORIENTED_EDGE('',*,*,#285,.T.);
#7122 = ORIENTED_EDGE('',*,*,#361,.T.);
#7123 = ORIENTED_EDGE('',*,*,#437,.T.);
#7124 = ORIENTED_EDGE('',*,*,#513,.T.);
#7125 = ORIENTED_EDGE('',*,*,#589,.T.);
#7126 = ORIENTED_EDGE('',*,*,#665,.T.);
#7127 = ORIENTED_EDGE('',*,*,#741,.T.);
#7128 = ORIENTED_EDGE('',*,*,#817,.T.);
#7129 = ORIENTED_EDGE('',*,*,#893,.T.);
#7130 = ORIENTED_EDGE('',*,*,#969,.T.);
#7131 = ORIENTED_EDGE('',*,*,#1045,.T.);
#7132 = ORIENTED_EDGE('',*,*,#1121,.T.);
#7133 = ORIENTED_EDGE('',*,*,#1197,.T.);
#7134 = ORIENTED_EDGE('',*,*,#1273,.T.);
#7135 = ORIENTED_EDGE('',*,*,#1349,.T.);
#7136 = ORIENTED_EDGE('',*,*,#1425,.T.);
#7137 = ORIENTED_EDGE('',*,*,#1501,.T.);
#7138 = ORIENTED_EDGE('',*,*,#1577,.T.);
#7139 = ORIENTED_EDGE('',*,*,#1653,.T.);
#7140 = ORIENTED_EDGE('',*,*,#1729,.T.);
#7141 = ORIENTED_EDGE('',*,*,#1805,.T.);
#7142 = ORIENTED_EDGE('',*,*,#1881,.T.);
#7143 = ORIENTED_EDGE('',*,*,#1957,.T.);
#7144 = ORIENTED_EDGE('',*,*,#2033,.T.);
#7145 = ORIENTED_EDGE('',*,*,#2109,.T.);
#7146 = ORIENTED_EDGE('',*,*,#2185,.T.);
#7147 = ORIENTED_EDGE('',*,*,#2261,.T.);
#7148 = ORIENTED_EDGE('',*,*,#2337,.T.);
#7149 = ORIENTED_EDGE('',*,*,#2413,.T.);
#7150 = ORIENTED_EDGE('',*,*,#2489,.T.);
#7151 = ORIENTED_EDGE('',*,*,#2565,.T.);
#7152 = ORIENTED_EDGE('',*,*,#2641,.T.);
#7153 = ORIENTED_EDGE('',*,*,#2717,.T.);
#7154 = ORIENTED_EDGE('',*,*,#2793,.T.);
#7155 = ORIENTED_EDGE('',*,*,#2869,.T.);
#7156 = ORIENTED_EDGE('',*,*,#2945,.T.);
#7157 = ORIENTED_EDGE('',*,*,#3021,.T.);
#7158 = ORIENTED_EDGE('',*,*,#3097,.T.);
#7159 = ORIENTED_EDGE('',*,*,#3173,.T.);
#7160 = ORIENTED_EDGE('',*,*,#3249,.T.);
#7161 = ORIENTED_EDGE('',*,*,#3325,.T.);
#7162 = ORIENTED_EDGE('',*,*,#3401,.T.);
#7163 = ORIENTED_EDGE('',*,*,#3472,.T.);
#7164 = FACE_BOUND('',#7165,.F.);
#7165 = EDGE_LOOP('',(#7166));
#7166 = ORIENTED_EDGE('',*,*,#3548,.T.);
#7167 = FACE_BOUND('',#7168,.F.);
#7168 = EDGE_LOOP('',(#7169,#7170,#7171,#7172));
#7169 = ORIENTED_EDGE('',*,*,#3639,.T.);
#7170 = ORIENTED_EDGE('',*,*,#3715,.T.);
#7171 = ORIENTED_EDGE('',*,*,#3801,.T.);
#7172 = ORIENTED_EDGE('',*,*,#3872,.T.);
#7173 = FACE_BOUND('',#7174,.F.);
#7174 = EDGE_LOOP('',(#7175));
#7175 = ORIENTED_EDGE('',*,*,#3958,.T.);
#7176 = FACE_BOUND('',#7177,.F.);
#7177 = EDGE_LOOP('',(#7178));
#7178 = ORIENTED_EDGE('',*,*,#4044,.T.);
#7179 = FACE_BOUND('',#7180,.F.);
#7180 = EDGE_LOOP('',(#7181));
#7181 = ORIENTED_EDGE('',*,*,#4130,.T.);
#7182 = FACE_BOUND('',#7183,.F.);
#7183 = EDGE_LOOP('',(#7184,#7185,#7186,#7187));
#7184 = ORIENTED_EDGE('',*,*,#4221,.T.);
#7185 = ORIENTED_EDGE('',*,*,#4297,.T.);
#7186 = ORIENTED_EDGE('',*,*,#4383,.T.);
#7187 = ORIENTED_EDGE('',*,*,#4454,.T.);
#7188 = FACE_BOUND('',#7189,.F.);
#7189 = EDGE_LOOP('',(#7190,#7191,#7192,#7193));
#7190 = ORIENTED_EDGE('',*,*,#4545,.T.);
#7191 = ORIENTED_EDGE('',*,*,#4621,.T.);
#7192 = ORIENTED_EDGE('',*,*,#4707,.T.);
#7193 = ORIENTED_EDGE('',*,*,#4778,.T.);
#7194 = FACE_BOUND('',#7195,.F.);
#7195 = EDGE_LOOP('',(#7196,#7197,#7198,#7199));
#7196 = ORIENTED_EDGE('',*,*,#4869,.T.);
#7197 = ORIENTED_EDGE('',*,*,#4945,.T.);
#7198 = ORIENTED_EDGE('',*,*,#5031,.T.);
#7199 = ORIENTED_EDGE('',*,*,#5102,.T.);
#7200 = FACE_BOUND('',#7201,.F.);
#7201 = EDGE_LOOP('',(#7202));
#7202 = ORIENTED_EDGE('',*,*,#5188,.T.);
#7203 = FACE_BOUND('',#7204,.F.);
#7204 = EDGE_LOOP('',(#7205,#7206,#7207,#7208));
#7205 = ORIENTED_EDGE('',*,*,#5279,.T.);
#7206 = ORIENTED_EDGE('',*,*,#5355,.T.);
#7207 = ORIENTED_EDGE('',*,*,#5441,.T.);
#7208 = ORIENTED_EDGE('',*,*,#5512,.T.);
#7209 = FACE_BOUND('',#7210,.F.);
#7210 = EDGE_LOOP('',(#7211));
#7211 = ORIENTED_EDGE('',*,*,#5598,.T.);
#7212 = FACE_BOUND('',#7213,.F.);
#7213 = EDGE_LOOP('',(#7214));
#7214 = ORIENTED_EDGE('',*,*,#5684,.T.);
#7215 = FACE_BOUND('',#7216,.F.);
#7216 = EDGE_LOOP('',(#7217));
#7217 = ORIENTED_EDGE('',*,*,#5770,.T.);
#7218 = FACE_BOUND('',#7219,.F.);
#7219 = EDGE_LOOP('',(#7220));
#7220 = ORIENTED_EDGE('',*,*,#5856,.T.);
#7221 = FACE_BOUND('',#7222,.F.);
#7222 = EDGE_LOOP('',(#7223,#7224,#7225,#7226));
#7223 = ORIENTED_EDGE('',*,*,#5947,.T.);
#7224 = ORIENTED_EDGE('',*,*,#6023,.T.);
#7225 = ORIENTED_EDGE('',*,*,#6109,.T.);
#7226 = ORIENTED_EDGE('',*,*,#6180,.T.);
#7227 = FACE_BOUND('',#7228,.F.);
#7228 = EDGE_LOOP('',(#7229));
#7229 = ORIENTED_EDGE('',*,*,#6266,.T.);
#7230 = FACE_BOUND('',#7231,.F.);
#7231 = EDGE_LOOP('',(#7232));
#7232 = ORIENTED_EDGE('',*,*,#6352,.T.);
#7233 = FACE_BOUND('',#7234,.F.);
#7234 = EDGE_LOOP('',(#7235));
#7235 = ORIENTED_EDGE('',*,*,#6438,.T.);
#7236 = FACE_BOUND('',#7237,.F.);
#7237 = EDGE_LOOP('',(#7238));
#7238 = ORIENTED_EDGE('',*,*,#6524,.T.);
#7239 = FACE_BOUND('',#7240,.F.);
#7240 = EDGE_LOOP('',(#7241));
#7241 = ORIENTED_EDGE('',*,*,#6610,.T.);
#7242 = FACE_BOUND('',#7243,.F.);
#7243 = EDGE_LOOP('',(#7244,#7245,#7246,#7247));
#7244 = ORIENTED_EDGE('',*,*,#6701,.T.);
#7245 = ORIENTED_EDGE('',*,*,#6777,.T.);
#7246 = ORIENTED_EDGE('',*,*,#6863,.T.);
#7247 = ORIENTED_EDGE('',*,*,#6934,.T.);
#7248 = ( GEOMETRIC_REPRESENTATION_CONTEXT(3) 
GLOBAL_UNCERTAINTY_ASSIGNED_CONTEXT((#7252)) 
GLOBAL_UNIT_ASSIGNED_CONTEXT((#7249,#7250,#7251)) REPRESENTATION_CONTEXT
('Context #1','3D Context with UNIT and UNCERTAINTY') );
#7249 = ( LENGTH_UNIT() NAMED_UNIT(*) SI_UNIT(.MILLI.,.METRE.) );
#7250 = ( NAMED_UNIT(*) PLANE_ANGLE_UNIT() SI_UNIT($,.RADIAN.) );
#7251 = ( NAMED_UNIT(*) SI_UNIT($,.STERADIAN.) SOLID_ANGLE_UNIT() );
#7252 = UNCERTAINTY_MEASURE_WITH_UNIT(LENGTH_MEASURE(1.E-007),#7249,
  'distance_accuracy_value','confusion accuracy');
#7253 = SHAPE_DEFINITION_REPRESENTATION(#7254,#157);
#7254 = PRODUCT_DEFINITION_SHAPE('','',#7255);
#7255 = PRODUCT_DEFINITION('design','',#7256,#7259);
#7256 = PRODUCT_DEFINITION_FORMATION('','',#7257);
#7257 = PRODUCT('Board','Board','',(#7258));
#7258 = PRODUCT_CONTEXT('',#2,'mechanical');
#7259 = PRODUCT_DEFINITION_CONTEXT('part definition',#2,'design');
#7260 = CONTEXT_DEPENDENT_SHAPE_REPRESENTATION(#7261,#7263);
#7261 = ( REPRESENTATION_RELATIONSHIP('','',#157,#10) 
REPRESENTATION_RELATIONSHIP_WITH_TRANSFORMATION(#7262) 
SHAPE_REPRESENTATION_RELATIONSHIP() );
#7262 = ITEM_DEFINED_TRANSFORMATION('','',#11,#15);
#7263 = PRODUCT_DEFINITION_SHAPE('Placement','Placement of an item',
  #7264);
#7264 = NEXT_ASSEMBLY_USAGE_OCCURRENCE('1','=>[0:1:1:2]','',#5,#7255,$);
#7265 = PRODUCT_RELATED_PRODUCT_CATEGORY('part',$,(#7257));
#7266 = SHAPE_DEFINITION_REPRESENTATION(#7267,#7273);
#7267 = PRODUCT_DEFINITION_SHAPE('','',#7268);
#7268 = PRODUCT_DEFINITION('design','',#7269,#7272);
#7269 = PRODUCT_DEFINITION_FORMATION('','',#7270);
#7270 = PRODUCT('C4','C4','',(#7271));
#7271 = PRODUCT_CONTEXT('',#2,'mechanical');
#7272 = PRODUCT_DEFINITION_CONTEXT('part definition',#2,'design');
#7273 = SHAPE_REPRESENTATION('',(#11,#7274,#7278,#7282),#7286);
#7274 = AXIS2_PLACEMENT_3D('',#7275,#7276,#7277);
#7275 = CARTESIAN_POINT('',(48.209215953516,3.327402089897,
    2.500120922923E-002));
#7276 = DIRECTION('',(0.E+000,0.E+000,1.));
#7277 = DIRECTION('',(1.,0.E+000,0.E+000));
#7278 = AXIS2_PLACEMENT_3D('',#7279,#7280,#7281);
#7279 = CARTESIAN_POINT('',(48.219294383691,4.8225154627,
    1.000759541057E-003));
#7280 = DIRECTION('',(0.E+000,0.E+000,1.));
#7281 = DIRECTION('',(1.,0.E+000,0.E+000));
#7282 = AXIS2_PLACEMENT_3D('',#7283,#7284,#7285);
#7283 = CARTESIAN_POINT('',(48.219294383691,1.802291845146,
    1.000759541057E-003));
#7284 = DIRECTION('',(0.E+000,0.E+000,1.));
#7285 = DIRECTION('',(1.,0.E+000,0.E+000));
#7286 = ( GEOMETRIC_REPRESENTATION_CONTEXT(3) 
GLOBAL_UNCERTAINTY_ASSIGNED_CONTEXT((#7290)) 
GLOBAL_UNIT_ASSIGNED_CONTEXT((#7287,#7288,#7289)) REPRESENTATION_CONTEXT
('Context #1','3D Context with UNIT and UNCERTAINTY') );
#7287 = ( LENGTH_UNIT() NAMED_UNIT(*) SI_UNIT(.MILLI.,.METRE.) );
#7288 = ( NAMED_UNIT(*) PLANE_ANGLE_UNIT() SI_UNIT($,.RADIAN.) );
#7289 = ( NAMED_UNIT(*) SI_UNIT($,.STERADIAN.) SOLID_ANGLE_UNIT() );
#7290 = UNCERTAINTY_MEASURE_WITH_UNIT(LENGTH_MEASURE(1.E-007),#7287,
  'distance_accuracy_value','confusion accuracy');
#7291 = SHAPE_DEFINITION_REPRESENTATION(#7292,#7298);
#7292 = PRODUCT_DEFINITION_SHAPE('','',#7293);
#7293 = PRODUCT_DEFINITION('design','',#7294,#7297);
#7294 = PRODUCT_DEFINITION_FORMATION('','',#7295);
#7295 = PRODUCT('868861456','868861456','',(#7296));
#7296 = PRODUCT_CONTEXT('',#2,'mechanical');
#7297 = PRODUCT_DEFINITION_CONTEXT('part definition',#2,'design');
#7298 = SHAPE_REPRESENTATION('',(#11,#7299),#7303);
#7299 = AXIS2_PLACEMENT_3D('',#7300,#7301,#7302);
#7300 = CARTESIAN_POINT('',(0.E+000,0.E+000,0.E+000));
#7301 = DIRECTION('',(0.E+000,0.E+000,1.));
#7302 = DIRECTION('',(1.,0.E+000,0.E+000));
#7303 = ( GEOMETRIC_REPRESENTATION_CONTEXT(3) 
GLOBAL_UNCERTAINTY_ASSIGNED_CONTEXT((#7307)) 
GLOBAL_UNIT_ASSIGNED_CONTEXT((#7304,#7305,#7306)) REPRESENTATION_CONTEXT
('Context #1','3D Context with UNIT and UNCERTAINTY') );
#7304 = ( LENGTH_UNIT() NAMED_UNIT(*) SI_UNIT(.MILLI.,.METRE.) );
#7305 = ( NAMED_UNIT(*) PLANE_ANGLE_UNIT() SI_UNIT($,.RADIAN.) );
#7306 = ( NAMED_UNIT(*) SI_UNIT($,.STERADIAN.) SOLID_ANGLE_UNIT() );
#7307 = UNCERTAINTY_MEASURE_WITH_UNIT(LENGTH_MEASURE(1.E-007),#7304,
  'distance_accuracy_value','confusion accuracy');
#7308 = ADVANCED_BREP_SHAPE_REPRESENTATION('',(#11,#7309),#7639);
#7309 = MANIFOLD_SOLID_BREP('',#7310);
#7310 = CLOSED_SHELL('',(#7311,#7431,#7507,#7578,#7625,#7632));
#7311 = ADVANCED_FACE('',(#7312),#7326,.T.);
#7312 = FACE_BOUND('',#7313,.T.);
#7313 = EDGE_LOOP('',(#7314,#7349,#7377,#7405));
#7314 = ORIENTED_EDGE('',*,*,#7315,.T.);
#7315 = EDGE_CURVE('',#7316,#7318,#7320,.T.);
#7316 = VERTEX_POINT('',#7317);
#7317 = CARTESIAN_POINT('',(-0.70000114,-1.634998,0.E+000));
#7318 = VERTEX_POINT('',#7319);
#7319 = CARTESIAN_POINT('',(-0.70000114,-1.634998,0.42499788));
#7320 = SURFACE_CURVE('',#7321,(#7325,#7337),.PCURVE_S1.);
#7321 = LINE('',#7322,#7323);
#7322 = CARTESIAN_POINT('',(-0.70000114,-1.634998,0.E+000));
#7323 = VECTOR('',#7324,1.);
#7324 = DIRECTION('',(0.E+000,0.E+000,1.));
#7325 = PCURVE('',#7326,#7331);
#7326 = PLANE('',#7327);
#7327 = AXIS2_PLACEMENT_3D('',#7328,#7329,#7330);
#7328 = CARTESIAN_POINT('',(-0.70000114,-1.634998,0.E+000));
#7329 = DIRECTION('',(-1.,0.E+000,0.E+000));
#7330 = DIRECTION('',(0.E+000,1.,0.E+000));
#7331 = DEFINITIONAL_REPRESENTATION('',(#7332),#7336);
#7332 = LINE('',#7333,#7334);
#7333 = CARTESIAN_POINT('',(0.E+000,0.E+000));
#7334 = VECTOR('',#7335,1.);
#7335 = DIRECTION('',(0.E+000,-1.));
#7336 = ( GEOMETRIC_REPRESENTATION_CONTEXT(2) 
PARAMETRIC_REPRESENTATION_CONTEXT() REPRESENTATION_CONTEXT('2D SPACE',''
  ) );
#7337 = PCURVE('',#7338,#7343);
#7338 = PLANE('',#7339);
#7339 = AXIS2_PLACEMENT_3D('',#7340,#7341,#7342);
#7340 = CARTESIAN_POINT('',(0.70000114,-1.634998,0.E+000));
#7341 = DIRECTION('',(0.E+000,-1.,0.E+000));
#7342 = DIRECTION('',(-1.,0.E+000,0.E+000));
#7343 = DEFINITIONAL_REPRESENTATION('',(#7344),#7348);
#7344 = LINE('',#7345,#7346);
#7345 = CARTESIAN_POINT('',(1.40000228,0.E+000));
#7346 = VECTOR('',#7347,1.);
#7347 = DIRECTION('',(0.E+000,-1.));
#7348 = ( GEOMETRIC_REPRESENTATION_CONTEXT(2) 
PARAMETRIC_REPRESENTATION_CONTEXT() REPRESENTATION_CONTEXT('2D SPACE',''
  ) );
#7349 = ORIENTED_EDGE('',*,*,#7350,.T.);
#7350 = EDGE_CURVE('',#7318,#7351,#7353,.T.);
#7351 = VERTEX_POINT('',#7352);
#7352 = CARTESIAN_POINT('',(-0.70000114,1.63500054,0.42499788));
#7353 = SURFACE_CURVE('',#7354,(#7358,#7365),.PCURVE_S1.);
#7354 = LINE('',#7355,#7356);
#7355 = CARTESIAN_POINT('',(-0.70000114,-1.634998,0.42499788));
#7356 = VECTOR('',#7357,1.);
#7357 = DIRECTION('',(0.E+000,1.,0.E+000));
#7358 = PCURVE('',#7326,#7359);
#7359 = DEFINITIONAL_REPRESENTATION('',(#7360),#7364);
#7360 = LINE('',#7361,#7362);
#7361 = CARTESIAN_POINT('',(0.E+000,-0.42499788));
#7362 = VECTOR('',#7363,1.);
#7363 = DIRECTION('',(1.,0.E+000));
#7364 = ( GEOMETRIC_REPRESENTATION_CONTEXT(2) 
PARAMETRIC_REPRESENTATION_CONTEXT() REPRESENTATION_CONTEXT('2D SPACE',''
  ) );
#7365 = PCURVE('',#7366,#7371);
#7366 = PLANE('',#7367);
#7367 = AXIS2_PLACEMENT_3D('',#7368,#7369,#7370);
#7368 = CARTESIAN_POINT('',(-0.70000114,-1.634998,0.42499788));
#7369 = DIRECTION('',(0.E+000,0.E+000,1.));
#7370 = DIRECTION('',(1.,0.E+000,-0.E+000));
#7371 = DEFINITIONAL_REPRESENTATION('',(#7372),#7376);
#7372 = LINE('',#7373,#7374);
#7373 = CARTESIAN_POINT('',(0.E+000,0.E+000));
#7374 = VECTOR('',#7375,1.);
#7375 = DIRECTION('',(0.E+000,1.));
#7376 = ( GEOMETRIC_REPRESENTATION_CONTEXT(2) 
PARAMETRIC_REPRESENTATION_CONTEXT() REPRESENTATION_CONTEXT('2D SPACE',''
  ) );
#7377 = ORIENTED_EDGE('',*,*,#7378,.F.);
#7378 = EDGE_CURVE('',#7379,#7351,#7381,.T.);
#7379 = VERTEX_POINT('',#7380);
#7380 = CARTESIAN_POINT('',(-0.70000114,1.63500054,0.E+000));
#7381 = SURFACE_CURVE('',#7382,(#7386,#7393),.PCURVE_S1.);
#7382 = LINE('',#7383,#7384);
#7383 = CARTESIAN_POINT('',(-0.70000114,1.63500054,0.E+000));
#7384 = VECTOR('',#7385,1.);
#7385 = DIRECTION('',(0.E+000,0.E+000,1.));
#7386 = PCURVE('',#7326,#7387);
#7387 = DEFINITIONAL_REPRESENTATION('',(#7388),#7392);
#7388 = LINE('',#7389,#7390);
#7389 = CARTESIAN_POINT('',(3.26999854,0.E+000));
#7390 = VECTOR('',#7391,1.);
#7391 = DIRECTION('',(0.E+000,-1.));
#7392 = ( GEOMETRIC_REPRESENTATION_CONTEXT(2) 
PARAMETRIC_REPRESENTATION_CONTEXT() REPRESENTATION_CONTEXT('2D SPACE',''
  ) );
#7393 = PCURVE('',#7394,#7399);
#7394 = PLANE('',#7395);
#7395 = AXIS2_PLACEMENT_3D('',#7396,#7397,#7398);
#7396 = CARTESIAN_POINT('',(-0.70000114,1.63500054,0.E+000));
#7397 = DIRECTION('',(0.E+000,1.,0.E+000));
#7398 = DIRECTION('',(1.,0.E+000,0.E+000));
#7399 = DEFINITIONAL_REPRESENTATION('',(#7400),#7404);
#7400 = LINE('',#7401,#7402);
#7401 = CARTESIAN_POINT('',(0.E+000,0.E+000));
#7402 = VECTOR('',#7403,1.);
#7403 = DIRECTION('',(0.E+000,-1.));
#7404 = ( GEOMETRIC_REPRESENTATION_CONTEXT(2) 
PARAMETRIC_REPRESENTATION_CONTEXT() REPRESENTATION_CONTEXT('2D SPACE',''
  ) );
#7405 = ORIENTED_EDGE('',*,*,#7406,.F.);
#7406 = EDGE_CURVE('',#7316,#7379,#7407,.T.);
#7407 = SURFACE_CURVE('',#7408,(#7412,#7419),.PCURVE_S1.);
#7408 = LINE('',#7409,#7410);
#7409 = CARTESIAN_POINT('',(-0.70000114,-1.634998,0.E+000));
#7410 = VECTOR('',#7411,1.);
#7411 = DIRECTION('',(0.E+000,1.,0.E+000));
#7412 = PCURVE('',#7326,#7413);
#7413 = DEFINITIONAL_REPRESENTATION('',(#7414),#7418);
#7414 = LINE('',#7415,#7416);
#7415 = CARTESIAN_POINT('',(0.E+000,0.E+000));
#7416 = VECTOR('',#7417,1.);
#7417 = DIRECTION('',(1.,0.E+000));
#7418 = ( GEOMETRIC_REPRESENTATION_CONTEXT(2) 
PARAMETRIC_REPRESENTATION_CONTEXT() REPRESENTATION_CONTEXT('2D SPACE',''
  ) );
#7419 = PCURVE('',#7420,#7425);
#7420 = PLANE('',#7421);
#7421 = AXIS2_PLACEMENT_3D('',#7422,#7423,#7424);
#7422 = CARTESIAN_POINT('',(-0.70000114,-1.634998,0.E+000));
#7423 = DIRECTION('',(0.E+000,0.E+000,1.));
#7424 = DIRECTION('',(1.,0.E+000,-0.E+000));
#7425 = DEFINITIONAL_REPRESENTATION('',(#7426),#7430);
#7426 = LINE('',#7427,#7428);
#7427 = CARTESIAN_POINT('',(0.E+000,0.E+000));
#7428 = VECTOR('',#7429,1.);
#7429 = DIRECTION('',(0.E+000,1.));
#7430 = ( GEOMETRIC_REPRESENTATION_CONTEXT(2) 
PARAMETRIC_REPRESENTATION_CONTEXT() REPRESENTATION_CONTEXT('2D SPACE',''
  ) );
#7431 = ADVANCED_FACE('',(#7432),#7394,.T.);
#7432 = FACE_BOUND('',#7433,.T.);
#7433 = EDGE_LOOP('',(#7434,#7435,#7458,#7486));
#7434 = ORIENTED_EDGE('',*,*,#7378,.T.);
#7435 = ORIENTED_EDGE('',*,*,#7436,.T.);
#7436 = EDGE_CURVE('',#7351,#7437,#7439,.T.);
#7437 = VERTEX_POINT('',#7438);
#7438 = CARTESIAN_POINT('',(0.70000114,1.63500054,0.42499788));
#7439 = SURFACE_CURVE('',#7440,(#7444,#7451),.PCURVE_S1.);
#7440 = LINE('',#7441,#7442);
#7441 = CARTESIAN_POINT('',(-0.70000114,1.63500054,0.42499788));
#7442 = VECTOR('',#7443,1.);
#7443 = DIRECTION('',(1.,0.E+000,0.E+000));
#7444 = PCURVE('',#7394,#7445);
#7445 = DEFINITIONAL_REPRESENTATION('',(#7446),#7450);
#7446 = LINE('',#7447,#7448);
#7447 = CARTESIAN_POINT('',(0.E+000,-0.42499788));
#7448 = VECTOR('',#7449,1.);
#7449 = DIRECTION('',(1.,0.E+000));
#7450 = ( GEOMETRIC_REPRESENTATION_CONTEXT(2) 
PARAMETRIC_REPRESENTATION_CONTEXT() REPRESENTATION_CONTEXT('2D SPACE',''
  ) );
#7451 = PCURVE('',#7366,#7452);
#7452 = DEFINITIONAL_REPRESENTATION('',(#7453),#7457);
#7453 = LINE('',#7454,#7455);
#7454 = CARTESIAN_POINT('',(0.E+000,3.26999854));
#7455 = VECTOR('',#7456,1.);
#7456 = DIRECTION('',(1.,0.E+000));
#7457 = ( GEOMETRIC_REPRESENTATION_CONTEXT(2) 
PARAMETRIC_REPRESENTATION_CONTEXT() REPRESENTATION_CONTEXT('2D SPACE',''
  ) );
#7458 = ORIENTED_EDGE('',*,*,#7459,.F.);
#7459 = EDGE_CURVE('',#7460,#7437,#7462,.T.);
#7460 = VERTEX_POINT('',#7461);
#7461 = CARTESIAN_POINT('',(0.70000114,1.63500054,0.E+000));
#7462 = SURFACE_CURVE('',#7463,(#7467,#7474),.PCURVE_S1.);
#7463 = LINE('',#7464,#7465);
#7464 = CARTESIAN_POINT('',(0.70000114,1.63500054,0.E+000));
#7465 = VECTOR('',#7466,1.);
#7466 = DIRECTION('',(0.E+000,0.E+000,1.));
#7467 = PCURVE('',#7394,#7468);
#7468 = DEFINITIONAL_REPRESENTATION('',(#7469),#7473);
#7469 = LINE('',#7470,#7471);
#7470 = CARTESIAN_POINT('',(1.40000228,0.E+000));
#7471 = VECTOR('',#7472,1.);
#7472 = DIRECTION('',(0.E+000,-1.));
#7473 = ( GEOMETRIC_REPRESENTATION_CONTEXT(2) 
PARAMETRIC_REPRESENTATION_CONTEXT() REPRESENTATION_CONTEXT('2D SPACE',''
  ) );
#7474 = PCURVE('',#7475,#7480);
#7475 = PLANE('',#7476);
#7476 = AXIS2_PLACEMENT_3D('',#7477,#7478,#7479);
#7477 = CARTESIAN_POINT('',(0.70000114,1.63500054,0.E+000));
#7478 = DIRECTION('',(1.,0.E+000,-0.E+000));
#7479 = DIRECTION('',(0.E+000,-1.,0.E+000));
#7480 = DEFINITIONAL_REPRESENTATION('',(#7481),#7485);
#7481 = LINE('',#7482,#7483);
#7482 = CARTESIAN_POINT('',(0.E+000,0.E+000));
#7483 = VECTOR('',#7484,1.);
#7484 = DIRECTION('',(0.E+000,-1.));
#7485 = ( GEOMETRIC_REPRESENTATION_CONTEXT(2) 
PARAMETRIC_REPRESENTATION_CONTEXT() REPRESENTATION_CONTEXT('2D SPACE',''
  ) );
#7486 = ORIENTED_EDGE('',*,*,#7487,.F.);
#7487 = EDGE_CURVE('',#7379,#7460,#7488,.T.);
#7488 = SURFACE_CURVE('',#7489,(#7493,#7500),.PCURVE_S1.);
#7489 = LINE('',#7490,#7491);
#7490 = CARTESIAN_POINT('',(-0.70000114,1.63500054,0.E+000));
#7491 = VECTOR('',#7492,1.);
#7492 = DIRECTION('',(1.,0.E+000,0.E+000));
#7493 = PCURVE('',#7394,#7494);
#7494 = DEFINITIONAL_REPRESENTATION('',(#7495),#7499);
#7495 = LINE('',#7496,#7497);
#7496 = CARTESIAN_POINT('',(0.E+000,0.E+000));
#7497 = VECTOR('',#7498,1.);
#7498 = DIRECTION('',(1.,0.E+000));
#7499 = ( GEOMETRIC_REPRESENTATION_CONTEXT(2) 
PARAMETRIC_REPRESENTATION_CONTEXT() REPRESENTATION_CONTEXT('2D SPACE',''
  ) );
#7500 = PCURVE('',#7420,#7501);
#7501 = DEFINITIONAL_REPRESENTATION('',(#7502),#7506);
#7502 = LINE('',#7503,#7504);
#7503 = CARTESIAN_POINT('',(0.E+000,3.26999854));
#7504 = VECTOR('',#7505,1.);
#7505 = DIRECTION('',(1.,0.E+000));
#7506 = ( GEOMETRIC_REPRESENTATION_CONTEXT(2) 
PARAMETRIC_REPRESENTATION_CONTEXT() REPRESENTATION_CONTEXT('2D SPACE',''
  ) );
#7507 = ADVANCED_FACE('',(#7508),#7475,.T.);
#7508 = FACE_BOUND('',#7509,.T.);
#7509 = EDGE_LOOP('',(#7510,#7511,#7534,#7557));
#7510 = ORIENTED_EDGE('',*,*,#7459,.T.);
#7511 = ORIENTED_EDGE('',*,*,#7512,.T.);
#7512 = EDGE_CURVE('',#7437,#7513,#7515,.T.);
#7513 = VERTEX_POINT('',#7514);
#7514 = CARTESIAN_POINT('',(0.70000114,-1.634998,0.42499788));
#7515 = SURFACE_CURVE('',#7516,(#7520,#7527),.PCURVE_S1.);
#7516 = LINE('',#7517,#7518);
#7517 = CARTESIAN_POINT('',(0.70000114,1.63500054,0.42499788));
#7518 = VECTOR('',#7519,1.);
#7519 = DIRECTION('',(0.E+000,-1.,0.E+000));
#7520 = PCURVE('',#7475,#7521);
#7521 = DEFINITIONAL_REPRESENTATION('',(#7522),#7526);
#7522 = LINE('',#7523,#7524);
#7523 = CARTESIAN_POINT('',(0.E+000,-0.42499788));
#7524 = VECTOR('',#7525,1.);
#7525 = DIRECTION('',(1.,0.E+000));
#7526 = ( GEOMETRIC_REPRESENTATION_CONTEXT(2) 
PARAMETRIC_REPRESENTATION_CONTEXT() REPRESENTATION_CONTEXT('2D SPACE',''
  ) );
#7527 = PCURVE('',#7366,#7528);
#7528 = DEFINITIONAL_REPRESENTATION('',(#7529),#7533);
#7529 = LINE('',#7530,#7531);
#7530 = CARTESIAN_POINT('',(1.40000228,3.26999854));
#7531 = VECTOR('',#7532,1.);
#7532 = DIRECTION('',(0.E+000,-1.));
#7533 = ( GEOMETRIC_REPRESENTATION_CONTEXT(2) 
PARAMETRIC_REPRESENTATION_CONTEXT() REPRESENTATION_CONTEXT('2D SPACE',''
  ) );
#7534 = ORIENTED_EDGE('',*,*,#7535,.F.);
#7535 = EDGE_CURVE('',#7536,#7513,#7538,.T.);
#7536 = VERTEX_POINT('',#7537);
#7537 = CARTESIAN_POINT('',(0.70000114,-1.634998,0.E+000));
#7538 = SURFACE_CURVE('',#7539,(#7543,#7550),.PCURVE_S1.);
#7539 = LINE('',#7540,#7541);
#7540 = CARTESIAN_POINT('',(0.70000114,-1.634998,0.E+000));
#7541 = VECTOR('',#7542,1.);
#7542 = DIRECTION('',(0.E+000,0.E+000,1.));
#7543 = PCURVE('',#7475,#7544);
#7544 = DEFINITIONAL_REPRESENTATION('',(#7545),#7549);
#7545 = LINE('',#7546,#7547);
#7546 = CARTESIAN_POINT('',(3.26999854,0.E+000));
#7547 = VECTOR('',#7548,1.);
#7548 = DIRECTION('',(0.E+000,-1.));
#7549 = ( GEOMETRIC_REPRESENTATION_CONTEXT(2) 
PARAMETRIC_REPRESENTATION_CONTEXT() REPRESENTATION_CONTEXT('2D SPACE',''
  ) );
#7550 = PCURVE('',#7338,#7551);
#7551 = DEFINITIONAL_REPRESENTATION('',(#7552),#7556);
#7552 = LINE('',#7553,#7554);
#7553 = CARTESIAN_POINT('',(0.E+000,-0.E+000));
#7554 = VECTOR('',#7555,1.);
#7555 = DIRECTION('',(0.E+000,-1.));
#7556 = ( GEOMETRIC_REPRESENTATION_CONTEXT(2) 
PARAMETRIC_REPRESENTATION_CONTEXT() REPRESENTATION_CONTEXT('2D SPACE',''
  ) );
#7557 = ORIENTED_EDGE('',*,*,#7558,.F.);
#7558 = EDGE_CURVE('',#7460,#7536,#7559,.T.);
#7559 = SURFACE_CURVE('',#7560,(#7564,#7571),.PCURVE_S1.);
#7560 = LINE('',#7561,#7562);
#7561 = CARTESIAN_POINT('',(0.70000114,1.63500054,0.E+000));
#7562 = VECTOR('',#7563,1.);
#7563 = DIRECTION('',(0.E+000,-1.,0.E+000));
#7564 = PCURVE('',#7475,#7565);
#7565 = DEFINITIONAL_REPRESENTATION('',(#7566),#7570);
#7566 = LINE('',#7567,#7568);
#7567 = CARTESIAN_POINT('',(0.E+000,0.E+000));
#7568 = VECTOR('',#7569,1.);
#7569 = DIRECTION('',(1.,0.E+000));
#7570 = ( GEOMETRIC_REPRESENTATION_CONTEXT(2) 
PARAMETRIC_REPRESENTATION_CONTEXT() REPRESENTATION_CONTEXT('2D SPACE',''
  ) );
#7571 = PCURVE('',#7420,#7572);
#7572 = DEFINITIONAL_REPRESENTATION('',(#7573),#7577);
#7573 = LINE('',#7574,#7575);
#7574 = CARTESIAN_POINT('',(1.40000228,3.26999854));
#7575 = VECTOR('',#7576,1.);
#7576 = DIRECTION('',(0.E+000,-1.));
#7577 = ( GEOMETRIC_REPRESENTATION_CONTEXT(2) 
PARAMETRIC_REPRESENTATION_CONTEXT() REPRESENTATION_CONTEXT('2D SPACE',''
  ) );
#7578 = ADVANCED_FACE('',(#7579),#7338,.T.);
#7579 = FACE_BOUND('',#7580,.T.);
#7580 = EDGE_LOOP('',(#7581,#7582,#7603,#7604));
#7581 = ORIENTED_EDGE('',*,*,#7535,.T.);
#7582 = ORIENTED_EDGE('',*,*,#7583,.T.);
#7583 = EDGE_CURVE('',#7513,#7318,#7584,.T.);
#7584 = SURFACE_CURVE('',#7585,(#7589,#7596),.PCURVE_S1.);
#7585 = LINE('',#7586,#7587);
#7586 = CARTESIAN_POINT('',(0.70000114,-1.634998,0.42499788));
#7587 = VECTOR('',#7588,1.);
#7588 = DIRECTION('',(-1.,0.E+000,0.E+000));
#7589 = PCURVE('',#7338,#7590);
#7590 = DEFINITIONAL_REPRESENTATION('',(#7591),#7595);
#7591 = LINE('',#7592,#7593);
#7592 = CARTESIAN_POINT('',(0.E+000,-0.42499788));
#7593 = VECTOR('',#7594,1.);
#7594 = DIRECTION('',(1.,0.E+000));
#7595 = ( GEOMETRIC_REPRESENTATION_CONTEXT(2) 
PARAMETRIC_REPRESENTATION_CONTEXT() REPRESENTATION_CONTEXT('2D SPACE',''
  ) );
#7596 = PCURVE('',#7366,#7597);
#7597 = DEFINITIONAL_REPRESENTATION('',(#7598),#7602);
#7598 = LINE('',#7599,#7600);
#7599 = CARTESIAN_POINT('',(1.40000228,0.E+000));
#7600 = VECTOR('',#7601,1.);
#7601 = DIRECTION('',(-1.,0.E+000));
#7602 = ( GEOMETRIC_REPRESENTATION_CONTEXT(2) 
PARAMETRIC_REPRESENTATION_CONTEXT() REPRESENTATION_CONTEXT('2D SPACE',''
  ) );
#7603 = ORIENTED_EDGE('',*,*,#7315,.F.);
#7604 = ORIENTED_EDGE('',*,*,#7605,.F.);
#7605 = EDGE_CURVE('',#7536,#7316,#7606,.T.);
#7606 = SURFACE_CURVE('',#7607,(#7611,#7618),.PCURVE_S1.);
#7607 = LINE('',#7608,#7609);
#7608 = CARTESIAN_POINT('',(0.70000114,-1.634998,0.E+000));
#7609 = VECTOR('',#7610,1.);
#7610 = DIRECTION('',(-1.,0.E+000,0.E+000));
#7611 = PCURVE('',#7338,#7612);
#7612 = DEFINITIONAL_REPRESENTATION('',(#7613),#7617);
#7613 = LINE('',#7614,#7615);
#7614 = CARTESIAN_POINT('',(0.E+000,-0.E+000));
#7615 = VECTOR('',#7616,1.);
#7616 = DIRECTION('',(1.,0.E+000));
#7617 = ( GEOMETRIC_REPRESENTATION_CONTEXT(2) 
PARAMETRIC_REPRESENTATION_CONTEXT() REPRESENTATION_CONTEXT('2D SPACE',''
  ) );
#7618 = PCURVE('',#7420,#7619);
#7619 = DEFINITIONAL_REPRESENTATION('',(#7620),#7624);
#7620 = LINE('',#7621,#7622);
#7621 = CARTESIAN_POINT('',(1.40000228,0.E+000));
#7622 = VECTOR('',#7623,1.);
#7623 = DIRECTION('',(-1.,0.E+000));
#7624 = ( GEOMETRIC_REPRESENTATION_CONTEXT(2) 
PARAMETRIC_REPRESENTATION_CONTEXT() REPRESENTATION_CONTEXT('2D SPACE',''
  ) );
#7625 = ADVANCED_FACE('',(#7626),#7420,.F.);
#7626 = FACE_BOUND('',#7627,.T.);
#7627 = EDGE_LOOP('',(#7628,#7629,#7630,#7631));
#7628 = ORIENTED_EDGE('',*,*,#7406,.T.);
#7629 = ORIENTED_EDGE('',*,*,#7487,.T.);
#7630 = ORIENTED_EDGE('',*,*,#7558,.T.);
#7631 = ORIENTED_EDGE('',*,*,#7605,.T.);
#7632 = ADVANCED_FACE('',(#7633),#7366,.T.);
#7633 = FACE_BOUND('',#7634,.F.);
#7634 = EDGE_LOOP('',(#7635,#7636,#7637,#7638));
#7635 = ORIENTED_EDGE('',*,*,#7350,.T.);
#7636 = ORIENTED_EDGE('',*,*,#7436,.T.);
#7637 = ORIENTED_EDGE('',*,*,#7512,.T.);
#7638 = ORIENTED_EDGE('',*,*,#7583,.T.);
#7639 = ( GEOMETRIC_REPRESENTATION_CONTEXT(3) 
GLOBAL_UNCERTAINTY_ASSIGNED_CONTEXT((#7643)) 
GLOBAL_UNIT_ASSIGNED_CONTEXT((#7640,#7641,#7642)) REPRESENTATION_CONTEXT
('Context #1','3D Context with UNIT and UNCERTAINTY') );
#7640 = ( LENGTH_UNIT() NAMED_UNIT(*) SI_UNIT(.MILLI.,.METRE.) );
#7641 = ( NAMED_UNIT(*) PLANE_ANGLE_UNIT() SI_UNIT($,.RADIAN.) );
#7642 = ( NAMED_UNIT(*) SI_UNIT($,.STERADIAN.) SOLID_ANGLE_UNIT() );
#7643 = UNCERTAINTY_MEASURE_WITH_UNIT(LENGTH_MEASURE(1.E-007),#7640,
  'distance_accuracy_value','confusion accuracy');
#7644 = SHAPE_DEFINITION_REPRESENTATION(#7645,#7308);
#7645 = PRODUCT_DEFINITION_SHAPE('','',#7646);
#7646 = PRODUCT_DEFINITION('design','',#7647,#7650);
#7647 = PRODUCT_DEFINITION_FORMATION('','',#7648);
#7648 = PRODUCT('Extruded','Extruded','',(#7649));
#7649 = PRODUCT_CONTEXT('',#2,'mechanical');
#7650 = PRODUCT_DEFINITION_CONTEXT('part definition',#2,'design');
#7651 = CONTEXT_DEPENDENT_SHAPE_REPRESENTATION(#7652,#7654);
#7652 = ( REPRESENTATION_RELATIONSHIP('','',#7308,#7298) 
REPRESENTATION_RELATIONSHIP_WITH_TRANSFORMATION(#7653) 
SHAPE_REPRESENTATION_RELATIONSHIP() );
#7653 = ITEM_DEFINED_TRANSFORMATION('','',#11,#7299);
#7654 = PRODUCT_DEFINITION_SHAPE('Placement','Placement of an item',
  #7655);
#7655 = NEXT_ASSEMBLY_USAGE_OCCURRENCE('2','=>[0:1:1:2]','',#7293,#7646,
  $);
#7656 = PRODUCT_RELATED_PRODUCT_CATEGORY('part',$,(#7648));
#7657 = CONTEXT_DEPENDENT_SHAPE_REPRESENTATION(#7658,#7660);
#7658 = ( REPRESENTATION_RELATIONSHIP('','',#7298,#7273) 
REPRESENTATION_RELATIONSHIP_WITH_TRANSFORMATION(#7659) 
SHAPE_REPRESENTATION_RELATIONSHIP() );
#7659 = ITEM_DEFINED_TRANSFORMATION('','',#11,#7274);
#7660 = PRODUCT_DEFINITION_SHAPE('Placement','Placement of an item',
  #7661);
#7661 = NEXT_ASSEMBLY_USAGE_OCCURRENCE('3','=>[0:1:1:4]','',#7268,#7293,
  $);
#7662 = PRODUCT_RELATED_PRODUCT_CATEGORY('part',$,(#7295));
#7663 = SHAPE_DEFINITION_REPRESENTATION(#7664,#7670);
#7664 = PRODUCT_DEFINITION_SHAPE('','',#7665);
#7665 = PRODUCT_DEFINITION('design','',#7666,#7669);
#7666 = PRODUCT_DEFINITION_FORMATION('','',#7667);
#7667 = PRODUCT('868861712','868861712','',(#7668));
#7668 = PRODUCT_CONTEXT('',#2,'mechanical');
#7669 = PRODUCT_DEFINITION_CONTEXT('part definition',#2,'design');
#7670 = SHAPE_REPRESENTATION('',(#11,#7671),#7675);
#7671 = AXIS2_PLACEMENT_3D('',#7672,#7673,#7674);
#7672 = CARTESIAN_POINT('',(0.E+000,0.E+000,0.E+000));
#7673 = DIRECTION('',(0.E+000,0.E+000,1.));
#7674 = DIRECTION('',(1.,0.E+000,0.E+000));
#7675 = ( GEOMETRIC_REPRESENTATION_CONTEXT(3) 
GLOBAL_UNCERTAINTY_ASSIGNED_CONTEXT((#7679)) 
GLOBAL_UNIT_ASSIGNED_CONTEXT((#7676,#7677,#7678)) REPRESENTATION_CONTEXT
('Context #1','3D Context with UNIT and UNCERTAINTY') );
#7676 = ( LENGTH_UNIT() NAMED_UNIT(*) SI_UNIT(.MILLI.,.METRE.) );
#7677 = ( NAMED_UNIT(*) PLANE_ANGLE_UNIT() SI_UNIT($,.RADIAN.) );
#7678 = ( NAMED_UNIT(*) SI_UNIT($,.STERADIAN.) SOLID_ANGLE_UNIT() );
#7679 = UNCERTAINTY_MEASURE_WITH_UNIT(LENGTH_MEASURE(1.E-007),#7676,
  'distance_accuracy_value','confusion accuracy');
#7680 = ADVANCED_BREP_SHAPE_REPRESENTATION('',(#11,#7681),#8011);
#7681 = MANIFOLD_SOLID_BREP('',#7682);
#7682 = CLOSED_SHELL('',(#7683,#7803,#7879,#7950,#7997,#8004));
#7683 = ADVANCED_FACE('',(#7684),#7698,.T.);
#7684 = FACE_BOUND('',#7685,.T.);
#7685 = EDGE_LOOP('',(#7686,#7721,#7749,#7777));
#7686 = ORIENTED_EDGE('',*,*,#7687,.T.);
#7687 = EDGE_CURVE('',#7688,#7690,#7692,.T.);
#7688 = VERTEX_POINT('',#7689);
#7689 = CARTESIAN_POINT('',(0.74000106,-0.13750036,0.E+000));
#7690 = VERTEX_POINT('',#7691);
#7691 = CARTESIAN_POINT('',(0.74000106,-0.13750036,0.49899824));
#7692 = SURFACE_CURVE('',#7693,(#7697,#7709),.PCURVE_S1.);
#7693 = LINE('',#7694,#7695);
#7694 = CARTESIAN_POINT('',(0.74000106,-0.13750036,0.E+000));
#7695 = VECTOR('',#7696,1.);
#7696 = DIRECTION('',(0.E+000,0.E+000,1.));
#7697 = PCURVE('',#7698,#7703);
#7698 = PLANE('',#7699);
#7699 = AXIS2_PLACEMENT_3D('',#7700,#7701,#7702);
#7700 = CARTESIAN_POINT('',(0.74000106,-0.13750036,0.E+000));
#7701 = DIRECTION('',(0.E+000,-1.,0.E+000));
#7702 = DIRECTION('',(-1.,0.E+000,0.E+000));
#7703 = DEFINITIONAL_REPRESENTATION('',(#7704),#7708);
#7704 = LINE('',#7705,#7706);
#7705 = CARTESIAN_POINT('',(0.E+000,-0.E+000));
#7706 = VECTOR('',#7707,1.);
#7707 = DIRECTION('',(0.E+000,-1.));
#7708 = ( GEOMETRIC_REPRESENTATION_CONTEXT(2) 
PARAMETRIC_REPRESENTATION_CONTEXT() REPRESENTATION_CONTEXT('2D SPACE',''
  ) );
#7709 = PCURVE('',#7710,#7715);
#7710 = PLANE('',#7711);
#7711 = AXIS2_PLACEMENT_3D('',#7712,#7713,#7714);
#7712 = CARTESIAN_POINT('',(0.74000106,0.13750036,0.E+000));
#7713 = DIRECTION('',(1.,0.E+000,-0.E+000));
#7714 = DIRECTION('',(0.E+000,-1.,0.E+000));
#7715 = DEFINITIONAL_REPRESENTATION('',(#7716),#7720);
#7716 = LINE('',#7717,#7718);
#7717 = CARTESIAN_POINT('',(0.27500072,0.E+000));
#7718 = VECTOR('',#7719,1.);
#7719 = DIRECTION('',(0.E+000,-1.));
#7720 = ( GEOMETRIC_REPRESENTATION_CONTEXT(2) 
PARAMETRIC_REPRESENTATION_CONTEXT() REPRESENTATION_CONTEXT('2D SPACE',''
  ) );
#7721 = ORIENTED_EDGE('',*,*,#7722,.T.);
#7722 = EDGE_CURVE('',#7690,#7723,#7725,.T.);
#7723 = VERTEX_POINT('',#7724);
#7724 = CARTESIAN_POINT('',(-0.74000106,-0.13750036,0.49899824));
#7725 = SURFACE_CURVE('',#7726,(#7730,#7737),.PCURVE_S1.);
#7726 = LINE('',#7727,#7728);
#7727 = CARTESIAN_POINT('',(0.74000106,-0.13750036,0.49899824));
#7728 = VECTOR('',#7729,1.);
#7729 = DIRECTION('',(-1.,0.E+000,0.E+000));
#7730 = PCURVE('',#7698,#7731);
#7731 = DEFINITIONAL_REPRESENTATION('',(#7732),#7736);
#7732 = LINE('',#7733,#7734);
#7733 = CARTESIAN_POINT('',(0.E+000,-0.49899824));
#7734 = VECTOR('',#7735,1.);
#7735 = DIRECTION('',(1.,0.E+000));
#7736 = ( GEOMETRIC_REPRESENTATION_CONTEXT(2) 
PARAMETRIC_REPRESENTATION_CONTEXT() REPRESENTATION_CONTEXT('2D SPACE',''
  ) );
#7737 = PCURVE('',#7738,#7743);
#7738 = PLANE('',#7739);
#7739 = AXIS2_PLACEMENT_3D('',#7740,#7741,#7742);
#7740 = CARTESIAN_POINT('',(0.74000106,-0.13750036,0.49899824));
#7741 = DIRECTION('',(0.E+000,0.E+000,1.));
#7742 = DIRECTION('',(1.,0.E+000,-0.E+000));
#7743 = DEFINITIONAL_REPRESENTATION('',(#7744),#7748);
#7744 = LINE('',#7745,#7746);
#7745 = CARTESIAN_POINT('',(0.E+000,0.E+000));
#7746 = VECTOR('',#7747,1.);
#7747 = DIRECTION('',(-1.,0.E+000));
#7748 = ( GEOMETRIC_REPRESENTATION_CONTEXT(2) 
PARAMETRIC_REPRESENTATION_CONTEXT() REPRESENTATION_CONTEXT('2D SPACE',''
  ) );
#7749 = ORIENTED_EDGE('',*,*,#7750,.F.);
#7750 = EDGE_CURVE('',#7751,#7723,#7753,.T.);
#7751 = VERTEX_POINT('',#7752);
#7752 = CARTESIAN_POINT('',(-0.74000106,-0.13750036,0.E+000));
#7753 = SURFACE_CURVE('',#7754,(#7758,#7765),.PCURVE_S1.);
#7754 = LINE('',#7755,#7756);
#7755 = CARTESIAN_POINT('',(-0.74000106,-0.13750036,0.E+000));
#7756 = VECTOR('',#7757,1.);
#7757 = DIRECTION('',(0.E+000,0.E+000,1.));
#7758 = PCURVE('',#7698,#7759);
#7759 = DEFINITIONAL_REPRESENTATION('',(#7760),#7764);
#7760 = LINE('',#7761,#7762);
#7761 = CARTESIAN_POINT('',(1.48000212,0.E+000));
#7762 = VECTOR('',#7763,1.);
#7763 = DIRECTION('',(0.E+000,-1.));
#7764 = ( GEOMETRIC_REPRESENTATION_CONTEXT(2) 
PARAMETRIC_REPRESENTATION_CONTEXT() REPRESENTATION_CONTEXT('2D SPACE',''
  ) );
#7765 = PCURVE('',#7766,#7771);
#7766 = PLANE('',#7767);
#7767 = AXIS2_PLACEMENT_3D('',#7768,#7769,#7770);
#7768 = CARTESIAN_POINT('',(-0.74000106,-0.13750036,0.E+000));
#7769 = DIRECTION('',(-1.,0.E+000,0.E+000));
#7770 = DIRECTION('',(0.E+000,1.,0.E+000));
#7771 = DEFINITIONAL_REPRESENTATION('',(#7772),#7776);
#7772 = LINE('',#7773,#7774);
#7773 = CARTESIAN_POINT('',(0.E+000,0.E+000));
#7774 = VECTOR('',#7775,1.);
#7775 = DIRECTION('',(0.E+000,-1.));
#7776 = ( GEOMETRIC_REPRESENTATION_CONTEXT(2) 
PARAMETRIC_REPRESENTATION_CONTEXT() REPRESENTATION_CONTEXT('2D SPACE',''
  ) );
#7777 = ORIENTED_EDGE('',*,*,#7778,.F.);
#7778 = EDGE_CURVE('',#7688,#7751,#7779,.T.);
#7779 = SURFACE_CURVE('',#7780,(#7784,#7791),.PCURVE_S1.);
#7780 = LINE('',#7781,#7782);
#7781 = CARTESIAN_POINT('',(0.74000106,-0.13750036,0.E+000));
#7782 = VECTOR('',#7783,1.);
#7783 = DIRECTION('',(-1.,0.E+000,0.E+000));
#7784 = PCURVE('',#7698,#7785);
#7785 = DEFINITIONAL_REPRESENTATION('',(#7786),#7790);
#7786 = LINE('',#7787,#7788);
#7787 = CARTESIAN_POINT('',(0.E+000,-0.E+000));
#7788 = VECTOR('',#7789,1.);
#7789 = DIRECTION('',(1.,0.E+000));
#7790 = ( GEOMETRIC_REPRESENTATION_CONTEXT(2) 
PARAMETRIC_REPRESENTATION_CONTEXT() REPRESENTATION_CONTEXT('2D SPACE',''
  ) );
#7791 = PCURVE('',#7792,#7797);
#7792 = PLANE('',#7793);
#7793 = AXIS2_PLACEMENT_3D('',#7794,#7795,#7796);
#7794 = CARTESIAN_POINT('',(0.74000106,-0.13750036,0.E+000));
#7795 = DIRECTION('',(0.E+000,0.E+000,1.));
#7796 = DIRECTION('',(1.,0.E+000,-0.E+000));
#7797 = DEFINITIONAL_REPRESENTATION('',(#7798),#7802);
#7798 = LINE('',#7799,#7800);
#7799 = CARTESIAN_POINT('',(0.E+000,0.E+000));
#7800 = VECTOR('',#7801,1.);
#7801 = DIRECTION('',(-1.,0.E+000));
#7802 = ( GEOMETRIC_REPRESENTATION_CONTEXT(2) 
PARAMETRIC_REPRESENTATION_CONTEXT() REPRESENTATION_CONTEXT('2D SPACE',''
  ) );
#7803 = ADVANCED_FACE('',(#7804),#7766,.T.);
#7804 = FACE_BOUND('',#7805,.T.);
#7805 = EDGE_LOOP('',(#7806,#7807,#7830,#7858));
#7806 = ORIENTED_EDGE('',*,*,#7750,.T.);
#7807 = ORIENTED_EDGE('',*,*,#7808,.T.);
#7808 = EDGE_CURVE('',#7723,#7809,#7811,.T.);
#7809 = VERTEX_POINT('',#7810);
#7810 = CARTESIAN_POINT('',(-0.74000106,0.13750036,0.49899824));
#7811 = SURFACE_CURVE('',#7812,(#7816,#7823),.PCURVE_S1.);
#7812 = LINE('',#7813,#7814);
#7813 = CARTESIAN_POINT('',(-0.74000106,-0.13750036,0.49899824));
#7814 = VECTOR('',#7815,1.);
#7815 = DIRECTION('',(0.E+000,1.,0.E+000));
#7816 = PCURVE('',#7766,#7817);
#7817 = DEFINITIONAL_REPRESENTATION('',(#7818),#7822);
#7818 = LINE('',#7819,#7820);
#7819 = CARTESIAN_POINT('',(0.E+000,-0.49899824));
#7820 = VECTOR('',#7821,1.);
#7821 = DIRECTION('',(1.,0.E+000));
#7822 = ( GEOMETRIC_REPRESENTATION_CONTEXT(2) 
PARAMETRIC_REPRESENTATION_CONTEXT() REPRESENTATION_CONTEXT('2D SPACE',''
  ) );
#7823 = PCURVE('',#7738,#7824);
#7824 = DEFINITIONAL_REPRESENTATION('',(#7825),#7829);
#7825 = LINE('',#7826,#7827);
#7826 = CARTESIAN_POINT('',(-1.48000212,0.E+000));
#7827 = VECTOR('',#7828,1.);
#7828 = DIRECTION('',(0.E+000,1.));
#7829 = ( GEOMETRIC_REPRESENTATION_CONTEXT(2) 
PARAMETRIC_REPRESENTATION_CONTEXT() REPRESENTATION_CONTEXT('2D SPACE',''
  ) );
#7830 = ORIENTED_EDGE('',*,*,#7831,.F.);
#7831 = EDGE_CURVE('',#7832,#7809,#7834,.T.);
#7832 = VERTEX_POINT('',#7833);
#7833 = CARTESIAN_POINT('',(-0.74000106,0.13750036,0.E+000));
#7834 = SURFACE_CURVE('',#7835,(#7839,#7846),.PCURVE_S1.);
#7835 = LINE('',#7836,#7837);
#7836 = CARTESIAN_POINT('',(-0.74000106,0.13750036,0.E+000));
#7837 = VECTOR('',#7838,1.);
#7838 = DIRECTION('',(0.E+000,0.E+000,1.));
#7839 = PCURVE('',#7766,#7840);
#7840 = DEFINITIONAL_REPRESENTATION('',(#7841),#7845);
#7841 = LINE('',#7842,#7843);
#7842 = CARTESIAN_POINT('',(0.27500072,0.E+000));
#7843 = VECTOR('',#7844,1.);
#7844 = DIRECTION('',(0.E+000,-1.));
#7845 = ( GEOMETRIC_REPRESENTATION_CONTEXT(2) 
PARAMETRIC_REPRESENTATION_CONTEXT() REPRESENTATION_CONTEXT('2D SPACE',''
  ) );
#7846 = PCURVE('',#7847,#7852);
#7847 = PLANE('',#7848);
#7848 = AXIS2_PLACEMENT_3D('',#7849,#7850,#7851);
#7849 = CARTESIAN_POINT('',(-0.74000106,0.13750036,0.E+000));
#7850 = DIRECTION('',(0.E+000,1.,0.E+000));
#7851 = DIRECTION('',(1.,0.E+000,0.E+000));
#7852 = DEFINITIONAL_REPRESENTATION('',(#7853),#7857);
#7853 = LINE('',#7854,#7855);
#7854 = CARTESIAN_POINT('',(0.E+000,0.E+000));
#7855 = VECTOR('',#7856,1.);
#7856 = DIRECTION('',(0.E+000,-1.));
#7857 = ( GEOMETRIC_REPRESENTATION_CONTEXT(2) 
PARAMETRIC_REPRESENTATION_CONTEXT() REPRESENTATION_CONTEXT('2D SPACE',''
  ) );
#7858 = ORIENTED_EDGE('',*,*,#7859,.F.);
#7859 = EDGE_CURVE('',#7751,#7832,#7860,.T.);
#7860 = SURFACE_CURVE('',#7861,(#7865,#7872),.PCURVE_S1.);
#7861 = LINE('',#7862,#7863);
#7862 = CARTESIAN_POINT('',(-0.74000106,-0.13750036,0.E+000));
#7863 = VECTOR('',#7864,1.);
#7864 = DIRECTION('',(0.E+000,1.,0.E+000));
#7865 = PCURVE('',#7766,#7866);
#7866 = DEFINITIONAL_REPRESENTATION('',(#7867),#7871);
#7867 = LINE('',#7868,#7869);
#7868 = CARTESIAN_POINT('',(0.E+000,0.E+000));
#7869 = VECTOR('',#7870,1.);
#7870 = DIRECTION('',(1.,0.E+000));
#7871 = ( GEOMETRIC_REPRESENTATION_CONTEXT(2) 
PARAMETRIC_REPRESENTATION_CONTEXT() REPRESENTATION_CONTEXT('2D SPACE',''
  ) );
#7872 = PCURVE('',#7792,#7873);
#7873 = DEFINITIONAL_REPRESENTATION('',(#7874),#7878);
#7874 = LINE('',#7875,#7876);
#7875 = CARTESIAN_POINT('',(-1.48000212,0.E+000));
#7876 = VECTOR('',#7877,1.);
#7877 = DIRECTION('',(0.E+000,1.));
#7878 = ( GEOMETRIC_REPRESENTATION_CONTEXT(2) 
PARAMETRIC_REPRESENTATION_CONTEXT() REPRESENTATION_CONTEXT('2D SPACE',''
  ) );
#7879 = ADVANCED_FACE('',(#7880),#7847,.T.);
#7880 = FACE_BOUND('',#7881,.T.);
#7881 = EDGE_LOOP('',(#7882,#7883,#7906,#7929));
#7882 = ORIENTED_EDGE('',*,*,#7831,.T.);
#7883 = ORIENTED_EDGE('',*,*,#7884,.T.);
#7884 = EDGE_CURVE('',#7809,#7885,#7887,.T.);
#7885 = VERTEX_POINT('',#7886);
#7886 = CARTESIAN_POINT('',(0.74000106,0.13750036,0.49899824));
#7887 = SURFACE_CURVE('',#7888,(#7892,#7899),.PCURVE_S1.);
#7888 = LINE('',#7889,#7890);
#7889 = CARTESIAN_POINT('',(-0.74000106,0.13750036,0.49899824));
#7890 = VECTOR('',#7891,1.);
#7891 = DIRECTION('',(1.,0.E+000,0.E+000));
#7892 = PCURVE('',#7847,#7893);
#7893 = DEFINITIONAL_REPRESENTATION('',(#7894),#7898);
#7894 = LINE('',#7895,#7896);
#7895 = CARTESIAN_POINT('',(0.E+000,-0.49899824));
#7896 = VECTOR('',#7897,1.);
#7897 = DIRECTION('',(1.,0.E+000));
#7898 = ( GEOMETRIC_REPRESENTATION_CONTEXT(2) 
PARAMETRIC_REPRESENTATION_CONTEXT() REPRESENTATION_CONTEXT('2D SPACE',''
  ) );
#7899 = PCURVE('',#7738,#7900);
#7900 = DEFINITIONAL_REPRESENTATION('',(#7901),#7905);
#7901 = LINE('',#7902,#7903);
#7902 = CARTESIAN_POINT('',(-1.48000212,0.27500072));
#7903 = VECTOR('',#7904,1.);
#7904 = DIRECTION('',(1.,0.E+000));
#7905 = ( GEOMETRIC_REPRESENTATION_CONTEXT(2) 
PARAMETRIC_REPRESENTATION_CONTEXT() REPRESENTATION_CONTEXT('2D SPACE',''
  ) );
#7906 = ORIENTED_EDGE('',*,*,#7907,.F.);
#7907 = EDGE_CURVE('',#7908,#7885,#7910,.T.);
#7908 = VERTEX_POINT('',#7909);
#7909 = CARTESIAN_POINT('',(0.74000106,0.13750036,0.E+000));
#7910 = SURFACE_CURVE('',#7911,(#7915,#7922),.PCURVE_S1.);
#7911 = LINE('',#7912,#7913);
#7912 = CARTESIAN_POINT('',(0.74000106,0.13750036,0.E+000));
#7913 = VECTOR('',#7914,1.);
#7914 = DIRECTION('',(0.E+000,0.E+000,1.));
#7915 = PCURVE('',#7847,#7916);
#7916 = DEFINITIONAL_REPRESENTATION('',(#7917),#7921);
#7917 = LINE('',#7918,#7919);
#7918 = CARTESIAN_POINT('',(1.48000212,0.E+000));
#7919 = VECTOR('',#7920,1.);
#7920 = DIRECTION('',(0.E+000,-1.));
#7921 = ( GEOMETRIC_REPRESENTATION_CONTEXT(2) 
PARAMETRIC_REPRESENTATION_CONTEXT() REPRESENTATION_CONTEXT('2D SPACE',''
  ) );
#7922 = PCURVE('',#7710,#7923);
#7923 = DEFINITIONAL_REPRESENTATION('',(#7924),#7928);
#7924 = LINE('',#7925,#7926);
#7925 = CARTESIAN_POINT('',(0.E+000,0.E+000));
#7926 = VECTOR('',#7927,1.);
#7927 = DIRECTION('',(0.E+000,-1.));
#7928 = ( GEOMETRIC_REPRESENTATION_CONTEXT(2) 
PARAMETRIC_REPRESENTATION_CONTEXT() REPRESENTATION_CONTEXT('2D SPACE',''
  ) );
#7929 = ORIENTED_EDGE('',*,*,#7930,.F.);
#7930 = EDGE_CURVE('',#7832,#7908,#7931,.T.);
#7931 = SURFACE_CURVE('',#7932,(#7936,#7943),.PCURVE_S1.);
#7932 = LINE('',#7933,#7934);
#7933 = CARTESIAN_POINT('',(-0.74000106,0.13750036,0.E+000));
#7934 = VECTOR('',#7935,1.);
#7935 = DIRECTION('',(1.,0.E+000,0.E+000));
#7936 = PCURVE('',#7847,#7937);
#7937 = DEFINITIONAL_REPRESENTATION('',(#7938),#7942);
#7938 = LINE('',#7939,#7940);
#7939 = CARTESIAN_POINT('',(0.E+000,0.E+000));
#7940 = VECTOR('',#7941,1.);
#7941 = DIRECTION('',(1.,0.E+000));
#7942 = ( GEOMETRIC_REPRESENTATION_CONTEXT(2) 
PARAMETRIC_REPRESENTATION_CONTEXT() REPRESENTATION_CONTEXT('2D SPACE',''
  ) );
#7943 = PCURVE('',#7792,#7944);
#7944 = DEFINITIONAL_REPRESENTATION('',(#7945),#7949);
#7945 = LINE('',#7946,#7947);
#7946 = CARTESIAN_POINT('',(-1.48000212,0.27500072));
#7947 = VECTOR('',#7948,1.);
#7948 = DIRECTION('',(1.,0.E+000));
#7949 = ( GEOMETRIC_REPRESENTATION_CONTEXT(2) 
PARAMETRIC_REPRESENTATION_CONTEXT() REPRESENTATION_CONTEXT('2D SPACE',''
  ) );
#7950 = ADVANCED_FACE('',(#7951),#7710,.T.);
#7951 = FACE_BOUND('',#7952,.T.);
#7952 = EDGE_LOOP('',(#7953,#7954,#7975,#7976));
#7953 = ORIENTED_EDGE('',*,*,#7907,.T.);
#7954 = ORIENTED_EDGE('',*,*,#7955,.T.);
#7955 = EDGE_CURVE('',#7885,#7690,#7956,.T.);
#7956 = SURFACE_CURVE('',#7957,(#7961,#7968),.PCURVE_S1.);
#7957 = LINE('',#7958,#7959);
#7958 = CARTESIAN_POINT('',(0.74000106,0.13750036,0.49899824));
#7959 = VECTOR('',#7960,1.);
#7960 = DIRECTION('',(0.E+000,-1.,0.E+000));
#7961 = PCURVE('',#7710,#7962);
#7962 = DEFINITIONAL_REPRESENTATION('',(#7963),#7967);
#7963 = LINE('',#7964,#7965);
#7964 = CARTESIAN_POINT('',(0.E+000,-0.49899824));
#7965 = VECTOR('',#7966,1.);
#7966 = DIRECTION('',(1.,0.E+000));
#7967 = ( GEOMETRIC_REPRESENTATION_CONTEXT(2) 
PARAMETRIC_REPRESENTATION_CONTEXT() REPRESENTATION_CONTEXT('2D SPACE',''
  ) );
#7968 = PCURVE('',#7738,#7969);
#7969 = DEFINITIONAL_REPRESENTATION('',(#7970),#7974);
#7970 = LINE('',#7971,#7972);
#7971 = CARTESIAN_POINT('',(0.E+000,0.27500072));
#7972 = VECTOR('',#7973,1.);
#7973 = DIRECTION('',(0.E+000,-1.));
#7974 = ( GEOMETRIC_REPRESENTATION_CONTEXT(2) 
PARAMETRIC_REPRESENTATION_CONTEXT() REPRESENTATION_CONTEXT('2D SPACE',''
  ) );
#7975 = ORIENTED_EDGE('',*,*,#7687,.F.);
#7976 = ORIENTED_EDGE('',*,*,#7977,.F.);
#7977 = EDGE_CURVE('',#7908,#7688,#7978,.T.);
#7978 = SURFACE_CURVE('',#7979,(#7983,#7990),.PCURVE_S1.);
#7979 = LINE('',#7980,#7981);
#7980 = CARTESIAN_POINT('',(0.74000106,0.13750036,0.E+000));
#7981 = VECTOR('',#7982,1.);
#7982 = DIRECTION('',(0.E+000,-1.,0.E+000));
#7983 = PCURVE('',#7710,#7984);
#7984 = DEFINITIONAL_REPRESENTATION('',(#7985),#7989);
#7985 = LINE('',#7986,#7987);
#7986 = CARTESIAN_POINT('',(0.E+000,0.E+000));
#7987 = VECTOR('',#7988,1.);
#7988 = DIRECTION('',(1.,0.E+000));
#7989 = ( GEOMETRIC_REPRESENTATION_CONTEXT(2) 
PARAMETRIC_REPRESENTATION_CONTEXT() REPRESENTATION_CONTEXT('2D SPACE',''
  ) );
#7990 = PCURVE('',#7792,#7991);
#7991 = DEFINITIONAL_REPRESENTATION('',(#7992),#7996);
#7992 = LINE('',#7993,#7994);
#7993 = CARTESIAN_POINT('',(0.E+000,0.27500072));
#7994 = VECTOR('',#7995,1.);
#7995 = DIRECTION('',(0.E+000,-1.));
#7996 = ( GEOMETRIC_REPRESENTATION_CONTEXT(2) 
PARAMETRIC_REPRESENTATION_CONTEXT() REPRESENTATION_CONTEXT('2D SPACE',''
  ) );
#7997 = ADVANCED_FACE('',(#7998),#7792,.F.);
#7998 = FACE_BOUND('',#7999,.T.);
#7999 = EDGE_LOOP('',(#8000,#8001,#8002,#8003));
#8000 = ORIENTED_EDGE('',*,*,#7778,.T.);
#8001 = ORIENTED_EDGE('',*,*,#7859,.T.);
#8002 = ORIENTED_EDGE('',*,*,#7930,.T.);
#8003 = ORIENTED_EDGE('',*,*,#7977,.T.);
#8004 = ADVANCED_FACE('',(#8005),#7738,.T.);
#8005 = FACE_BOUND('',#8006,.F.);
#8006 = EDGE_LOOP('',(#8007,#8008,#8009,#8010));
#8007 = ORIENTED_EDGE('',*,*,#7722,.T.);
#8008 = ORIENTED_EDGE('',*,*,#7808,.T.);
#8009 = ORIENTED_EDGE('',*,*,#7884,.T.);
#8010 = ORIENTED_EDGE('',*,*,#7955,.T.);
#8011 = ( GEOMETRIC_REPRESENTATION_CONTEXT(3) 
GLOBAL_UNCERTAINTY_ASSIGNED_CONTEXT((#8015)) 
GLOBAL_UNIT_ASSIGNED_CONTEXT((#8012,#8013,#8014)) REPRESENTATION_CONTEXT
('Context #1','3D Context with UNIT and UNCERTAINTY') );
#8012 = ( LENGTH_UNIT() NAMED_UNIT(*) SI_UNIT(.MILLI.,.METRE.) );
#8013 = ( NAMED_UNIT(*) PLANE_ANGLE_UNIT() SI_UNIT($,.RADIAN.) );
#8014 = ( NAMED_UNIT(*) SI_UNIT($,.STERADIAN.) SOLID_ANGLE_UNIT() );
#8015 = UNCERTAINTY_MEASURE_WITH_UNIT(LENGTH_MEASURE(1.E-007),#8012,
  'distance_accuracy_value','confusion accuracy');
#8016 = SHAPE_DEFINITION_REPRESENTATION(#8017,#7680);
#8017 = PRODUCT_DEFINITION_SHAPE('','',#8018);
#8018 = PRODUCT_DEFINITION('design','',#8019,#8022);
#8019 = PRODUCT_DEFINITION_FORMATION('','',#8020);
#8020 = PRODUCT('Extruded','Extruded','',(#8021));
#8021 = PRODUCT_CONTEXT('',#2,'mechanical');
#8022 = PRODUCT_DEFINITION_CONTEXT('part definition',#2,'design');
#8023 = CONTEXT_DEPENDENT_SHAPE_REPRESENTATION(#8024,#8026);
#8024 = ( REPRESENTATION_RELATIONSHIP('','',#7680,#7670) 
REPRESENTATION_RELATIONSHIP_WITH_TRANSFORMATION(#8025) 
SHAPE_REPRESENTATION_RELATIONSHIP() );
#8025 = ITEM_DEFINED_TRANSFORMATION('','',#11,#7671);
#8026 = PRODUCT_DEFINITION_SHAPE('Placement','Placement of an item',
  #8027);
#8027 = NEXT_ASSEMBLY_USAGE_OCCURRENCE('4','=>[0:1:1:2]','',#7665,#8018,
  $);
#8028 = PRODUCT_RELATED_PRODUCT_CATEGORY('part',$,(#8020));
#8029 = CONTEXT_DEPENDENT_SHAPE_REPRESENTATION(#8030,#8032);
#8030 = ( REPRESENTATION_RELATIONSHIP('','',#7670,#7273) 
REPRESENTATION_RELATIONSHIP_WITH_TRANSFORMATION(#8031) 
SHAPE_REPRESENTATION_RELATIONSHIP() );
#8031 = ITEM_DEFINED_TRANSFORMATION('','',#11,#7278);
#8032 = PRODUCT_DEFINITION_SHAPE('Placement','Placement of an item',
  #8033);
#8033 = NEXT_ASSEMBLY_USAGE_OCCURRENCE('5','=>[0:1:1:6]','',#7268,#7665,
  $);
#8034 = PRODUCT_RELATED_PRODUCT_CATEGORY('part',$,(#7667));
#8035 = CONTEXT_DEPENDENT_SHAPE_REPRESENTATION(#8036,#8038);
#8036 = ( REPRESENTATION_RELATIONSHIP('','',#7670,#7273) 
REPRESENTATION_RELATIONSHIP_WITH_TRANSFORMATION(#8037) 
SHAPE_REPRESENTATION_RELATIONSHIP() );
#8037 = ITEM_DEFINED_TRANSFORMATION('','',#11,#7282);
#8038 = PRODUCT_DEFINITION_SHAPE('Placement','Placement of an item',
  #8039);
#8039 = NEXT_ASSEMBLY_USAGE_OCCURRENCE('6','=>[0:1:1:6]','',#7268,#7665,
  $);
#8040 = CONTEXT_DEPENDENT_SHAPE_REPRESENTATION(#8041,#8043);
#8041 = ( REPRESENTATION_RELATIONSHIP('','',#7273,#10) 
REPRESENTATION_RELATIONSHIP_WITH_TRANSFORMATION(#8042) 
SHAPE_REPRESENTATION_RELATIONSHIP() );
#8042 = ITEM_DEFINED_TRANSFORMATION('','',#11,#19);
#8043 = PRODUCT_DEFINITION_SHAPE('Placement','Placement of an item',
  #8044);
#8044 = NEXT_ASSEMBLY_USAGE_OCCURRENCE('7','=>[0:1:1:3]','',#5,#7268,$);
#8045 = PRODUCT_RELATED_PRODUCT_CATEGORY('part',$,(#7270));
#8046 = SHAPE_DEFINITION_REPRESENTATION(#8047,#8053);
#8047 = PRODUCT_DEFINITION_SHAPE('','',#8048);
#8048 = PRODUCT_DEFINITION('design','',#8049,#8052);
#8049 = PRODUCT_DEFINITION_FORMATION('','',#8050);
#8050 = PRODUCT('C5','C5','',(#8051));
#8051 = PRODUCT_CONTEXT('',#2,'mechanical');
#8052 = PRODUCT_DEFINITION_CONTEXT('part definition',#2,'design');
#8053 = SHAPE_REPRESENTATION('',(#11,#8054,#8058,#8062),#8066);
#8054 = AXIS2_PLACEMENT_3D('',#8055,#8056,#8057);
#8055 = CARTESIAN_POINT('',(50.520693614648,7.251647924248,
    1.000759541057E-003));
#8056 = DIRECTION('',(0.E+000,0.E+000,1.));
#8057 = DIRECTION('',(1.,0.E+000,0.E+000));
#8058 = AXIS2_PLACEMENT_3D('',#8059,#8060,#8061);
#8059 = CARTESIAN_POINT('',(50.520693614648,8.623203252617,
    1.000759541057E-003));
#8060 = DIRECTION('',(0.E+000,0.E+000,1.));
#8061 = DIRECTION('',(1.,0.E+000,0.E+000));
#8062 = AXIS2_PLACEMENT_3D('',#8063,#8064,#8065);
#8063 = CARTESIAN_POINT('',(50.520693614648,7.937389348809,
    2.500120922923E-002));
#8064 = DIRECTION('',(0.E+000,0.E+000,1.));
#8065 = DIRECTION('',(1.,0.E+000,0.E+000));
#8066 = ( GEOMETRIC_REPRESENTATION_CONTEXT(3) 
GLOBAL_UNCERTAINTY_ASSIGNED_CONTEXT((#8070)) 
GLOBAL_UNIT_ASSIGNED_CONTEXT((#8067,#8068,#8069)) REPRESENTATION_CONTEXT
('Context #1','3D Context with UNIT and UNCERTAINTY') );
#8067 = ( LENGTH_UNIT() NAMED_UNIT(*) SI_UNIT(.MILLI.,.METRE.) );
#8068 = ( NAMED_UNIT(*) PLANE_ANGLE_UNIT() SI_UNIT($,.RADIAN.) );
#8069 = ( NAMED_UNIT(*) SI_UNIT($,.STERADIAN.) SOLID_ANGLE_UNIT() );
#8070 = UNCERTAINTY_MEASURE_WITH_UNIT(LENGTH_MEASURE(1.E-007),#8067,
  'distance_accuracy_value','confusion accuracy');
#8071 = SHAPE_DEFINITION_REPRESENTATION(#8072,#8078);
#8072 = PRODUCT_DEFINITION_SHAPE('','',#8073);
#8073 = PRODUCT_DEFINITION('design','',#8074,#8077);
#8074 = PRODUCT_DEFINITION_FORMATION('','',#8075);
#8075 = PRODUCT('868861968','868861968','',(#8076));
#8076 = PRODUCT_CONTEXT('',#2,'mechanical');
#8077 = PRODUCT_DEFINITION_CONTEXT('part definition',#2,'design');
#8078 = SHAPE_REPRESENTATION('',(#11,#8079),#8083);
#8079 = AXIS2_PLACEMENT_3D('',#8080,#8081,#8082);
#8080 = CARTESIAN_POINT('',(0.E+000,0.E+000,0.E+000));
#8081 = DIRECTION('',(0.E+000,0.E+000,1.));
#8082 = DIRECTION('',(1.,0.E+000,0.E+000));
#8083 = ( GEOMETRIC_REPRESENTATION_CONTEXT(3) 
GLOBAL_UNCERTAINTY_ASSIGNED_CONTEXT((#8087)) 
GLOBAL_UNIT_ASSIGNED_CONTEXT((#8084,#8085,#8086)) REPRESENTATION_CONTEXT
('Context #1','3D Context with UNIT and UNCERTAINTY') );
#8084 = ( LENGTH_UNIT() NAMED_UNIT(*) SI_UNIT(.MILLI.,.METRE.) );
#8085 = ( NAMED_UNIT(*) PLANE_ANGLE_UNIT() SI_UNIT($,.RADIAN.) );
#8086 = ( NAMED_UNIT(*) SI_UNIT($,.STERADIAN.) SOLID_ANGLE_UNIT() );
#8087 = UNCERTAINTY_MEASURE_WITH_UNIT(LENGTH_MEASURE(1.E-007),#8084,
  'distance_accuracy_value','confusion accuracy');
#8088 = ADVANCED_BREP_SHAPE_REPRESENTATION('',(#11,#8089),#8419);
#8089 = MANIFOLD_SOLID_BREP('',#8090);
#8090 = CLOSED_SHELL('',(#8091,#8211,#8287,#8358,#8405,#8412));
#8091 = ADVANCED_FACE('',(#8092),#8106,.T.);
#8092 = FACE_BOUND('',#8093,.T.);
#8093 = EDGE_LOOP('',(#8094,#8129,#8157,#8185));
#8094 = ORIENTED_EDGE('',*,*,#8095,.T.);
#8095 = EDGE_CURVE('',#8096,#8098,#8100,.T.);
#8096 = VERTEX_POINT('',#8097);
#8097 = CARTESIAN_POINT('',(0.42500042,-0.13750036,0.E+000));
#8098 = VERTEX_POINT('',#8099);
#8099 = CARTESIAN_POINT('',(0.42500042,-0.13750036,0.45899832));
#8100 = SURFACE_CURVE('',#8101,(#8105,#8117),.PCURVE_S1.);
#8101 = LINE('',#8102,#8103);
#8102 = CARTESIAN_POINT('',(0.42500042,-0.13750036,0.E+000));
#8103 = VECTOR('',#8104,1.);
#8104 = DIRECTION('',(0.E+000,0.E+000,1.));
#8105 = PCURVE('',#8106,#8111);
#8106 = PLANE('',#8107);
#8107 = AXIS2_PLACEMENT_3D('',#8108,#8109,#8110);
#8108 = CARTESIAN_POINT('',(0.42500042,-0.13750036,0.E+000));
#8109 = DIRECTION('',(0.E+000,-1.,0.E+000));
#8110 = DIRECTION('',(-1.,0.E+000,0.E+000));
#8111 = DEFINITIONAL_REPRESENTATION('',(#8112),#8116);
#8112 = LINE('',#8113,#8114);
#8113 = CARTESIAN_POINT('',(0.E+000,-0.E+000));
#8114 = VECTOR('',#8115,1.);
#8115 = DIRECTION('',(0.E+000,-1.));
#8116 = ( GEOMETRIC_REPRESENTATION_CONTEXT(2) 
PARAMETRIC_REPRESENTATION_CONTEXT() REPRESENTATION_CONTEXT('2D SPACE',''
  ) );
#8117 = PCURVE('',#8118,#8123);
#8118 = PLANE('',#8119);
#8119 = AXIS2_PLACEMENT_3D('',#8120,#8121,#8122);
#8120 = CARTESIAN_POINT('',(0.42500042,0.13750036,0.E+000));
#8121 = DIRECTION('',(1.,0.E+000,-0.E+000));
#8122 = DIRECTION('',(0.E+000,-1.,0.E+000));
#8123 = DEFINITIONAL_REPRESENTATION('',(#8124),#8128);
#8124 = LINE('',#8125,#8126);
#8125 = CARTESIAN_POINT('',(0.27500072,0.E+000));
#8126 = VECTOR('',#8127,1.);
#8127 = DIRECTION('',(0.E+000,-1.));
#8128 = ( GEOMETRIC_REPRESENTATION_CONTEXT(2) 
PARAMETRIC_REPRESENTATION_CONTEXT() REPRESENTATION_CONTEXT('2D SPACE',''
  ) );
#8129 = ORIENTED_EDGE('',*,*,#8130,.T.);
#8130 = EDGE_CURVE('',#8098,#8131,#8133,.T.);
#8131 = VERTEX_POINT('',#8132);
#8132 = CARTESIAN_POINT('',(-0.42500042,-0.13750036,0.45899832));
#8133 = SURFACE_CURVE('',#8134,(#8138,#8145),.PCURVE_S1.);
#8134 = LINE('',#8135,#8136);
#8135 = CARTESIAN_POINT('',(0.42500042,-0.13750036,0.45899832));
#8136 = VECTOR('',#8137,1.);
#8137 = DIRECTION('',(-1.,0.E+000,0.E+000));
#8138 = PCURVE('',#8106,#8139);
#8139 = DEFINITIONAL_REPRESENTATION('',(#8140),#8144);
#8140 = LINE('',#8141,#8142);
#8141 = CARTESIAN_POINT('',(0.E+000,-0.45899832));
#8142 = VECTOR('',#8143,1.);
#8143 = DIRECTION('',(1.,0.E+000));
#8144 = ( GEOMETRIC_REPRESENTATION_CONTEXT(2) 
PARAMETRIC_REPRESENTATION_CONTEXT() REPRESENTATION_CONTEXT('2D SPACE',''
  ) );
#8145 = PCURVE('',#8146,#8151);
#8146 = PLANE('',#8147);
#8147 = AXIS2_PLACEMENT_3D('',#8148,#8149,#8150);
#8148 = CARTESIAN_POINT('',(0.42500042,-0.13750036,0.45899832));
#8149 = DIRECTION('',(0.E+000,0.E+000,1.));
#8150 = DIRECTION('',(1.,0.E+000,-0.E+000));
#8151 = DEFINITIONAL_REPRESENTATION('',(#8152),#8156);
#8152 = LINE('',#8153,#8154);
#8153 = CARTESIAN_POINT('',(0.E+000,0.E+000));
#8154 = VECTOR('',#8155,1.);
#8155 = DIRECTION('',(-1.,0.E+000));
#8156 = ( GEOMETRIC_REPRESENTATION_CONTEXT(2) 
PARAMETRIC_REPRESENTATION_CONTEXT() REPRESENTATION_CONTEXT('2D SPACE',''
  ) );
#8157 = ORIENTED_EDGE('',*,*,#8158,.F.);
#8158 = EDGE_CURVE('',#8159,#8131,#8161,.T.);
#8159 = VERTEX_POINT('',#8160);
#8160 = CARTESIAN_POINT('',(-0.42500042,-0.13750036,0.E+000));
#8161 = SURFACE_CURVE('',#8162,(#8166,#8173),.PCURVE_S1.);
#8162 = LINE('',#8163,#8164);
#8163 = CARTESIAN_POINT('',(-0.42500042,-0.13750036,0.E+000));
#8164 = VECTOR('',#8165,1.);
#8165 = DIRECTION('',(0.E+000,0.E+000,1.));
#8166 = PCURVE('',#8106,#8167);
#8167 = DEFINITIONAL_REPRESENTATION('',(#8168),#8172);
#8168 = LINE('',#8169,#8170);
#8169 = CARTESIAN_POINT('',(0.85000084,0.E+000));
#8170 = VECTOR('',#8171,1.);
#8171 = DIRECTION('',(0.E+000,-1.));
#8172 = ( GEOMETRIC_REPRESENTATION_CONTEXT(2) 
PARAMETRIC_REPRESENTATION_CONTEXT() REPRESENTATION_CONTEXT('2D SPACE',''
  ) );
#8173 = PCURVE('',#8174,#8179);
#8174 = PLANE('',#8175);
#8175 = AXIS2_PLACEMENT_3D('',#8176,#8177,#8178);
#8176 = CARTESIAN_POINT('',(-0.42500042,-0.13750036,0.E+000));
#8177 = DIRECTION('',(-1.,0.E+000,0.E+000));
#8178 = DIRECTION('',(0.E+000,1.,0.E+000));
#8179 = DEFINITIONAL_REPRESENTATION('',(#8180),#8184);
#8180 = LINE('',#8181,#8182);
#8181 = CARTESIAN_POINT('',(0.E+000,0.E+000));
#8182 = VECTOR('',#8183,1.);
#8183 = DIRECTION('',(0.E+000,-1.));
#8184 = ( GEOMETRIC_REPRESENTATION_CONTEXT(2) 
PARAMETRIC_REPRESENTATION_CONTEXT() REPRESENTATION_CONTEXT('2D SPACE',''
  ) );
#8185 = ORIENTED_EDGE('',*,*,#8186,.F.);
#8186 = EDGE_CURVE('',#8096,#8159,#8187,.T.);
#8187 = SURFACE_CURVE('',#8188,(#8192,#8199),.PCURVE_S1.);
#8188 = LINE('',#8189,#8190);
#8189 = CARTESIAN_POINT('',(0.42500042,-0.13750036,0.E+000));
#8190 = VECTOR('',#8191,1.);
#8191 = DIRECTION('',(-1.,0.E+000,0.E+000));
#8192 = PCURVE('',#8106,#8193);
#8193 = DEFINITIONAL_REPRESENTATION('',(#8194),#8198);
#8194 = LINE('',#8195,#8196);
#8195 = CARTESIAN_POINT('',(0.E+000,-0.E+000));
#8196 = VECTOR('',#8197,1.);
#8197 = DIRECTION('',(1.,0.E+000));
#8198 = ( GEOMETRIC_REPRESENTATION_CONTEXT(2) 
PARAMETRIC_REPRESENTATION_CONTEXT() REPRESENTATION_CONTEXT('2D SPACE',''
  ) );
#8199 = PCURVE('',#8200,#8205);
#8200 = PLANE('',#8201);
#8201 = AXIS2_PLACEMENT_3D('',#8202,#8203,#8204);
#8202 = CARTESIAN_POINT('',(0.42500042,-0.13750036,0.E+000));
#8203 = DIRECTION('',(0.E+000,0.E+000,1.));
#8204 = DIRECTION('',(1.,0.E+000,-0.E+000));
#8205 = DEFINITIONAL_REPRESENTATION('',(#8206),#8210);
#8206 = LINE('',#8207,#8208);
#8207 = CARTESIAN_POINT('',(0.E+000,0.E+000));
#8208 = VECTOR('',#8209,1.);
#8209 = DIRECTION('',(-1.,0.E+000));
#8210 = ( GEOMETRIC_REPRESENTATION_CONTEXT(2) 
PARAMETRIC_REPRESENTATION_CONTEXT() REPRESENTATION_CONTEXT('2D SPACE',''
  ) );
#8211 = ADVANCED_FACE('',(#8212),#8174,.T.);
#8212 = FACE_BOUND('',#8213,.T.);
#8213 = EDGE_LOOP('',(#8214,#8215,#8238,#8266));
#8214 = ORIENTED_EDGE('',*,*,#8158,.T.);
#8215 = ORIENTED_EDGE('',*,*,#8216,.T.);
#8216 = EDGE_CURVE('',#8131,#8217,#8219,.T.);
#8217 = VERTEX_POINT('',#8218);
#8218 = CARTESIAN_POINT('',(-0.42500042,0.13750036,0.45899832));
#8219 = SURFACE_CURVE('',#8220,(#8224,#8231),.PCURVE_S1.);
#8220 = LINE('',#8221,#8222);
#8221 = CARTESIAN_POINT('',(-0.42500042,-0.13750036,0.45899832));
#8222 = VECTOR('',#8223,1.);
#8223 = DIRECTION('',(0.E+000,1.,0.E+000));
#8224 = PCURVE('',#8174,#8225);
#8225 = DEFINITIONAL_REPRESENTATION('',(#8226),#8230);
#8226 = LINE('',#8227,#8228);
#8227 = CARTESIAN_POINT('',(0.E+000,-0.45899832));
#8228 = VECTOR('',#8229,1.);
#8229 = DIRECTION('',(1.,0.E+000));
#8230 = ( GEOMETRIC_REPRESENTATION_CONTEXT(2) 
PARAMETRIC_REPRESENTATION_CONTEXT() REPRESENTATION_CONTEXT('2D SPACE',''
  ) );
#8231 = PCURVE('',#8146,#8232);
#8232 = DEFINITIONAL_REPRESENTATION('',(#8233),#8237);
#8233 = LINE('',#8234,#8235);
#8234 = CARTESIAN_POINT('',(-0.85000084,0.E+000));
#8235 = VECTOR('',#8236,1.);
#8236 = DIRECTION('',(0.E+000,1.));
#8237 = ( GEOMETRIC_REPRESENTATION_CONTEXT(2) 
PARAMETRIC_REPRESENTATION_CONTEXT() REPRESENTATION_CONTEXT('2D SPACE',''
  ) );
#8238 = ORIENTED_EDGE('',*,*,#8239,.F.);
#8239 = EDGE_CURVE('',#8240,#8217,#8242,.T.);
#8240 = VERTEX_POINT('',#8241);
#8241 = CARTESIAN_POINT('',(-0.42500042,0.13750036,0.E+000));
#8242 = SURFACE_CURVE('',#8243,(#8247,#8254),.PCURVE_S1.);
#8243 = LINE('',#8244,#8245);
#8244 = CARTESIAN_POINT('',(-0.42500042,0.13750036,0.E+000));
#8245 = VECTOR('',#8246,1.);
#8246 = DIRECTION('',(0.E+000,0.E+000,1.));
#8247 = PCURVE('',#8174,#8248);
#8248 = DEFINITIONAL_REPRESENTATION('',(#8249),#8253);
#8249 = LINE('',#8250,#8251);
#8250 = CARTESIAN_POINT('',(0.27500072,0.E+000));
#8251 = VECTOR('',#8252,1.);
#8252 = DIRECTION('',(0.E+000,-1.));
#8253 = ( GEOMETRIC_REPRESENTATION_CONTEXT(2) 
PARAMETRIC_REPRESENTATION_CONTEXT() REPRESENTATION_CONTEXT('2D SPACE',''
  ) );
#8254 = PCURVE('',#8255,#8260);
#8255 = PLANE('',#8256);
#8256 = AXIS2_PLACEMENT_3D('',#8257,#8258,#8259);
#8257 = CARTESIAN_POINT('',(-0.42500042,0.13750036,0.E+000));
#8258 = DIRECTION('',(0.E+000,1.,0.E+000));
#8259 = DIRECTION('',(1.,0.E+000,0.E+000));
#8260 = DEFINITIONAL_REPRESENTATION('',(#8261),#8265);
#8261 = LINE('',#8262,#8263);
#8262 = CARTESIAN_POINT('',(0.E+000,0.E+000));
#8263 = VECTOR('',#8264,1.);
#8264 = DIRECTION('',(0.E+000,-1.));
#8265 = ( GEOMETRIC_REPRESENTATION_CONTEXT(2) 
PARAMETRIC_REPRESENTATION_CONTEXT() REPRESENTATION_CONTEXT('2D SPACE',''
  ) );
#8266 = ORIENTED_EDGE('',*,*,#8267,.F.);
#8267 = EDGE_CURVE('',#8159,#8240,#8268,.T.);
#8268 = SURFACE_CURVE('',#8269,(#8273,#8280),.PCURVE_S1.);
#8269 = LINE('',#8270,#8271);
#8270 = CARTESIAN_POINT('',(-0.42500042,-0.13750036,0.E+000));
#8271 = VECTOR('',#8272,1.);
#8272 = DIRECTION('',(0.E+000,1.,0.E+000));
#8273 = PCURVE('',#8174,#8274);
#8274 = DEFINITIONAL_REPRESENTATION('',(#8275),#8279);
#8275 = LINE('',#8276,#8277);
#8276 = CARTESIAN_POINT('',(0.E+000,0.E+000));
#8277 = VECTOR('',#8278,1.);
#8278 = DIRECTION('',(1.,0.E+000));
#8279 = ( GEOMETRIC_REPRESENTATION_CONTEXT(2) 
PARAMETRIC_REPRESENTATION_CONTEXT() REPRESENTATION_CONTEXT('2D SPACE',''
  ) );
#8280 = PCURVE('',#8200,#8281);
#8281 = DEFINITIONAL_REPRESENTATION('',(#8282),#8286);
#8282 = LINE('',#8283,#8284);
#8283 = CARTESIAN_POINT('',(-0.85000084,0.E+000));
#8284 = VECTOR('',#8285,1.);
#8285 = DIRECTION('',(0.E+000,1.));
#8286 = ( GEOMETRIC_REPRESENTATION_CONTEXT(2) 
PARAMETRIC_REPRESENTATION_CONTEXT() REPRESENTATION_CONTEXT('2D SPACE',''
  ) );
#8287 = ADVANCED_FACE('',(#8288),#8255,.T.);
#8288 = FACE_BOUND('',#8289,.T.);
#8289 = EDGE_LOOP('',(#8290,#8291,#8314,#8337));
#8290 = ORIENTED_EDGE('',*,*,#8239,.T.);
#8291 = ORIENTED_EDGE('',*,*,#8292,.T.);
#8292 = EDGE_CURVE('',#8217,#8293,#8295,.T.);
#8293 = VERTEX_POINT('',#8294);
#8294 = CARTESIAN_POINT('',(0.42500042,0.13750036,0.45899832));
#8295 = SURFACE_CURVE('',#8296,(#8300,#8307),.PCURVE_S1.);
#8296 = LINE('',#8297,#8298);
#8297 = CARTESIAN_POINT('',(-0.42500042,0.13750036,0.45899832));
#8298 = VECTOR('',#8299,1.);
#8299 = DIRECTION('',(1.,0.E+000,0.E+000));
#8300 = PCURVE('',#8255,#8301);
#8301 = DEFINITIONAL_REPRESENTATION('',(#8302),#8306);
#8302 = LINE('',#8303,#8304);
#8303 = CARTESIAN_POINT('',(0.E+000,-0.45899832));
#8304 = VECTOR('',#8305,1.);
#8305 = DIRECTION('',(1.,0.E+000));
#8306 = ( GEOMETRIC_REPRESENTATION_CONTEXT(2) 
PARAMETRIC_REPRESENTATION_CONTEXT() REPRESENTATION_CONTEXT('2D SPACE',''
  ) );
#8307 = PCURVE('',#8146,#8308);
#8308 = DEFINITIONAL_REPRESENTATION('',(#8309),#8313);
#8309 = LINE('',#8310,#8311);
#8310 = CARTESIAN_POINT('',(-0.85000084,0.27500072));
#8311 = VECTOR('',#8312,1.);
#8312 = DIRECTION('',(1.,0.E+000));
#8313 = ( GEOMETRIC_REPRESENTATION_CONTEXT(2) 
PARAMETRIC_REPRESENTATION_CONTEXT() REPRESENTATION_CONTEXT('2D SPACE',''
  ) );
#8314 = ORIENTED_EDGE('',*,*,#8315,.F.);
#8315 = EDGE_CURVE('',#8316,#8293,#8318,.T.);
#8316 = VERTEX_POINT('',#8317);
#8317 = CARTESIAN_POINT('',(0.42500042,0.13750036,0.E+000));
#8318 = SURFACE_CURVE('',#8319,(#8323,#8330),.PCURVE_S1.);
#8319 = LINE('',#8320,#8321);
#8320 = CARTESIAN_POINT('',(0.42500042,0.13750036,0.E+000));
#8321 = VECTOR('',#8322,1.);
#8322 = DIRECTION('',(0.E+000,0.E+000,1.));
#8323 = PCURVE('',#8255,#8324);
#8324 = DEFINITIONAL_REPRESENTATION('',(#8325),#8329);
#8325 = LINE('',#8326,#8327);
#8326 = CARTESIAN_POINT('',(0.85000084,0.E+000));
#8327 = VECTOR('',#8328,1.);
#8328 = DIRECTION('',(0.E+000,-1.));
#8329 = ( GEOMETRIC_REPRESENTATION_CONTEXT(2) 
PARAMETRIC_REPRESENTATION_CONTEXT() REPRESENTATION_CONTEXT('2D SPACE',''
  ) );
#8330 = PCURVE('',#8118,#8331);
#8331 = DEFINITIONAL_REPRESENTATION('',(#8332),#8336);
#8332 = LINE('',#8333,#8334);
#8333 = CARTESIAN_POINT('',(0.E+000,0.E+000));
#8334 = VECTOR('',#8335,1.);
#8335 = DIRECTION('',(0.E+000,-1.));
#8336 = ( GEOMETRIC_REPRESENTATION_CONTEXT(2) 
PARAMETRIC_REPRESENTATION_CONTEXT() REPRESENTATION_CONTEXT('2D SPACE',''
  ) );
#8337 = ORIENTED_EDGE('',*,*,#8338,.F.);
#8338 = EDGE_CURVE('',#8240,#8316,#8339,.T.);
#8339 = SURFACE_CURVE('',#8340,(#8344,#8351),.PCURVE_S1.);
#8340 = LINE('',#8341,#8342);
#8341 = CARTESIAN_POINT('',(-0.42500042,0.13750036,0.E+000));
#8342 = VECTOR('',#8343,1.);
#8343 = DIRECTION('',(1.,0.E+000,0.E+000));
#8344 = PCURVE('',#8255,#8345);
#8345 = DEFINITIONAL_REPRESENTATION('',(#8346),#8350);
#8346 = LINE('',#8347,#8348);
#8347 = CARTESIAN_POINT('',(0.E+000,0.E+000));
#8348 = VECTOR('',#8349,1.);
#8349 = DIRECTION('',(1.,0.E+000));
#8350 = ( GEOMETRIC_REPRESENTATION_CONTEXT(2) 
PARAMETRIC_REPRESENTATION_CONTEXT() REPRESENTATION_CONTEXT('2D SPACE',''
  ) );
#8351 = PCURVE('',#8200,#8352);
#8352 = DEFINITIONAL_REPRESENTATION('',(#8353),#8357);
#8353 = LINE('',#8354,#8355);
#8354 = CARTESIAN_POINT('',(-0.85000084,0.27500072));
#8355 = VECTOR('',#8356,1.);
#8356 = DIRECTION('',(1.,0.E+000));
#8357 = ( GEOMETRIC_REPRESENTATION_CONTEXT(2) 
PARAMETRIC_REPRESENTATION_CONTEXT() REPRESENTATION_CONTEXT('2D SPACE',''
  ) );
#8358 = ADVANCED_FACE('',(#8359),#8118,.T.);
#8359 = FACE_BOUND('',#8360,.T.);
#8360 = EDGE_LOOP('',(#8361,#8362,#8383,#8384));
#8361 = ORIENTED_EDGE('',*,*,#8315,.T.);
#8362 = ORIENTED_EDGE('',*,*,#8363,.T.);
#8363 = EDGE_CURVE('',#8293,#8098,#8364,.T.);
#8364 = SURFACE_CURVE('',#8365,(#8369,#8376),.PCURVE_S1.);
#8365 = LINE('',#8366,#8367);
#8366 = CARTESIAN_POINT('',(0.42500042,0.13750036,0.45899832));
#8367 = VECTOR('',#8368,1.);
#8368 = DIRECTION('',(0.E+000,-1.,0.E+000));
#8369 = PCURVE('',#8118,#8370);
#8370 = DEFINITIONAL_REPRESENTATION('',(#8371),#8375);
#8371 = LINE('',#8372,#8373);
#8372 = CARTESIAN_POINT('',(0.E+000,-0.45899832));
#8373 = VECTOR('',#8374,1.);
#8374 = DIRECTION('',(1.,0.E+000));
#8375 = ( GEOMETRIC_REPRESENTATION_CONTEXT(2) 
PARAMETRIC_REPRESENTATION_CONTEXT() REPRESENTATION_CONTEXT('2D SPACE',''
  ) );
#8376 = PCURVE('',#8146,#8377);
#8377 = DEFINITIONAL_REPRESENTATION('',(#8378),#8382);
#8378 = LINE('',#8379,#8380);
#8379 = CARTESIAN_POINT('',(0.E+000,0.27500072));
#8380 = VECTOR('',#8381,1.);
#8381 = DIRECTION('',(0.E+000,-1.));
#8382 = ( GEOMETRIC_REPRESENTATION_CONTEXT(2) 
PARAMETRIC_REPRESENTATION_CONTEXT() REPRESENTATION_CONTEXT('2D SPACE',''
  ) );
#8383 = ORIENTED_EDGE('',*,*,#8095,.F.);
#8384 = ORIENTED_EDGE('',*,*,#8385,.F.);
#8385 = EDGE_CURVE('',#8316,#8096,#8386,.T.);
#8386 = SURFACE_CURVE('',#8387,(#8391,#8398),.PCURVE_S1.);
#8387 = LINE('',#8388,#8389);
#8388 = CARTESIAN_POINT('',(0.42500042,0.13750036,0.E+000));
#8389 = VECTOR('',#8390,1.);
#8390 = DIRECTION('',(0.E+000,-1.,0.E+000));
#8391 = PCURVE('',#8118,#8392);
#8392 = DEFINITIONAL_REPRESENTATION('',(#8393),#8397);
#8393 = LINE('',#8394,#8395);
#8394 = CARTESIAN_POINT('',(0.E+000,0.E+000));
#8395 = VECTOR('',#8396,1.);
#8396 = DIRECTION('',(1.,0.E+000));
#8397 = ( GEOMETRIC_REPRESENTATION_CONTEXT(2) 
PARAMETRIC_REPRESENTATION_CONTEXT() REPRESENTATION_CONTEXT('2D SPACE',''
  ) );
#8398 = PCURVE('',#8200,#8399);
#8399 = DEFINITIONAL_REPRESENTATION('',(#8400),#8404);
#8400 = LINE('',#8401,#8402);
#8401 = CARTESIAN_POINT('',(0.E+000,0.27500072));
#8402 = VECTOR('',#8403,1.);
#8403 = DIRECTION('',(0.E+000,-1.));
#8404 = ( GEOMETRIC_REPRESENTATION_CONTEXT(2) 
PARAMETRIC_REPRESENTATION_CONTEXT() REPRESENTATION_CONTEXT('2D SPACE',''
  ) );
#8405 = ADVANCED_FACE('',(#8406),#8200,.F.);
#8406 = FACE_BOUND('',#8407,.T.);
#8407 = EDGE_LOOP('',(#8408,#8409,#8410,#8411));
#8408 = ORIENTED_EDGE('',*,*,#8186,.T.);
#8409 = ORIENTED_EDGE('',*,*,#8267,.T.);
#8410 = ORIENTED_EDGE('',*,*,#8338,.T.);
#8411 = ORIENTED_EDGE('',*,*,#8385,.T.);
#8412 = ADVANCED_FACE('',(#8413),#8146,.T.);
#8413 = FACE_BOUND('',#8414,.F.);
#8414 = EDGE_LOOP('',(#8415,#8416,#8417,#8418));
#8415 = ORIENTED_EDGE('',*,*,#8130,.T.);
#8416 = ORIENTED_EDGE('',*,*,#8216,.T.);
#8417 = ORIENTED_EDGE('',*,*,#8292,.T.);
#8418 = ORIENTED_EDGE('',*,*,#8363,.T.);
#8419 = ( GEOMETRIC_REPRESENTATION_CONTEXT(3) 
GLOBAL_UNCERTAINTY_ASSIGNED_CONTEXT((#8423)) 
GLOBAL_UNIT_ASSIGNED_CONTEXT((#8420,#8421,#8422)) REPRESENTATION_CONTEXT
('Context #1','3D Context with UNIT and UNCERTAINTY') );
#8420 = ( LENGTH_UNIT() NAMED_UNIT(*) SI_UNIT(.MILLI.,.METRE.) );
#8421 = ( NAMED_UNIT(*) PLANE_ANGLE_UNIT() SI_UNIT($,.RADIAN.) );
#8422 = ( NAMED_UNIT(*) SI_UNIT($,.STERADIAN.) SOLID_ANGLE_UNIT() );
#8423 = UNCERTAINTY_MEASURE_WITH_UNIT(LENGTH_MEASURE(1.E-007),#8420,
  'distance_accuracy_value','confusion accuracy');
#8424 = SHAPE_DEFINITION_REPRESENTATION(#8425,#8088);
#8425 = PRODUCT_DEFINITION_SHAPE('','',#8426);
#8426 = PRODUCT_DEFINITION('design','',#8427,#8430);
#8427 = PRODUCT_DEFINITION_FORMATION('','',#8428);
#8428 = PRODUCT('Extruded','Extruded','',(#8429));
#8429 = PRODUCT_CONTEXT('',#2,'mechanical');
#8430 = PRODUCT_DEFINITION_CONTEXT('part definition',#2,'design');
#8431 = CONTEXT_DEPENDENT_SHAPE_REPRESENTATION(#8432,#8434);
#8432 = ( REPRESENTATION_RELATIONSHIP('','',#8088,#8078) 
REPRESENTATION_RELATIONSHIP_WITH_TRANSFORMATION(#8433) 
SHAPE_REPRESENTATION_RELATIONSHIP() );
#8433 = ITEM_DEFINED_TRANSFORMATION('','',#11,#8079);
#8434 = PRODUCT_DEFINITION_SHAPE('Placement','Placement of an item',
  #8435);
#8435 = NEXT_ASSEMBLY_USAGE_OCCURRENCE('8','=>[0:1:1:2]','',#8073,#8426,
  $);
#8436 = PRODUCT_RELATED_PRODUCT_CATEGORY('part',$,(#8428));
#8437 = CONTEXT_DEPENDENT_SHAPE_REPRESENTATION(#8438,#8440);
#8438 = ( REPRESENTATION_RELATIONSHIP('','',#8078,#8053) 
REPRESENTATION_RELATIONSHIP_WITH_TRANSFORMATION(#8439) 
SHAPE_REPRESENTATION_RELATIONSHIP() );
#8439 = ITEM_DEFINED_TRANSFORMATION('','',#11,#8054);
#8440 = PRODUCT_DEFINITION_SHAPE('Placement','Placement of an item',
  #8441);
#8441 = NEXT_ASSEMBLY_USAGE_OCCURRENCE('9','=>[0:1:1:9]','',#8048,#8073,
  $);
#8442 = PRODUCT_RELATED_PRODUCT_CATEGORY('part',$,(#8075));
#8443 = CONTEXT_DEPENDENT_SHAPE_REPRESENTATION(#8444,#8446);
#8444 = ( REPRESENTATION_RELATIONSHIP('','',#8078,#8053) 
REPRESENTATION_RELATIONSHIP_WITH_TRANSFORMATION(#8445) 
SHAPE_REPRESENTATION_RELATIONSHIP() );
#8445 = ITEM_DEFINED_TRANSFORMATION('','',#11,#8058);
#8446 = PRODUCT_DEFINITION_SHAPE('Placement','Placement of an item',
  #8447);
#8447 = NEXT_ASSEMBLY_USAGE_OCCURRENCE('10','=>[0:1:1:9]','',#8048,#8073
  ,$);
#8448 = SHAPE_DEFINITION_REPRESENTATION(#8449,#8455);
#8449 = PRODUCT_DEFINITION_SHAPE('','',#8450);
#8450 = PRODUCT_DEFINITION('design','',#8451,#8454);
#8451 = PRODUCT_DEFINITION_FORMATION('','',#8452);
#8452 = PRODUCT('868861840','868861840','',(#8453));
#8453 = PRODUCT_CONTEXT('',#2,'mechanical');
#8454 = PRODUCT_DEFINITION_CONTEXT('part definition',#2,'design');
#8455 = SHAPE_REPRESENTATION('',(#11,#8456),#8460);
#8456 = AXIS2_PLACEMENT_3D('',#8457,#8458,#8459);
#8457 = CARTESIAN_POINT('',(0.E+000,0.E+000,0.E+000));
#8458 = DIRECTION('',(0.E+000,0.E+000,1.));
#8459 = DIRECTION('',(1.,0.E+000,0.E+000));
#8460 = ( GEOMETRIC_REPRESENTATION_CONTEXT(3) 
GLOBAL_UNCERTAINTY_ASSIGNED_CONTEXT((#8464)) 
GLOBAL_UNIT_ASSIGNED_CONTEXT((#8461,#8462,#8463)) REPRESENTATION_CONTEXT
('Context #1','3D Context with UNIT and UNCERTAINTY') );
#8461 = ( LENGTH_UNIT() NAMED_UNIT(*) SI_UNIT(.MILLI.,.METRE.) );
#8462 = ( NAMED_UNIT(*) PLANE_ANGLE_UNIT() SI_UNIT($,.RADIAN.) );
#8463 = ( NAMED_UNIT(*) SI_UNIT($,.STERADIAN.) SOLID_ANGLE_UNIT() );
#8464 = UNCERTAINTY_MEASURE_WITH_UNIT(LENGTH_MEASURE(1.E-007),#8461,
  'distance_accuracy_value','confusion accuracy');
#8465 = ADVANCED_BREP_SHAPE_REPRESENTATION('',(#11,#8466),#8796);
#8466 = MANIFOLD_SOLID_BREP('',#8467);
#8467 = CLOSED_SHELL('',(#8468,#8588,#8664,#8735,#8782,#8789));
#8468 = ADVANCED_FACE('',(#8469),#8483,.T.);
#8469 = FACE_BOUND('',#8470,.T.);
#8470 = EDGE_LOOP('',(#8471,#8506,#8534,#8562));
#8471 = ORIENTED_EDGE('',*,*,#8472,.T.);
#8472 = EDGE_CURVE('',#8473,#8475,#8477,.T.);
#8473 = VERTEX_POINT('',#8474);
#8474 = CARTESIAN_POINT('',(-0.3999992,-0.75000104,0.E+000));
#8475 = VERTEX_POINT('',#8476);
#8476 = CARTESIAN_POINT('',(-0.3999992,-0.75000104,0.42499788));
#8477 = SURFACE_CURVE('',#8478,(#8482,#8494),.PCURVE_S1.);
#8478 = LINE('',#8479,#8480);
#8479 = CARTESIAN_POINT('',(-0.3999992,-0.75000104,0.E+000));
#8480 = VECTOR('',#8481,1.);
#8481 = DIRECTION('',(0.E+000,0.E+000,1.));
#8482 = PCURVE('',#8483,#8488);
#8483 = PLANE('',#8484);
#8484 = AXIS2_PLACEMENT_3D('',#8485,#8486,#8487);
#8485 = CARTESIAN_POINT('',(-0.3999992,-0.75000104,0.E+000));
#8486 = DIRECTION('',(-1.,0.E+000,0.E+000));
#8487 = DIRECTION('',(0.E+000,1.,0.E+000));
#8488 = DEFINITIONAL_REPRESENTATION('',(#8489),#8493);
#8489 = LINE('',#8490,#8491);
#8490 = CARTESIAN_POINT('',(0.E+000,0.E+000));
#8491 = VECTOR('',#8492,1.);
#8492 = DIRECTION('',(0.E+000,-1.));
#8493 = ( GEOMETRIC_REPRESENTATION_CONTEXT(2) 
PARAMETRIC_REPRESENTATION_CONTEXT() REPRESENTATION_CONTEXT('2D SPACE',''
  ) );
#8494 = PCURVE('',#8495,#8500);
#8495 = PLANE('',#8496);
#8496 = AXIS2_PLACEMENT_3D('',#8497,#8498,#8499);
#8497 = CARTESIAN_POINT('',(0.3999992,-0.75000104,0.E+000));
#8498 = DIRECTION('',(0.E+000,-1.,0.E+000));
#8499 = DIRECTION('',(-1.,0.E+000,0.E+000));
#8500 = DEFINITIONAL_REPRESENTATION('',(#8501),#8505);
#8501 = LINE('',#8502,#8503);
#8502 = CARTESIAN_POINT('',(0.7999984,0.E+000));
#8503 = VECTOR('',#8504,1.);
#8504 = DIRECTION('',(0.E+000,-1.));
#8505 = ( GEOMETRIC_REPRESENTATION_CONTEXT(2) 
PARAMETRIC_REPRESENTATION_CONTEXT() REPRESENTATION_CONTEXT('2D SPACE',''
  ) );
#8506 = ORIENTED_EDGE('',*,*,#8507,.T.);
#8507 = EDGE_CURVE('',#8475,#8508,#8510,.T.);
#8508 = VERTEX_POINT('',#8509);
#8509 = CARTESIAN_POINT('',(-0.3999992,0.75000104,0.42499788));
#8510 = SURFACE_CURVE('',#8511,(#8515,#8522),.PCURVE_S1.);
#8511 = LINE('',#8512,#8513);
#8512 = CARTESIAN_POINT('',(-0.3999992,-0.75000104,0.42499788));
#8513 = VECTOR('',#8514,1.);
#8514 = DIRECTION('',(0.E+000,1.,0.E+000));
#8515 = PCURVE('',#8483,#8516);
#8516 = DEFINITIONAL_REPRESENTATION('',(#8517),#8521);
#8517 = LINE('',#8518,#8519);
#8518 = CARTESIAN_POINT('',(0.E+000,-0.42499788));
#8519 = VECTOR('',#8520,1.);
#8520 = DIRECTION('',(1.,0.E+000));
#8521 = ( GEOMETRIC_REPRESENTATION_CONTEXT(2) 
PARAMETRIC_REPRESENTATION_CONTEXT() REPRESENTATION_CONTEXT('2D SPACE',''
  ) );
#8522 = PCURVE('',#8523,#8528);
#8523 = PLANE('',#8524);
#8524 = AXIS2_PLACEMENT_3D('',#8525,#8526,#8527);
#8525 = CARTESIAN_POINT('',(-0.3999992,-0.75000104,0.42499788));
#8526 = DIRECTION('',(0.E+000,0.E+000,1.));
#8527 = DIRECTION('',(1.,0.E+000,-0.E+000));
#8528 = DEFINITIONAL_REPRESENTATION('',(#8529),#8533);
#8529 = LINE('',#8530,#8531);
#8530 = CARTESIAN_POINT('',(0.E+000,0.E+000));
#8531 = VECTOR('',#8532,1.);
#8532 = DIRECTION('',(0.E+000,1.));
#8533 = ( GEOMETRIC_REPRESENTATION_CONTEXT(2) 
PARAMETRIC_REPRESENTATION_CONTEXT() REPRESENTATION_CONTEXT('2D SPACE',''
  ) );
#8534 = ORIENTED_EDGE('',*,*,#8535,.F.);
#8535 = EDGE_CURVE('',#8536,#8508,#8538,.T.);
#8536 = VERTEX_POINT('',#8537);
#8537 = CARTESIAN_POINT('',(-0.3999992,0.75000104,0.E+000));
#8538 = SURFACE_CURVE('',#8539,(#8543,#8550),.PCURVE_S1.);
#8539 = LINE('',#8540,#8541);
#8540 = CARTESIAN_POINT('',(-0.3999992,0.75000104,0.E+000));
#8541 = VECTOR('',#8542,1.);
#8542 = DIRECTION('',(0.E+000,0.E+000,1.));
#8543 = PCURVE('',#8483,#8544);
#8544 = DEFINITIONAL_REPRESENTATION('',(#8545),#8549);
#8545 = LINE('',#8546,#8547);
#8546 = CARTESIAN_POINT('',(1.50000208,0.E+000));
#8547 = VECTOR('',#8548,1.);
#8548 = DIRECTION('',(0.E+000,-1.));
#8549 = ( GEOMETRIC_REPRESENTATION_CONTEXT(2) 
PARAMETRIC_REPRESENTATION_CONTEXT() REPRESENTATION_CONTEXT('2D SPACE',''
  ) );
#8550 = PCURVE('',#8551,#8556);
#8551 = PLANE('',#8552);
#8552 = AXIS2_PLACEMENT_3D('',#8553,#8554,#8555);
#8553 = CARTESIAN_POINT('',(-0.3999992,0.75000104,0.E+000));
#8554 = DIRECTION('',(0.E+000,1.,0.E+000));
#8555 = DIRECTION('',(1.,0.E+000,0.E+000));
#8556 = DEFINITIONAL_REPRESENTATION('',(#8557),#8561);
#8557 = LINE('',#8558,#8559);
#8558 = CARTESIAN_POINT('',(0.E+000,0.E+000));
#8559 = VECTOR('',#8560,1.);
#8560 = DIRECTION('',(0.E+000,-1.));
#8561 = ( GEOMETRIC_REPRESENTATION_CONTEXT(2) 
PARAMETRIC_REPRESENTATION_CONTEXT() REPRESENTATION_CONTEXT('2D SPACE',''
  ) );
#8562 = ORIENTED_EDGE('',*,*,#8563,.F.);
#8563 = EDGE_CURVE('',#8473,#8536,#8564,.T.);
#8564 = SURFACE_CURVE('',#8565,(#8569,#8576),.PCURVE_S1.);
#8565 = LINE('',#8566,#8567);
#8566 = CARTESIAN_POINT('',(-0.3999992,-0.75000104,0.E+000));
#8567 = VECTOR('',#8568,1.);
#8568 = DIRECTION('',(0.E+000,1.,0.E+000));
#8569 = PCURVE('',#8483,#8570);
#8570 = DEFINITIONAL_REPRESENTATION('',(#8571),#8575);
#8571 = LINE('',#8572,#8573);
#8572 = CARTESIAN_POINT('',(0.E+000,0.E+000));
#8573 = VECTOR('',#8574,1.);
#8574 = DIRECTION('',(1.,0.E+000));
#8575 = ( GEOMETRIC_REPRESENTATION_CONTEXT(2) 
PARAMETRIC_REPRESENTATION_CONTEXT() REPRESENTATION_CONTEXT('2D SPACE',''
  ) );
#8576 = PCURVE('',#8577,#8582);
#8577 = PLANE('',#8578);
#8578 = AXIS2_PLACEMENT_3D('',#8579,#8580,#8581);
#8579 = CARTESIAN_POINT('',(-0.3999992,-0.75000104,0.E+000));
#8580 = DIRECTION('',(0.E+000,0.E+000,1.));
#8581 = DIRECTION('',(1.,0.E+000,-0.E+000));
#8582 = DEFINITIONAL_REPRESENTATION('',(#8583),#8587);
#8583 = LINE('',#8584,#8585);
#8584 = CARTESIAN_POINT('',(0.E+000,0.E+000));
#8585 = VECTOR('',#8586,1.);
#8586 = DIRECTION('',(0.E+000,1.));
#8587 = ( GEOMETRIC_REPRESENTATION_CONTEXT(2) 
PARAMETRIC_REPRESENTATION_CONTEXT() REPRESENTATION_CONTEXT('2D SPACE',''
  ) );
#8588 = ADVANCED_FACE('',(#8589),#8551,.T.);
#8589 = FACE_BOUND('',#8590,.T.);
#8590 = EDGE_LOOP('',(#8591,#8592,#8615,#8643));
#8591 = ORIENTED_EDGE('',*,*,#8535,.T.);
#8592 = ORIENTED_EDGE('',*,*,#8593,.T.);
#8593 = EDGE_CURVE('',#8508,#8594,#8596,.T.);
#8594 = VERTEX_POINT('',#8595);
#8595 = CARTESIAN_POINT('',(0.3999992,0.75000104,0.42499788));
#8596 = SURFACE_CURVE('',#8597,(#8601,#8608),.PCURVE_S1.);
#8597 = LINE('',#8598,#8599);
#8598 = CARTESIAN_POINT('',(-0.3999992,0.75000104,0.42499788));
#8599 = VECTOR('',#8600,1.);
#8600 = DIRECTION('',(1.,0.E+000,0.E+000));
#8601 = PCURVE('',#8551,#8602);
#8602 = DEFINITIONAL_REPRESENTATION('',(#8603),#8607);
#8603 = LINE('',#8604,#8605);
#8604 = CARTESIAN_POINT('',(0.E+000,-0.42499788));
#8605 = VECTOR('',#8606,1.);
#8606 = DIRECTION('',(1.,0.E+000));
#8607 = ( GEOMETRIC_REPRESENTATION_CONTEXT(2) 
PARAMETRIC_REPRESENTATION_CONTEXT() REPRESENTATION_CONTEXT('2D SPACE',''
  ) );
#8608 = PCURVE('',#8523,#8609);
#8609 = DEFINITIONAL_REPRESENTATION('',(#8610),#8614);
#8610 = LINE('',#8611,#8612);
#8611 = CARTESIAN_POINT('',(0.E+000,1.50000208));
#8612 = VECTOR('',#8613,1.);
#8613 = DIRECTION('',(1.,0.E+000));
#8614 = ( GEOMETRIC_REPRESENTATION_CONTEXT(2) 
PARAMETRIC_REPRESENTATION_CONTEXT() REPRESENTATION_CONTEXT('2D SPACE',''
  ) );
#8615 = ORIENTED_EDGE('',*,*,#8616,.F.);
#8616 = EDGE_CURVE('',#8617,#8594,#8619,.T.);
#8617 = VERTEX_POINT('',#8618);
#8618 = CARTESIAN_POINT('',(0.3999992,0.75000104,0.E+000));
#8619 = SURFACE_CURVE('',#8620,(#8624,#8631),.PCURVE_S1.);
#8620 = LINE('',#8621,#8622);
#8621 = CARTESIAN_POINT('',(0.3999992,0.75000104,0.E+000));
#8622 = VECTOR('',#8623,1.);
#8623 = DIRECTION('',(0.E+000,0.E+000,1.));
#8624 = PCURVE('',#8551,#8625);
#8625 = DEFINITIONAL_REPRESENTATION('',(#8626),#8630);
#8626 = LINE('',#8627,#8628);
#8627 = CARTESIAN_POINT('',(0.7999984,0.E+000));
#8628 = VECTOR('',#8629,1.);
#8629 = DIRECTION('',(0.E+000,-1.));
#8630 = ( GEOMETRIC_REPRESENTATION_CONTEXT(2) 
PARAMETRIC_REPRESENTATION_CONTEXT() REPRESENTATION_CONTEXT('2D SPACE',''
  ) );
#8631 = PCURVE('',#8632,#8637);
#8632 = PLANE('',#8633);
#8633 = AXIS2_PLACEMENT_3D('',#8634,#8635,#8636);
#8634 = CARTESIAN_POINT('',(0.3999992,0.75000104,0.E+000));
#8635 = DIRECTION('',(1.,0.E+000,-0.E+000));
#8636 = DIRECTION('',(0.E+000,-1.,0.E+000));
#8637 = DEFINITIONAL_REPRESENTATION('',(#8638),#8642);
#8638 = LINE('',#8639,#8640);
#8639 = CARTESIAN_POINT('',(0.E+000,0.E+000));
#8640 = VECTOR('',#8641,1.);
#8641 = DIRECTION('',(0.E+000,-1.));
#8642 = ( GEOMETRIC_REPRESENTATION_CONTEXT(2) 
PARAMETRIC_REPRESENTATION_CONTEXT() REPRESENTATION_CONTEXT('2D SPACE',''
  ) );
#8643 = ORIENTED_EDGE('',*,*,#8644,.F.);
#8644 = EDGE_CURVE('',#8536,#8617,#8645,.T.);
#8645 = SURFACE_CURVE('',#8646,(#8650,#8657),.PCURVE_S1.);
#8646 = LINE('',#8647,#8648);
#8647 = CARTESIAN_POINT('',(-0.3999992,0.75000104,0.E+000));
#8648 = VECTOR('',#8649,1.);
#8649 = DIRECTION('',(1.,0.E+000,0.E+000));
#8650 = PCURVE('',#8551,#8651);
#8651 = DEFINITIONAL_REPRESENTATION('',(#8652),#8656);
#8652 = LINE('',#8653,#8654);
#8653 = CARTESIAN_POINT('',(0.E+000,0.E+000));
#8654 = VECTOR('',#8655,1.);
#8655 = DIRECTION('',(1.,0.E+000));
#8656 = ( GEOMETRIC_REPRESENTATION_CONTEXT(2) 
PARAMETRIC_REPRESENTATION_CONTEXT() REPRESENTATION_CONTEXT('2D SPACE',''
  ) );
#8657 = PCURVE('',#8577,#8658);
#8658 = DEFINITIONAL_REPRESENTATION('',(#8659),#8663);
#8659 = LINE('',#8660,#8661);
#8660 = CARTESIAN_POINT('',(0.E+000,1.50000208));
#8661 = VECTOR('',#8662,1.);
#8662 = DIRECTION('',(1.,0.E+000));
#8663 = ( GEOMETRIC_REPRESENTATION_CONTEXT(2) 
PARAMETRIC_REPRESENTATION_CONTEXT() REPRESENTATION_CONTEXT('2D SPACE',''
  ) );
#8664 = ADVANCED_FACE('',(#8665),#8632,.T.);
#8665 = FACE_BOUND('',#8666,.T.);
#8666 = EDGE_LOOP('',(#8667,#8668,#8691,#8714));
#8667 = ORIENTED_EDGE('',*,*,#8616,.T.);
#8668 = ORIENTED_EDGE('',*,*,#8669,.T.);
#8669 = EDGE_CURVE('',#8594,#8670,#8672,.T.);
#8670 = VERTEX_POINT('',#8671);
#8671 = CARTESIAN_POINT('',(0.3999992,-0.75000104,0.42499788));
#8672 = SURFACE_CURVE('',#8673,(#8677,#8684),.PCURVE_S1.);
#8673 = LINE('',#8674,#8675);
#8674 = CARTESIAN_POINT('',(0.3999992,0.75000104,0.42499788));
#8675 = VECTOR('',#8676,1.);
#8676 = DIRECTION('',(0.E+000,-1.,0.E+000));
#8677 = PCURVE('',#8632,#8678);
#8678 = DEFINITIONAL_REPRESENTATION('',(#8679),#8683);
#8679 = LINE('',#8680,#8681);
#8680 = CARTESIAN_POINT('',(0.E+000,-0.42499788));
#8681 = VECTOR('',#8682,1.);
#8682 = DIRECTION('',(1.,0.E+000));
#8683 = ( GEOMETRIC_REPRESENTATION_CONTEXT(2) 
PARAMETRIC_REPRESENTATION_CONTEXT() REPRESENTATION_CONTEXT('2D SPACE',''
  ) );
#8684 = PCURVE('',#8523,#8685);
#8685 = DEFINITIONAL_REPRESENTATION('',(#8686),#8690);
#8686 = LINE('',#8687,#8688);
#8687 = CARTESIAN_POINT('',(0.7999984,1.50000208));
#8688 = VECTOR('',#8689,1.);
#8689 = DIRECTION('',(0.E+000,-1.));
#8690 = ( GEOMETRIC_REPRESENTATION_CONTEXT(2) 
PARAMETRIC_REPRESENTATION_CONTEXT() REPRESENTATION_CONTEXT('2D SPACE',''
  ) );
#8691 = ORIENTED_EDGE('',*,*,#8692,.F.);
#8692 = EDGE_CURVE('',#8693,#8670,#8695,.T.);
#8693 = VERTEX_POINT('',#8694);
#8694 = CARTESIAN_POINT('',(0.3999992,-0.75000104,0.E+000));
#8695 = SURFACE_CURVE('',#8696,(#8700,#8707),.PCURVE_S1.);
#8696 = LINE('',#8697,#8698);
#8697 = CARTESIAN_POINT('',(0.3999992,-0.75000104,0.E+000));
#8698 = VECTOR('',#8699,1.);
#8699 = DIRECTION('',(0.E+000,0.E+000,1.));
#8700 = PCURVE('',#8632,#8701);
#8701 = DEFINITIONAL_REPRESENTATION('',(#8702),#8706);
#8702 = LINE('',#8703,#8704);
#8703 = CARTESIAN_POINT('',(1.50000208,0.E+000));
#8704 = VECTOR('',#8705,1.);
#8705 = DIRECTION('',(0.E+000,-1.));
#8706 = ( GEOMETRIC_REPRESENTATION_CONTEXT(2) 
PARAMETRIC_REPRESENTATION_CONTEXT() REPRESENTATION_CONTEXT('2D SPACE',''
  ) );
#8707 = PCURVE('',#8495,#8708);
#8708 = DEFINITIONAL_REPRESENTATION('',(#8709),#8713);
#8709 = LINE('',#8710,#8711);
#8710 = CARTESIAN_POINT('',(0.E+000,-0.E+000));
#8711 = VECTOR('',#8712,1.);
#8712 = DIRECTION('',(0.E+000,-1.));
#8713 = ( GEOMETRIC_REPRESENTATION_CONTEXT(2) 
PARAMETRIC_REPRESENTATION_CONTEXT() REPRESENTATION_CONTEXT('2D SPACE',''
  ) );
#8714 = ORIENTED_EDGE('',*,*,#8715,.F.);
#8715 = EDGE_CURVE('',#8617,#8693,#8716,.T.);
#8716 = SURFACE_CURVE('',#8717,(#8721,#8728),.PCURVE_S1.);
#8717 = LINE('',#8718,#8719);
#8718 = CARTESIAN_POINT('',(0.3999992,0.75000104,0.E+000));
#8719 = VECTOR('',#8720,1.);
#8720 = DIRECTION('',(0.E+000,-1.,0.E+000));
#8721 = PCURVE('',#8632,#8722);
#8722 = DEFINITIONAL_REPRESENTATION('',(#8723),#8727);
#8723 = LINE('',#8724,#8725);
#8724 = CARTESIAN_POINT('',(0.E+000,0.E+000));
#8725 = VECTOR('',#8726,1.);
#8726 = DIRECTION('',(1.,0.E+000));
#8727 = ( GEOMETRIC_REPRESENTATION_CONTEXT(2) 
PARAMETRIC_REPRESENTATION_CONTEXT() REPRESENTATION_CONTEXT('2D SPACE',''
  ) );
#8728 = PCURVE('',#8577,#8729);
#8729 = DEFINITIONAL_REPRESENTATION('',(#8730),#8734);
#8730 = LINE('',#8731,#8732);
#8731 = CARTESIAN_POINT('',(0.7999984,1.50000208));
#8732 = VECTOR('',#8733,1.);
#8733 = DIRECTION('',(0.E+000,-1.));
#8734 = ( GEOMETRIC_REPRESENTATION_CONTEXT(2) 
PARAMETRIC_REPRESENTATION_CONTEXT() REPRESENTATION_CONTEXT('2D SPACE',''
  ) );
#8735 = ADVANCED_FACE('',(#8736),#8495,.T.);
#8736 = FACE_BOUND('',#8737,.T.);
#8737 = EDGE_LOOP('',(#8738,#8739,#8760,#8761));
#8738 = ORIENTED_EDGE('',*,*,#8692,.T.);
#8739 = ORIENTED_EDGE('',*,*,#8740,.T.);
#8740 = EDGE_CURVE('',#8670,#8475,#8741,.T.);
#8741 = SURFACE_CURVE('',#8742,(#8746,#8753),.PCURVE_S1.);
#8742 = LINE('',#8743,#8744);
#8743 = CARTESIAN_POINT('',(0.3999992,-0.75000104,0.42499788));
#8744 = VECTOR('',#8745,1.);
#8745 = DIRECTION('',(-1.,0.E+000,0.E+000));
#8746 = PCURVE('',#8495,#8747);
#8747 = DEFINITIONAL_REPRESENTATION('',(#8748),#8752);
#8748 = LINE('',#8749,#8750);
#8749 = CARTESIAN_POINT('',(0.E+000,-0.42499788));
#8750 = VECTOR('',#8751,1.);
#8751 = DIRECTION('',(1.,0.E+000));
#8752 = ( GEOMETRIC_REPRESENTATION_CONTEXT(2) 
PARAMETRIC_REPRESENTATION_CONTEXT() REPRESENTATION_CONTEXT('2D SPACE',''
  ) );
#8753 = PCURVE('',#8523,#8754);
#8754 = DEFINITIONAL_REPRESENTATION('',(#8755),#8759);
#8755 = LINE('',#8756,#8757);
#8756 = CARTESIAN_POINT('',(0.7999984,0.E+000));
#8757 = VECTOR('',#8758,1.);
#8758 = DIRECTION('',(-1.,0.E+000));
#8759 = ( GEOMETRIC_REPRESENTATION_CONTEXT(2) 
PARAMETRIC_REPRESENTATION_CONTEXT() REPRESENTATION_CONTEXT('2D SPACE',''
  ) );
#8760 = ORIENTED_EDGE('',*,*,#8472,.F.);
#8761 = ORIENTED_EDGE('',*,*,#8762,.F.);
#8762 = EDGE_CURVE('',#8693,#8473,#8763,.T.);
#8763 = SURFACE_CURVE('',#8764,(#8768,#8775),.PCURVE_S1.);
#8764 = LINE('',#8765,#8766);
#8765 = CARTESIAN_POINT('',(0.3999992,-0.75000104,0.E+000));
#8766 = VECTOR('',#8767,1.);
#8767 = DIRECTION('',(-1.,0.E+000,0.E+000));
#8768 = PCURVE('',#8495,#8769);
#8769 = DEFINITIONAL_REPRESENTATION('',(#8770),#8774);
#8770 = LINE('',#8771,#8772);
#8771 = CARTESIAN_POINT('',(0.E+000,-0.E+000));
#8772 = VECTOR('',#8773,1.);
#8773 = DIRECTION('',(1.,0.E+000));
#8774 = ( GEOMETRIC_REPRESENTATION_CONTEXT(2) 
PARAMETRIC_REPRESENTATION_CONTEXT() REPRESENTATION_CONTEXT('2D SPACE',''
  ) );
#8775 = PCURVE('',#8577,#8776);
#8776 = DEFINITIONAL_REPRESENTATION('',(#8777),#8781);
#8777 = LINE('',#8778,#8779);
#8778 = CARTESIAN_POINT('',(0.7999984,0.E+000));
#8779 = VECTOR('',#8780,1.);
#8780 = DIRECTION('',(-1.,0.E+000));
#8781 = ( GEOMETRIC_REPRESENTATION_CONTEXT(2) 
PARAMETRIC_REPRESENTATION_CONTEXT() REPRESENTATION_CONTEXT('2D SPACE',''
  ) );
#8782 = ADVANCED_FACE('',(#8783),#8577,.F.);
#8783 = FACE_BOUND('',#8784,.T.);
#8784 = EDGE_LOOP('',(#8785,#8786,#8787,#8788));
#8785 = ORIENTED_EDGE('',*,*,#8563,.T.);
#8786 = ORIENTED_EDGE('',*,*,#8644,.T.);
#8787 = ORIENTED_EDGE('',*,*,#8715,.T.);
#8788 = ORIENTED_EDGE('',*,*,#8762,.T.);
#8789 = ADVANCED_FACE('',(#8790),#8523,.T.);
#8790 = FACE_BOUND('',#8791,.F.);
#8791 = EDGE_LOOP('',(#8792,#8793,#8794,#8795));
#8792 = ORIENTED_EDGE('',*,*,#8507,.T.);
#8793 = ORIENTED_EDGE('',*,*,#8593,.T.);
#8794 = ORIENTED_EDGE('',*,*,#8669,.T.);
#8795 = ORIENTED_EDGE('',*,*,#8740,.T.);
#8796 = ( GEOMETRIC_REPRESENTATION_CONTEXT(3) 
GLOBAL_UNCERTAINTY_ASSIGNED_CONTEXT((#8800)) 
GLOBAL_UNIT_ASSIGNED_CONTEXT((#8797,#8798,#8799)) REPRESENTATION_CONTEXT
('Context #1','3D Context with UNIT and UNCERTAINTY') );
#8797 = ( LENGTH_UNIT() NAMED_UNIT(*) SI_UNIT(.MILLI.,.METRE.) );
#8798 = ( NAMED_UNIT(*) PLANE_ANGLE_UNIT() SI_UNIT($,.RADIAN.) );
#8799 = ( NAMED_UNIT(*) SI_UNIT($,.STERADIAN.) SOLID_ANGLE_UNIT() );
#8800 = UNCERTAINTY_MEASURE_WITH_UNIT(LENGTH_MEASURE(1.E-007),#8797,
  'distance_accuracy_value','confusion accuracy');
#8801 = SHAPE_DEFINITION_REPRESENTATION(#8802,#8465);
#8802 = PRODUCT_DEFINITION_SHAPE('','',#8803);
#8803 = PRODUCT_DEFINITION('design','',#8804,#8807);
#8804 = PRODUCT_DEFINITION_FORMATION('','',#8805);
#8805 = PRODUCT('Extruded','Extruded','',(#8806));
#8806 = PRODUCT_CONTEXT('',#2,'mechanical');
#8807 = PRODUCT_DEFINITION_CONTEXT('part definition',#2,'design');
#8808 = CONTEXT_DEPENDENT_SHAPE_REPRESENTATION(#8809,#8811);
#8809 = ( REPRESENTATION_RELATIONSHIP('','',#8465,#8455) 
REPRESENTATION_RELATIONSHIP_WITH_TRANSFORMATION(#8810) 
SHAPE_REPRESENTATION_RELATIONSHIP() );
#8810 = ITEM_DEFINED_TRANSFORMATION('','',#11,#8456);
#8811 = PRODUCT_DEFINITION_SHAPE('Placement','Placement of an item',
  #8812);
#8812 = NEXT_ASSEMBLY_USAGE_OCCURRENCE('11','=>[0:1:1:2]','',#8450,#8803
  ,$);
#8813 = PRODUCT_RELATED_PRODUCT_CATEGORY('part',$,(#8805));
#8814 = CONTEXT_DEPENDENT_SHAPE_REPRESENTATION(#8815,#8817);
#8815 = ( REPRESENTATION_RELATIONSHIP('','',#8455,#8053) 
REPRESENTATION_RELATIONSHIP_WITH_TRANSFORMATION(#8816) 
SHAPE_REPRESENTATION_RELATIONSHIP() );
#8816 = ITEM_DEFINED_TRANSFORMATION('','',#11,#8062);
#8817 = PRODUCT_DEFINITION_SHAPE('Placement','Placement of an item',
  #8818);
#8818 = NEXT_ASSEMBLY_USAGE_OCCURRENCE('12','=>[0:1:1:11]','',#8048,
  #8450,$);
#8819 = PRODUCT_RELATED_PRODUCT_CATEGORY('part',$,(#8452));
#8820 = CONTEXT_DEPENDENT_SHAPE_REPRESENTATION(#8821,#8823);
#8821 = ( REPRESENTATION_RELATIONSHIP('','',#8053,#10) 
REPRESENTATION_RELATIONSHIP_WITH_TRANSFORMATION(#8822) 
SHAPE_REPRESENTATION_RELATIONSHIP() );
#8822 = ITEM_DEFINED_TRANSFORMATION('','',#11,#23);
#8823 = PRODUCT_DEFINITION_SHAPE('Placement','Placement of an item',
  #8824);
#8824 = NEXT_ASSEMBLY_USAGE_OCCURRENCE('13','=>[0:1:1:8]','',#5,#8048,$
  );
#8825 = PRODUCT_RELATED_PRODUCT_CATEGORY('part',$,(#8050));
#8826 = SHAPE_DEFINITION_REPRESENTATION(#8827,#8833);
#8827 = PRODUCT_DEFINITION_SHAPE('','',#8828);
#8828 = PRODUCT_DEFINITION('design','',#8829,#8832);
#8829 = PRODUCT_DEFINITION_FORMATION('','',#8830);
#8830 = PRODUCT('C6','C6','',(#8831));
#8831 = PRODUCT_CONTEXT('',#2,'mechanical');
#8832 = PRODUCT_DEFINITION_CONTEXT('part definition',#2,'design');
#8833 = SHAPE_REPRESENTATION('',(#11,#8834,#8838,#8842),#8846);
#8834 = AXIS2_PLACEMENT_3D('',#8835,#8836,#8837);
#8835 = CARTESIAN_POINT('',(50.55240137832,13.309658025566,
    1.000759541057E-003));
#8836 = DIRECTION('',(0.E+000,0.E+000,1.));
#8837 = DIRECTION('',(1.,0.E+000,0.E+000));
#8838 = AXIS2_PLACEMENT_3D('',#8839,#8840,#8841);
#8839 = CARTESIAN_POINT('',(50.55240137832,14.681213353936,
    1.000759541057E-003));
#8840 = DIRECTION('',(0.E+000,0.E+000,1.));
#8841 = DIRECTION('',(1.,0.E+000,0.E+000));
#8842 = AXIS2_PLACEMENT_3D('',#8843,#8844,#8845);
#8843 = CARTESIAN_POINT('',(50.55240137832,13.995399450127,
    2.500120922923E-002));
#8844 = DIRECTION('',(0.E+000,0.E+000,1.));
#8845 = DIRECTION('',(1.,0.E+000,0.E+000));
#8846 = ( GEOMETRIC_REPRESENTATION_CONTEXT(3) 
GLOBAL_UNCERTAINTY_ASSIGNED_CONTEXT((#8850)) 
GLOBAL_UNIT_ASSIGNED_CONTEXT((#8847,#8848,#8849)) REPRESENTATION_CONTEXT
('Context #1','3D Context with UNIT and UNCERTAINTY') );
#8847 = ( LENGTH_UNIT() NAMED_UNIT(*) SI_UNIT(.MILLI.,.METRE.) );
#8848 = ( NAMED_UNIT(*) PLANE_ANGLE_UNIT() SI_UNIT($,.RADIAN.) );
#8849 = ( NAMED_UNIT(*) SI_UNIT($,.STERADIAN.) SOLID_ANGLE_UNIT() );
#8850 = UNCERTAINTY_MEASURE_WITH_UNIT(LENGTH_MEASURE(1.E-007),#8847,
  'distance_accuracy_value','confusion accuracy');
#8851 = CONTEXT_DEPENDENT_SHAPE_REPRESENTATION(#8852,#8854);
#8852 = ( REPRESENTATION_RELATIONSHIP('','',#8078,#8833) 
REPRESENTATION_RELATIONSHIP_WITH_TRANSFORMATION(#8853) 
SHAPE_REPRESENTATION_RELATIONSHIP() );
#8853 = ITEM_DEFINED_TRANSFORMATION('','',#11,#8834);
#8854 = PRODUCT_DEFINITION_SHAPE('Placement','Placement of an item',
  #8855);
#8855 = NEXT_ASSEMBLY_USAGE_OCCURRENCE('14','=>[0:1:1:9]','',#8828,#8073
  ,$);
#8856 = CONTEXT_DEPENDENT_SHAPE_REPRESENTATION(#8857,#8859);
#8857 = ( REPRESENTATION_RELATIONSHIP('','',#8078,#8833) 
REPRESENTATION_RELATIONSHIP_WITH_TRANSFORMATION(#8858) 
SHAPE_REPRESENTATION_RELATIONSHIP() );
#8858 = ITEM_DEFINED_TRANSFORMATION('','',#11,#8838);
#8859 = PRODUCT_DEFINITION_SHAPE('Placement','Placement of an item',
  #8860);
#8860 = NEXT_ASSEMBLY_USAGE_OCCURRENCE('15','=>[0:1:1:9]','',#8828,#8073
  ,$);
#8861 = CONTEXT_DEPENDENT_SHAPE_REPRESENTATION(#8862,#8864);
#8862 = ( REPRESENTATION_RELATIONSHIP('','',#8455,#8833) 
REPRESENTATION_RELATIONSHIP_WITH_TRANSFORMATION(#8863) 
SHAPE_REPRESENTATION_RELATIONSHIP() );
#8863 = ITEM_DEFINED_TRANSFORMATION('','',#11,#8842);
#8864 = PRODUCT_DEFINITION_SHAPE('Placement','Placement of an item',
  #8865);
#8865 = NEXT_ASSEMBLY_USAGE_OCCURRENCE('16','=>[0:1:1:11]','',#8828,
  #8450,$);
#8866 = CONTEXT_DEPENDENT_SHAPE_REPRESENTATION(#8867,#8869);
#8867 = ( REPRESENTATION_RELATIONSHIP('','',#8833,#10) 
REPRESENTATION_RELATIONSHIP_WITH_TRANSFORMATION(#8868) 
SHAPE_REPRESENTATION_RELATIONSHIP() );
#8868 = ITEM_DEFINED_TRANSFORMATION('','',#11,#27);
#8869 = PRODUCT_DEFINITION_SHAPE('Placement','Placement of an item',
  #8870);
#8870 = NEXT_ASSEMBLY_USAGE_OCCURRENCE('17','=>[0:1:1:13]','',#5,#8828,$
  );
#8871 = PRODUCT_RELATED_PRODUCT_CATEGORY('part',$,(#8830));
#8872 = SHAPE_DEFINITION_REPRESENTATION(#8873,#8879);
#8873 = PRODUCT_DEFINITION_SHAPE('','',#8874);
#8874 = PRODUCT_DEFINITION('design','',#8875,#8878);
#8875 = PRODUCT_DEFINITION_FORMATION('','',#8876);
#8876 = PRODUCT('C7','C7','',(#8877));
#8877 = PRODUCT_CONTEXT('',#2,'mechanical');
#8878 = PRODUCT_DEFINITION_CONTEXT('part definition',#2,'design');
#8879 = SHAPE_REPRESENTATION('',(#11,#8880,#8884,#8888),#8892);
#8880 = AXIS2_PLACEMENT_3D('',#8881,#8882,#8883);
#8881 = CARTESIAN_POINT('',(55.632403209375,13.309658025566,
    1.000759541057E-003));
#8882 = DIRECTION('',(0.E+000,0.E+000,1.));
#8883 = DIRECTION('',(1.,0.E+000,0.E+000));
#8884 = AXIS2_PLACEMENT_3D('',#8885,#8886,#8887);
#8885 = CARTESIAN_POINT('',(55.632403209375,14.681213353936,
    1.000759541057E-003));
#8886 = DIRECTION('',(0.E+000,0.E+000,1.));
#8887 = DIRECTION('',(1.,0.E+000,0.E+000));
#8888 = AXIS2_PLACEMENT_3D('',#8889,#8890,#8891);
#8889 = CARTESIAN_POINT('',(55.632403209375,13.995399450127,
    2.500120922923E-002));
#8890 = DIRECTION('',(0.E+000,0.E+000,1.));
#8891 = DIRECTION('',(1.,0.E+000,0.E+000));
#8892 = ( GEOMETRIC_REPRESENTATION_CONTEXT(3) 
GLOBAL_UNCERTAINTY_ASSIGNED_CONTEXT((#8896)) 
GLOBAL_UNIT_ASSIGNED_CONTEXT((#8893,#8894,#8895)) REPRESENTATION_CONTEXT
('Context #1','3D Context with UNIT and UNCERTAINTY') );
#8893 = ( LENGTH_UNIT() NAMED_UNIT(*) SI_UNIT(.MILLI.,.METRE.) );
#8894 = ( NAMED_UNIT(*) PLANE_ANGLE_UNIT() SI_UNIT($,.RADIAN.) );
#8895 = ( NAMED_UNIT(*) SI_UNIT($,.STERADIAN.) SOLID_ANGLE_UNIT() );
#8896 = UNCERTAINTY_MEASURE_WITH_UNIT(LENGTH_MEASURE(1.E-007),#8893,
  'distance_accuracy_value','confusion accuracy');
#8897 = CONTEXT_DEPENDENT_SHAPE_REPRESENTATION(#8898,#8900);
#8898 = ( REPRESENTATION_RELATIONSHIP('','',#8078,#8879) 
REPRESENTATION_RELATIONSHIP_WITH_TRANSFORMATION(#8899) 
SHAPE_REPRESENTATION_RELATIONSHIP() );
#8899 = ITEM_DEFINED_TRANSFORMATION('','',#11,#8880);
#8900 = PRODUCT_DEFINITION_SHAPE('Placement','Placement of an item',
  #8901);
#8901 = NEXT_ASSEMBLY_USAGE_OCCURRENCE('18','=>[0:1:1:9]','',#8874,#8073
  ,$);
#8902 = CONTEXT_DEPENDENT_SHAPE_REPRESENTATION(#8903,#8905);
#8903 = ( REPRESENTATION_RELATIONSHIP('','',#8078,#8879) 
REPRESENTATION_RELATIONSHIP_WITH_TRANSFORMATION(#8904) 
SHAPE_REPRESENTATION_RELATIONSHIP() );
#8904 = ITEM_DEFINED_TRANSFORMATION('','',#11,#8884);
#8905 = PRODUCT_DEFINITION_SHAPE('Placement','Placement of an item',
  #8906);
#8906 = NEXT_ASSEMBLY_USAGE_OCCURRENCE('19','=>[0:1:1:9]','',#8874,#8073
  ,$);
#8907 = CONTEXT_DEPENDENT_SHAPE_REPRESENTATION(#8908,#8910);
#8908 = ( REPRESENTATION_RELATIONSHIP('','',#8455,#8879) 
REPRESENTATION_RELATIONSHIP_WITH_TRANSFORMATION(#8909) 
SHAPE_REPRESENTATION_RELATIONSHIP() );
#8909 = ITEM_DEFINED_TRANSFORMATION('','',#11,#8888);
#8910 = PRODUCT_DEFINITION_SHAPE('Placement','Placement of an item',
  #8911);
#8911 = NEXT_ASSEMBLY_USAGE_OCCURRENCE('20','=>[0:1:1:11]','',#8874,
  #8450,$);
#8912 = CONTEXT_DEPENDENT_SHAPE_REPRESENTATION(#8913,#8915);
#8913 = ( REPRESENTATION_RELATIONSHIP('','',#8879,#10) 
REPRESENTATION_RELATIONSHIP_WITH_TRANSFORMATION(#8914) 
SHAPE_REPRESENTATION_RELATIONSHIP() );
#8914 = ITEM_DEFINED_TRANSFORMATION('','',#11,#31);
#8915 = PRODUCT_DEFINITION_SHAPE('Placement','Placement of an item',
  #8916);
#8916 = NEXT_ASSEMBLY_USAGE_OCCURRENCE('21','=>[0:1:1:14]','',#5,#8874,$
  );
#8917 = PRODUCT_RELATED_PRODUCT_CATEGORY('part',$,(#8876));
#8918 = SHAPE_DEFINITION_REPRESENTATION(#8919,#8925);
#8919 = PRODUCT_DEFINITION_SHAPE('','',#8920);
#8920 = PRODUCT_DEFINITION('design','',#8921,#8924);
#8921 = PRODUCT_DEFINITION_FORMATION('','',#8922);
#8922 = PRODUCT('C8','C8','',(#8923));
#8923 = PRODUCT_CONTEXT('',#2,'mechanical');
#8924 = PRODUCT_DEFINITION_CONTEXT('part definition',#2,'design');
#8925 = SHAPE_REPRESENTATION('',(#11,#8926,#8930,#8934),#8938);
#8926 = AXIS2_PLACEMENT_3D('',#8927,#8928,#8929);
#8927 = CARTESIAN_POINT('',(53.092402293848,13.309658025566,
    1.000759541057E-003));
#8928 = DIRECTION('',(0.E+000,0.E+000,1.));
#8929 = DIRECTION('',(1.,0.E+000,0.E+000));
#8930 = AXIS2_PLACEMENT_3D('',#8931,#8932,#8933);
#8931 = CARTESIAN_POINT('',(53.092402293848,14.681213353936,
    1.000759541057E-003));
#8932 = DIRECTION('',(0.E+000,0.E+000,1.));
#8933 = DIRECTION('',(1.,0.E+000,0.E+000));
#8934 = AXIS2_PLACEMENT_3D('',#8935,#8936,#8937);
#8935 = CARTESIAN_POINT('',(53.092402293848,13.995399450127,
    2.500120922923E-002));
#8936 = DIRECTION('',(0.E+000,0.E+000,1.));
#8937 = DIRECTION('',(1.,0.E+000,0.E+000));
#8938 = ( GEOMETRIC_REPRESENTATION_CONTEXT(3) 
GLOBAL_UNCERTAINTY_ASSIGNED_CONTEXT((#8942)) 
GLOBAL_UNIT_ASSIGNED_CONTEXT((#8939,#8940,#8941)) REPRESENTATION_CONTEXT
('Context #1','3D Context with UNIT and UNCERTAINTY') );
#8939 = ( LENGTH_UNIT() NAMED_UNIT(*) SI_UNIT(.MILLI.,.METRE.) );
#8940 = ( NAMED_UNIT(*) PLANE_ANGLE_UNIT() SI_UNIT($,.RADIAN.) );
#8941 = ( NAMED_UNIT(*) SI_UNIT($,.STERADIAN.) SOLID_ANGLE_UNIT() );
#8942 = UNCERTAINTY_MEASURE_WITH_UNIT(LENGTH_MEASURE(1.E-007),#8939,
  'distance_accuracy_value','confusion accuracy');
#8943 = CONTEXT_DEPENDENT_SHAPE_REPRESENTATION(#8944,#8946);
#8944 = ( REPRESENTATION_RELATIONSHIP('','',#8078,#8925) 
REPRESENTATION_RELATIONSHIP_WITH_TRANSFORMATION(#8945) 
SHAPE_REPRESENTATION_RELATIONSHIP() );
#8945 = ITEM_DEFINED_TRANSFORMATION('','',#11,#8926);
#8946 = PRODUCT_DEFINITION_SHAPE('Placement','Placement of an item',
  #8947);
#8947 = NEXT_ASSEMBLY_USAGE_OCCURRENCE('22','=>[0:1:1:9]','',#8920,#8073
  ,$);
#8948 = CONTEXT_DEPENDENT_SHAPE_REPRESENTATION(#8949,#8951);
#8949 = ( REPRESENTATION_RELATIONSHIP('','',#8078,#8925) 
REPRESENTATION_RELATIONSHIP_WITH_TRANSFORMATION(#8950) 
SHAPE_REPRESENTATION_RELATIONSHIP() );
#8950 = ITEM_DEFINED_TRANSFORMATION('','',#11,#8930);
#8951 = PRODUCT_DEFINITION_SHAPE('Placement','Placement of an item',
  #8952);
#8952 = NEXT_ASSEMBLY_USAGE_OCCURRENCE('23','=>[0:1:1:9]','',#8920,#8073
  ,$);
#8953 = CONTEXT_DEPENDENT_SHAPE_REPRESENTATION(#8954,#8956);
#8954 = ( REPRESENTATION_RELATIONSHIP('','',#8455,#8925) 
REPRESENTATION_RELATIONSHIP_WITH_TRANSFORMATION(#8955) 
SHAPE_REPRESENTATION_RELATIONSHIP() );
#8955 = ITEM_DEFINED_TRANSFORMATION('','',#11,#8934);
#8956 = PRODUCT_DEFINITION_SHAPE('Placement','Placement of an item',
  #8957);
#8957 = NEXT_ASSEMBLY_USAGE_OCCURRENCE('24','=>[0:1:1:11]','',#8920,
  #8450,$);
#8958 = CONTEXT_DEPENDENT_SHAPE_REPRESENTATION(#8959,#8961);
#8959 = ( REPRESENTATION_RELATIONSHIP('','',#8925,#10) 
REPRESENTATION_RELATIONSHIP_WITH_TRANSFORMATION(#8960) 
SHAPE_REPRESENTATION_RELATIONSHIP() );
#8960 = ITEM_DEFINED_TRANSFORMATION('','',#11,#35);
#8961 = PRODUCT_DEFINITION_SHAPE('Placement','Placement of an item',
  #8962);
#8962 = NEXT_ASSEMBLY_USAGE_OCCURRENCE('25','=>[0:1:1:15]','',#5,#8920,$
  );
#8963 = PRODUCT_RELATED_PRODUCT_CATEGORY('part',$,(#8922));
#8964 = SHAPE_DEFINITION_REPRESENTATION(#8965,#8971);
#8965 = PRODUCT_DEFINITION_SHAPE('','',#8966);
#8966 = PRODUCT_DEFINITION('design','',#8967,#8970);
#8967 = PRODUCT_DEFINITION_FORMATION('','',#8968);
#8968 = PRODUCT('C9','C9','',(#8969));
#8969 = PRODUCT_CONTEXT('',#2,'mechanical');
#8970 = PRODUCT_DEFINITION_CONTEXT('part definition',#2,'design');
#8971 = SHAPE_REPRESENTATION('',(#11,#8972,#8976,#8980),#8984);
#8972 = AXIS2_PLACEMENT_3D('',#8973,#8974,#8975);
#8973 = CARTESIAN_POINT('',(52.022715404199,7.278511022393,
    -0.861478745937));
#8974 = DIRECTION('',(0.E+000,0.E+000,1.));
#8975 = DIRECTION('',(1.,0.E+000,0.E+000));
#8976 = AXIS2_PLACEMENT_3D('',#8977,#8978,#8979);
#8977 = CARTESIAN_POINT('',(51.336901500391,7.278511022393,
    -0.871478736401));
#8978 = DIRECTION('',(0.E+000,0.E+000,1.));
#8979 = DIRECTION('',(1.,0.E+000,0.E+000));
#8980 = AXIS2_PLACEMENT_3D('',#8981,#8982,#8983);
#8981 = CARTESIAN_POINT('',(52.708460643457,7.278511022393,
    -0.871478736401));
#8982 = DIRECTION('',(0.E+000,0.E+000,1.));
#8983 = DIRECTION('',(1.,0.E+000,0.E+000));
#8984 = ( GEOMETRIC_REPRESENTATION_CONTEXT(3) 
GLOBAL_UNCERTAINTY_ASSIGNED_CONTEXT((#8988)) 
GLOBAL_UNIT_ASSIGNED_CONTEXT((#8985,#8986,#8987)) REPRESENTATION_CONTEXT
('Context #1','3D Context with UNIT and UNCERTAINTY') );
#8985 = ( LENGTH_UNIT() NAMED_UNIT(*) SI_UNIT(.MILLI.,.METRE.) );
#8986 = ( NAMED_UNIT(*) PLANE_ANGLE_UNIT() SI_UNIT($,.RADIAN.) );
#8987 = ( NAMED_UNIT(*) SI_UNIT($,.STERADIAN.) SOLID_ANGLE_UNIT() );
#8988 = UNCERTAINTY_MEASURE_WITH_UNIT(LENGTH_MEASURE(1.E-007),#8985,
  'distance_accuracy_value','confusion accuracy');
#8989 = SHAPE_DEFINITION_REPRESENTATION(#8990,#8996);
#8990 = PRODUCT_DEFINITION_SHAPE('','',#8991);
#8991 = PRODUCT_DEFINITION('design','',#8992,#8995);
#8992 = PRODUCT_DEFINITION_FORMATION('','',#8993);
#8993 = PRODUCT('868862480','868862480','',(#8994));
#8994 = PRODUCT_CONTEXT('',#2,'mechanical');
#8995 = PRODUCT_DEFINITION_CONTEXT('part definition',#2,'design');
#8996 = SHAPE_REPRESENTATION('',(#11,#8997),#9001);
#8997 = AXIS2_PLACEMENT_3D('',#8998,#8999,#9000);
#8998 = CARTESIAN_POINT('',(0.E+000,0.E+000,0.E+000));
#8999 = DIRECTION('',(0.E+000,0.E+000,1.));
#9000 = DIRECTION('',(1.,0.E+000,0.E+000));
#9001 = ( GEOMETRIC_REPRESENTATION_CONTEXT(3) 
GLOBAL_UNCERTAINTY_ASSIGNED_CONTEXT((#9005)) 
GLOBAL_UNIT_ASSIGNED_CONTEXT((#9002,#9003,#9004)) REPRESENTATION_CONTEXT
('Context #1','3D Context with UNIT and UNCERTAINTY') );
#9002 = ( LENGTH_UNIT() NAMED_UNIT(*) SI_UNIT(.MILLI.,.METRE.) );
#9003 = ( NAMED_UNIT(*) PLANE_ANGLE_UNIT() SI_UNIT($,.RADIAN.) );
#9004 = ( NAMED_UNIT(*) SI_UNIT($,.STERADIAN.) SOLID_ANGLE_UNIT() );
#9005 = UNCERTAINTY_MEASURE_WITH_UNIT(LENGTH_MEASURE(1.E-007),#9002,
  'distance_accuracy_value','confusion accuracy');
#9006 = ADVANCED_BREP_SHAPE_REPRESENTATION('',(#11,#9007),#9337);
#9007 = MANIFOLD_SOLID_BREP('',#9008);
#9008 = CLOSED_SHELL('',(#9009,#9129,#9205,#9276,#9323,#9330));
#9009 = ADVANCED_FACE('',(#9010),#9024,.T.);
#9010 = FACE_BOUND('',#9011,.T.);
#9011 = EDGE_LOOP('',(#9012,#9047,#9075,#9103));
#9012 = ORIENTED_EDGE('',*,*,#9013,.T.);
#9013 = EDGE_CURVE('',#9014,#9016,#9018,.T.);
#9014 = VERTEX_POINT('',#9015);
#9015 = CARTESIAN_POINT('',(0.75000104,-0.3999992,0.E+000));
#9016 = VERTEX_POINT('',#9017);
#9017 = CARTESIAN_POINT('',(0.75000104,-0.3999992,0.42499788));
#9018 = SURFACE_CURVE('',#9019,(#9023,#9035),.PCURVE_S1.);
#9019 = LINE('',#9020,#9021);
#9020 = CARTESIAN_POINT('',(0.75000104,-0.3999992,0.E+000));
#9021 = VECTOR('',#9022,1.);
#9022 = DIRECTION('',(0.E+000,0.E+000,1.));
#9023 = PCURVE('',#9024,#9029);
#9024 = PLANE('',#9025);
#9025 = AXIS2_PLACEMENT_3D('',#9026,#9027,#9028);
#9026 = CARTESIAN_POINT('',(0.75000104,-0.3999992,0.E+000));
#9027 = DIRECTION('',(0.E+000,-1.,0.E+000));
#9028 = DIRECTION('',(-1.,0.E+000,0.E+000));
#9029 = DEFINITIONAL_REPRESENTATION('',(#9030),#9034);
#9030 = LINE('',#9031,#9032);
#9031 = CARTESIAN_POINT('',(0.E+000,-0.E+000));
#9032 = VECTOR('',#9033,1.);
#9033 = DIRECTION('',(0.E+000,-1.));
#9034 = ( GEOMETRIC_REPRESENTATION_CONTEXT(2) 
PARAMETRIC_REPRESENTATION_CONTEXT() REPRESENTATION_CONTEXT('2D SPACE',''
  ) );
#9035 = PCURVE('',#9036,#9041);
#9036 = PLANE('',#9037);
#9037 = AXIS2_PLACEMENT_3D('',#9038,#9039,#9040);
#9038 = CARTESIAN_POINT('',(0.75000104,0.3999992,0.E+000));
#9039 = DIRECTION('',(1.,0.E+000,-0.E+000));
#9040 = DIRECTION('',(0.E+000,-1.,0.E+000));
#9041 = DEFINITIONAL_REPRESENTATION('',(#9042),#9046);
#9042 = LINE('',#9043,#9044);
#9043 = CARTESIAN_POINT('',(0.7999984,0.E+000));
#9044 = VECTOR('',#9045,1.);
#9045 = DIRECTION('',(0.E+000,-1.));
#9046 = ( GEOMETRIC_REPRESENTATION_CONTEXT(2) 
PARAMETRIC_REPRESENTATION_CONTEXT() REPRESENTATION_CONTEXT('2D SPACE',''
  ) );
#9047 = ORIENTED_EDGE('',*,*,#9048,.T.);
#9048 = EDGE_CURVE('',#9016,#9049,#9051,.T.);
#9049 = VERTEX_POINT('',#9050);
#9050 = CARTESIAN_POINT('',(-0.75000104,-0.3999992,0.42499788));
#9051 = SURFACE_CURVE('',#9052,(#9056,#9063),.PCURVE_S1.);
#9052 = LINE('',#9053,#9054);
#9053 = CARTESIAN_POINT('',(0.75000104,-0.3999992,0.42499788));
#9054 = VECTOR('',#9055,1.);
#9055 = DIRECTION('',(-1.,0.E+000,0.E+000));
#9056 = PCURVE('',#9024,#9057);
#9057 = DEFINITIONAL_REPRESENTATION('',(#9058),#9062);
#9058 = LINE('',#9059,#9060);
#9059 = CARTESIAN_POINT('',(0.E+000,-0.42499788));
#9060 = VECTOR('',#9061,1.);
#9061 = DIRECTION('',(1.,0.E+000));
#9062 = ( GEOMETRIC_REPRESENTATION_CONTEXT(2) 
PARAMETRIC_REPRESENTATION_CONTEXT() REPRESENTATION_CONTEXT('2D SPACE',''
  ) );
#9063 = PCURVE('',#9064,#9069);
#9064 = PLANE('',#9065);
#9065 = AXIS2_PLACEMENT_3D('',#9066,#9067,#9068);
#9066 = CARTESIAN_POINT('',(0.75000104,-0.3999992,0.42499788));
#9067 = DIRECTION('',(0.E+000,0.E+000,1.));
#9068 = DIRECTION('',(1.,0.E+000,-0.E+000));
#9069 = DEFINITIONAL_REPRESENTATION('',(#9070),#9074);
#9070 = LINE('',#9071,#9072);
#9071 = CARTESIAN_POINT('',(0.E+000,0.E+000));
#9072 = VECTOR('',#9073,1.);
#9073 = DIRECTION('',(-1.,0.E+000));
#9074 = ( GEOMETRIC_REPRESENTATION_CONTEXT(2) 
PARAMETRIC_REPRESENTATION_CONTEXT() REPRESENTATION_CONTEXT('2D SPACE',''
  ) );
#9075 = ORIENTED_EDGE('',*,*,#9076,.F.);
#9076 = EDGE_CURVE('',#9077,#9049,#9079,.T.);
#9077 = VERTEX_POINT('',#9078);
#9078 = CARTESIAN_POINT('',(-0.75000104,-0.3999992,0.E+000));
#9079 = SURFACE_CURVE('',#9080,(#9084,#9091),.PCURVE_S1.);
#9080 = LINE('',#9081,#9082);
#9081 = CARTESIAN_POINT('',(-0.75000104,-0.3999992,0.E+000));
#9082 = VECTOR('',#9083,1.);
#9083 = DIRECTION('',(0.E+000,0.E+000,1.));
#9084 = PCURVE('',#9024,#9085);
#9085 = DEFINITIONAL_REPRESENTATION('',(#9086),#9090);
#9086 = LINE('',#9087,#9088);
#9087 = CARTESIAN_POINT('',(1.50000208,0.E+000));
#9088 = VECTOR('',#9089,1.);
#9089 = DIRECTION('',(0.E+000,-1.));
#9090 = ( GEOMETRIC_REPRESENTATION_CONTEXT(2) 
PARAMETRIC_REPRESENTATION_CONTEXT() REPRESENTATION_CONTEXT('2D SPACE',''
  ) );
#9091 = PCURVE('',#9092,#9097);
#9092 = PLANE('',#9093);
#9093 = AXIS2_PLACEMENT_3D('',#9094,#9095,#9096);
#9094 = CARTESIAN_POINT('',(-0.75000104,-0.3999992,0.E+000));
#9095 = DIRECTION('',(-1.,0.E+000,0.E+000));
#9096 = DIRECTION('',(0.E+000,1.,0.E+000));
#9097 = DEFINITIONAL_REPRESENTATION('',(#9098),#9102);
#9098 = LINE('',#9099,#9100);
#9099 = CARTESIAN_POINT('',(0.E+000,0.E+000));
#9100 = VECTOR('',#9101,1.);
#9101 = DIRECTION('',(0.E+000,-1.));
#9102 = ( GEOMETRIC_REPRESENTATION_CONTEXT(2) 
PARAMETRIC_REPRESENTATION_CONTEXT() REPRESENTATION_CONTEXT('2D SPACE',''
  ) );
#9103 = ORIENTED_EDGE('',*,*,#9104,.F.);
#9104 = EDGE_CURVE('',#9014,#9077,#9105,.T.);
#9105 = SURFACE_CURVE('',#9106,(#9110,#9117),.PCURVE_S1.);
#9106 = LINE('',#9107,#9108);
#9107 = CARTESIAN_POINT('',(0.75000104,-0.3999992,0.E+000));
#9108 = VECTOR('',#9109,1.);
#9109 = DIRECTION('',(-1.,0.E+000,0.E+000));
#9110 = PCURVE('',#9024,#9111);
#9111 = DEFINITIONAL_REPRESENTATION('',(#9112),#9116);
#9112 = LINE('',#9113,#9114);
#9113 = CARTESIAN_POINT('',(0.E+000,-0.E+000));
#9114 = VECTOR('',#9115,1.);
#9115 = DIRECTION('',(1.,0.E+000));
#9116 = ( GEOMETRIC_REPRESENTATION_CONTEXT(2) 
PARAMETRIC_REPRESENTATION_CONTEXT() REPRESENTATION_CONTEXT('2D SPACE',''
  ) );
#9117 = PCURVE('',#9118,#9123);
#9118 = PLANE('',#9119);
#9119 = AXIS2_PLACEMENT_3D('',#9120,#9121,#9122);
#9120 = CARTESIAN_POINT('',(0.75000104,-0.3999992,0.E+000));
#9121 = DIRECTION('',(0.E+000,0.E+000,1.));
#9122 = DIRECTION('',(1.,0.E+000,-0.E+000));
#9123 = DEFINITIONAL_REPRESENTATION('',(#9124),#9128);
#9124 = LINE('',#9125,#9126);
#9125 = CARTESIAN_POINT('',(0.E+000,0.E+000));
#9126 = VECTOR('',#9127,1.);
#9127 = DIRECTION('',(-1.,0.E+000));
#9128 = ( GEOMETRIC_REPRESENTATION_CONTEXT(2) 
PARAMETRIC_REPRESENTATION_CONTEXT() REPRESENTATION_CONTEXT('2D SPACE',''
  ) );
#9129 = ADVANCED_FACE('',(#9130),#9092,.T.);
#9130 = FACE_BOUND('',#9131,.T.);
#9131 = EDGE_LOOP('',(#9132,#9133,#9156,#9184));
#9132 = ORIENTED_EDGE('',*,*,#9076,.T.);
#9133 = ORIENTED_EDGE('',*,*,#9134,.T.);
#9134 = EDGE_CURVE('',#9049,#9135,#9137,.T.);
#9135 = VERTEX_POINT('',#9136);
#9136 = CARTESIAN_POINT('',(-0.75000104,0.3999992,0.42499788));
#9137 = SURFACE_CURVE('',#9138,(#9142,#9149),.PCURVE_S1.);
#9138 = LINE('',#9139,#9140);
#9139 = CARTESIAN_POINT('',(-0.75000104,-0.3999992,0.42499788));
#9140 = VECTOR('',#9141,1.);
#9141 = DIRECTION('',(0.E+000,1.,0.E+000));
#9142 = PCURVE('',#9092,#9143);
#9143 = DEFINITIONAL_REPRESENTATION('',(#9144),#9148);
#9144 = LINE('',#9145,#9146);
#9145 = CARTESIAN_POINT('',(0.E+000,-0.42499788));
#9146 = VECTOR('',#9147,1.);
#9147 = DIRECTION('',(1.,0.E+000));
#9148 = ( GEOMETRIC_REPRESENTATION_CONTEXT(2) 
PARAMETRIC_REPRESENTATION_CONTEXT() REPRESENTATION_CONTEXT('2D SPACE',''
  ) );
#9149 = PCURVE('',#9064,#9150);
#9150 = DEFINITIONAL_REPRESENTATION('',(#9151),#9155);
#9151 = LINE('',#9152,#9153);
#9152 = CARTESIAN_POINT('',(-1.50000208,0.E+000));
#9153 = VECTOR('',#9154,1.);
#9154 = DIRECTION('',(0.E+000,1.));
#9155 = ( GEOMETRIC_REPRESENTATION_CONTEXT(2) 
PARAMETRIC_REPRESENTATION_CONTEXT() REPRESENTATION_CONTEXT('2D SPACE',''
  ) );
#9156 = ORIENTED_EDGE('',*,*,#9157,.F.);
#9157 = EDGE_CURVE('',#9158,#9135,#9160,.T.);
#9158 = VERTEX_POINT('',#9159);
#9159 = CARTESIAN_POINT('',(-0.75000104,0.3999992,0.E+000));
#9160 = SURFACE_CURVE('',#9161,(#9165,#9172),.PCURVE_S1.);
#9161 = LINE('',#9162,#9163);
#9162 = CARTESIAN_POINT('',(-0.75000104,0.3999992,0.E+000));
#9163 = VECTOR('',#9164,1.);
#9164 = DIRECTION('',(0.E+000,0.E+000,1.));
#9165 = PCURVE('',#9092,#9166);
#9166 = DEFINITIONAL_REPRESENTATION('',(#9167),#9171);
#9167 = LINE('',#9168,#9169);
#9168 = CARTESIAN_POINT('',(0.7999984,0.E+000));
#9169 = VECTOR('',#9170,1.);
#9170 = DIRECTION('',(0.E+000,-1.));
#9171 = ( GEOMETRIC_REPRESENTATION_CONTEXT(2) 
PARAMETRIC_REPRESENTATION_CONTEXT() REPRESENTATION_CONTEXT('2D SPACE',''
  ) );
#9172 = PCURVE('',#9173,#9178);
#9173 = PLANE('',#9174);
#9174 = AXIS2_PLACEMENT_3D('',#9175,#9176,#9177);
#9175 = CARTESIAN_POINT('',(-0.75000104,0.3999992,0.E+000));
#9176 = DIRECTION('',(0.E+000,1.,0.E+000));
#9177 = DIRECTION('',(1.,0.E+000,0.E+000));
#9178 = DEFINITIONAL_REPRESENTATION('',(#9179),#9183);
#9179 = LINE('',#9180,#9181);
#9180 = CARTESIAN_POINT('',(0.E+000,0.E+000));
#9181 = VECTOR('',#9182,1.);
#9182 = DIRECTION('',(0.E+000,-1.));
#9183 = ( GEOMETRIC_REPRESENTATION_CONTEXT(2) 
PARAMETRIC_REPRESENTATION_CONTEXT() REPRESENTATION_CONTEXT('2D SPACE',''
  ) );
#9184 = ORIENTED_EDGE('',*,*,#9185,.F.);
#9185 = EDGE_CURVE('',#9077,#9158,#9186,.T.);
#9186 = SURFACE_CURVE('',#9187,(#9191,#9198),.PCURVE_S1.);
#9187 = LINE('',#9188,#9189);
#9188 = CARTESIAN_POINT('',(-0.75000104,-0.3999992,0.E+000));
#9189 = VECTOR('',#9190,1.);
#9190 = DIRECTION('',(0.E+000,1.,0.E+000));
#9191 = PCURVE('',#9092,#9192);
#9192 = DEFINITIONAL_REPRESENTATION('',(#9193),#9197);
#9193 = LINE('',#9194,#9195);
#9194 = CARTESIAN_POINT('',(0.E+000,0.E+000));
#9195 = VECTOR('',#9196,1.);
#9196 = DIRECTION('',(1.,0.E+000));
#9197 = ( GEOMETRIC_REPRESENTATION_CONTEXT(2) 
PARAMETRIC_REPRESENTATION_CONTEXT() REPRESENTATION_CONTEXT('2D SPACE',''
  ) );
#9198 = PCURVE('',#9118,#9199);
#9199 = DEFINITIONAL_REPRESENTATION('',(#9200),#9204);
#9200 = LINE('',#9201,#9202);
#9201 = CARTESIAN_POINT('',(-1.50000208,0.E+000));
#9202 = VECTOR('',#9203,1.);
#9203 = DIRECTION('',(0.E+000,1.));
#9204 = ( GEOMETRIC_REPRESENTATION_CONTEXT(2) 
PARAMETRIC_REPRESENTATION_CONTEXT() REPRESENTATION_CONTEXT('2D SPACE',''
  ) );
#9205 = ADVANCED_FACE('',(#9206),#9173,.T.);
#9206 = FACE_BOUND('',#9207,.T.);
#9207 = EDGE_LOOP('',(#9208,#9209,#9232,#9255));
#9208 = ORIENTED_EDGE('',*,*,#9157,.T.);
#9209 = ORIENTED_EDGE('',*,*,#9210,.T.);
#9210 = EDGE_CURVE('',#9135,#9211,#9213,.T.);
#9211 = VERTEX_POINT('',#9212);
#9212 = CARTESIAN_POINT('',(0.75000104,0.3999992,0.42499788));
#9213 = SURFACE_CURVE('',#9214,(#9218,#9225),.PCURVE_S1.);
#9214 = LINE('',#9215,#9216);
#9215 = CARTESIAN_POINT('',(-0.75000104,0.3999992,0.42499788));
#9216 = VECTOR('',#9217,1.);
#9217 = DIRECTION('',(1.,0.E+000,0.E+000));
#9218 = PCURVE('',#9173,#9219);
#9219 = DEFINITIONAL_REPRESENTATION('',(#9220),#9224);
#9220 = LINE('',#9221,#9222);
#9221 = CARTESIAN_POINT('',(0.E+000,-0.42499788));
#9222 = VECTOR('',#9223,1.);
#9223 = DIRECTION('',(1.,0.E+000));
#9224 = ( GEOMETRIC_REPRESENTATION_CONTEXT(2) 
PARAMETRIC_REPRESENTATION_CONTEXT() REPRESENTATION_CONTEXT('2D SPACE',''
  ) );
#9225 = PCURVE('',#9064,#9226);
#9226 = DEFINITIONAL_REPRESENTATION('',(#9227),#9231);
#9227 = LINE('',#9228,#9229);
#9228 = CARTESIAN_POINT('',(-1.50000208,0.7999984));
#9229 = VECTOR('',#9230,1.);
#9230 = DIRECTION('',(1.,0.E+000));
#9231 = ( GEOMETRIC_REPRESENTATION_CONTEXT(2) 
PARAMETRIC_REPRESENTATION_CONTEXT() REPRESENTATION_CONTEXT('2D SPACE',''
  ) );
#9232 = ORIENTED_EDGE('',*,*,#9233,.F.);
#9233 = EDGE_CURVE('',#9234,#9211,#9236,.T.);
#9234 = VERTEX_POINT('',#9235);
#9235 = CARTESIAN_POINT('',(0.75000104,0.3999992,0.E+000));
#9236 = SURFACE_CURVE('',#9237,(#9241,#9248),.PCURVE_S1.);
#9237 = LINE('',#9238,#9239);
#9238 = CARTESIAN_POINT('',(0.75000104,0.3999992,0.E+000));
#9239 = VECTOR('',#9240,1.);
#9240 = DIRECTION('',(0.E+000,0.E+000,1.));
#9241 = PCURVE('',#9173,#9242);
#9242 = DEFINITIONAL_REPRESENTATION('',(#9243),#9247);
#9243 = LINE('',#9244,#9245);
#9244 = CARTESIAN_POINT('',(1.50000208,0.E+000));
#9245 = VECTOR('',#9246,1.);
#9246 = DIRECTION('',(0.E+000,-1.));
#9247 = ( GEOMETRIC_REPRESENTATION_CONTEXT(2) 
PARAMETRIC_REPRESENTATION_CONTEXT() REPRESENTATION_CONTEXT('2D SPACE',''
  ) );
#9248 = PCURVE('',#9036,#9249);
#9249 = DEFINITIONAL_REPRESENTATION('',(#9250),#9254);
#9250 = LINE('',#9251,#9252);
#9251 = CARTESIAN_POINT('',(0.E+000,0.E+000));
#9252 = VECTOR('',#9253,1.);
#9253 = DIRECTION('',(0.E+000,-1.));
#9254 = ( GEOMETRIC_REPRESENTATION_CONTEXT(2) 
PARAMETRIC_REPRESENTATION_CONTEXT() REPRESENTATION_CONTEXT('2D SPACE',''
  ) );
#9255 = ORIENTED_EDGE('',*,*,#9256,.F.);
#9256 = EDGE_CURVE('',#9158,#9234,#9257,.T.);
#9257 = SURFACE_CURVE('',#9258,(#9262,#9269),.PCURVE_S1.);
#9258 = LINE('',#9259,#9260);
#9259 = CARTESIAN_POINT('',(-0.75000104,0.3999992,0.E+000));
#9260 = VECTOR('',#9261,1.);
#9261 = DIRECTION('',(1.,0.E+000,0.E+000));
#9262 = PCURVE('',#9173,#9263);
#9263 = DEFINITIONAL_REPRESENTATION('',(#9264),#9268);
#9264 = LINE('',#9265,#9266);
#9265 = CARTESIAN_POINT('',(0.E+000,0.E+000));
#9266 = VECTOR('',#9267,1.);
#9267 = DIRECTION('',(1.,0.E+000));
#9268 = ( GEOMETRIC_REPRESENTATION_CONTEXT(2) 
PARAMETRIC_REPRESENTATION_CONTEXT() REPRESENTATION_CONTEXT('2D SPACE',''
  ) );
#9269 = PCURVE('',#9118,#9270);
#9270 = DEFINITIONAL_REPRESENTATION('',(#9271),#9275);
#9271 = LINE('',#9272,#9273);
#9272 = CARTESIAN_POINT('',(-1.50000208,0.7999984));
#9273 = VECTOR('',#9274,1.);
#9274 = DIRECTION('',(1.,0.E+000));
#9275 = ( GEOMETRIC_REPRESENTATION_CONTEXT(2) 
PARAMETRIC_REPRESENTATION_CONTEXT() REPRESENTATION_CONTEXT('2D SPACE',''
  ) );
#9276 = ADVANCED_FACE('',(#9277),#9036,.T.);
#9277 = FACE_BOUND('',#9278,.T.);
#9278 = EDGE_LOOP('',(#9279,#9280,#9301,#9302));
#9279 = ORIENTED_EDGE('',*,*,#9233,.T.);
#9280 = ORIENTED_EDGE('',*,*,#9281,.T.);
#9281 = EDGE_CURVE('',#9211,#9016,#9282,.T.);
#9282 = SURFACE_CURVE('',#9283,(#9287,#9294),.PCURVE_S1.);
#9283 = LINE('',#9284,#9285);
#9284 = CARTESIAN_POINT('',(0.75000104,0.3999992,0.42499788));
#9285 = VECTOR('',#9286,1.);
#9286 = DIRECTION('',(0.E+000,-1.,0.E+000));
#9287 = PCURVE('',#9036,#9288);
#9288 = DEFINITIONAL_REPRESENTATION('',(#9289),#9293);
#9289 = LINE('',#9290,#9291);
#9290 = CARTESIAN_POINT('',(0.E+000,-0.42499788));
#9291 = VECTOR('',#9292,1.);
#9292 = DIRECTION('',(1.,0.E+000));
#9293 = ( GEOMETRIC_REPRESENTATION_CONTEXT(2) 
PARAMETRIC_REPRESENTATION_CONTEXT() REPRESENTATION_CONTEXT('2D SPACE',''
  ) );
#9294 = PCURVE('',#9064,#9295);
#9295 = DEFINITIONAL_REPRESENTATION('',(#9296),#9300);
#9296 = LINE('',#9297,#9298);
#9297 = CARTESIAN_POINT('',(0.E+000,0.7999984));
#9298 = VECTOR('',#9299,1.);
#9299 = DIRECTION('',(0.E+000,-1.));
#9300 = ( GEOMETRIC_REPRESENTATION_CONTEXT(2) 
PARAMETRIC_REPRESENTATION_CONTEXT() REPRESENTATION_CONTEXT('2D SPACE',''
  ) );
#9301 = ORIENTED_EDGE('',*,*,#9013,.F.);
#9302 = ORIENTED_EDGE('',*,*,#9303,.F.);
#9303 = EDGE_CURVE('',#9234,#9014,#9304,.T.);
#9304 = SURFACE_CURVE('',#9305,(#9309,#9316),.PCURVE_S1.);
#9305 = LINE('',#9306,#9307);
#9306 = CARTESIAN_POINT('',(0.75000104,0.3999992,0.E+000));
#9307 = VECTOR('',#9308,1.);
#9308 = DIRECTION('',(0.E+000,-1.,0.E+000));
#9309 = PCURVE('',#9036,#9310);
#9310 = DEFINITIONAL_REPRESENTATION('',(#9311),#9315);
#9311 = LINE('',#9312,#9313);
#9312 = CARTESIAN_POINT('',(0.E+000,0.E+000));
#9313 = VECTOR('',#9314,1.);
#9314 = DIRECTION('',(1.,0.E+000));
#9315 = ( GEOMETRIC_REPRESENTATION_CONTEXT(2) 
PARAMETRIC_REPRESENTATION_CONTEXT() REPRESENTATION_CONTEXT('2D SPACE',''
  ) );
#9316 = PCURVE('',#9118,#9317);
#9317 = DEFINITIONAL_REPRESENTATION('',(#9318),#9322);
#9318 = LINE('',#9319,#9320);
#9319 = CARTESIAN_POINT('',(0.E+000,0.7999984));
#9320 = VECTOR('',#9321,1.);
#9321 = DIRECTION('',(0.E+000,-1.));
#9322 = ( GEOMETRIC_REPRESENTATION_CONTEXT(2) 
PARAMETRIC_REPRESENTATION_CONTEXT() REPRESENTATION_CONTEXT('2D SPACE',''
  ) );
#9323 = ADVANCED_FACE('',(#9324),#9118,.F.);
#9324 = FACE_BOUND('',#9325,.T.);
#9325 = EDGE_LOOP('',(#9326,#9327,#9328,#9329));
#9326 = ORIENTED_EDGE('',*,*,#9104,.T.);
#9327 = ORIENTED_EDGE('',*,*,#9185,.T.);
#9328 = ORIENTED_EDGE('',*,*,#9256,.T.);
#9329 = ORIENTED_EDGE('',*,*,#9303,.T.);
#9330 = ADVANCED_FACE('',(#9331),#9064,.T.);
#9331 = FACE_BOUND('',#9332,.F.);
#9332 = EDGE_LOOP('',(#9333,#9334,#9335,#9336));
#9333 = ORIENTED_EDGE('',*,*,#9048,.T.);
#9334 = ORIENTED_EDGE('',*,*,#9134,.T.);
#9335 = ORIENTED_EDGE('',*,*,#9210,.T.);
#9336 = ORIENTED_EDGE('',*,*,#9281,.T.);
#9337 = ( GEOMETRIC_REPRESENTATION_CONTEXT(3) 
GLOBAL_UNCERTAINTY_ASSIGNED_CONTEXT((#9341)) 
GLOBAL_UNIT_ASSIGNED_CONTEXT((#9338,#9339,#9340)) REPRESENTATION_CONTEXT
('Context #1','3D Context with UNIT and UNCERTAINTY') );
#9338 = ( LENGTH_UNIT() NAMED_UNIT(*) SI_UNIT(.MILLI.,.METRE.) );
#9339 = ( NAMED_UNIT(*) PLANE_ANGLE_UNIT() SI_UNIT($,.RADIAN.) );
#9340 = ( NAMED_UNIT(*) SI_UNIT($,.STERADIAN.) SOLID_ANGLE_UNIT() );
#9341 = UNCERTAINTY_MEASURE_WITH_UNIT(LENGTH_MEASURE(1.E-007),#9338,
  'distance_accuracy_value','confusion accuracy');
#9342 = SHAPE_DEFINITION_REPRESENTATION(#9343,#9006);
#9343 = PRODUCT_DEFINITION_SHAPE('','',#9344);
#9344 = PRODUCT_DEFINITION('design','',#9345,#9348);
#9345 = PRODUCT_DEFINITION_FORMATION('','',#9346);
#9346 = PRODUCT('Extruded','Extruded','',(#9347));
#9347 = PRODUCT_CONTEXT('',#2,'mechanical');
#9348 = PRODUCT_DEFINITION_CONTEXT('part definition',#2,'design');
#9349 = CONTEXT_DEPENDENT_SHAPE_REPRESENTATION(#9350,#9352);
#9350 = ( REPRESENTATION_RELATIONSHIP('','',#9006,#8996) 
REPRESENTATION_RELATIONSHIP_WITH_TRANSFORMATION(#9351) 
SHAPE_REPRESENTATION_RELATIONSHIP() );
#9351 = ITEM_DEFINED_TRANSFORMATION('','',#11,#8997);
#9352 = PRODUCT_DEFINITION_SHAPE('Placement','Placement of an item',
  #9353);
#9353 = NEXT_ASSEMBLY_USAGE_OCCURRENCE('26','=>[0:1:1:2]','',#8991,#9344
  ,$);
#9354 = PRODUCT_RELATED_PRODUCT_CATEGORY('part',$,(#9346));
#9355 = CONTEXT_DEPENDENT_SHAPE_REPRESENTATION(#9356,#9358);
#9356 = ( REPRESENTATION_RELATIONSHIP('','',#8996,#8971) 
REPRESENTATION_RELATIONSHIP_WITH_TRANSFORMATION(#9357) 
SHAPE_REPRESENTATION_RELATIONSHIP() );
#9357 = ITEM_DEFINED_TRANSFORMATION('','',#11,#8972);
#9358 = PRODUCT_DEFINITION_SHAPE('Placement','Placement of an item',
  #9359);
#9359 = NEXT_ASSEMBLY_USAGE_OCCURRENCE('27','=>[0:1:1:17]','',#8966,
  #8991,$);
#9360 = PRODUCT_RELATED_PRODUCT_CATEGORY('part',$,(#8993));
#9361 = SHAPE_DEFINITION_REPRESENTATION(#9362,#9368);
#9362 = PRODUCT_DEFINITION_SHAPE('','',#9363);
#9363 = PRODUCT_DEFINITION('design','',#9364,#9367);
#9364 = PRODUCT_DEFINITION_FORMATION('','',#9365);
#9365 = PRODUCT('868862352','868862352','',(#9366));
#9366 = PRODUCT_CONTEXT('',#2,'mechanical');
#9367 = PRODUCT_DEFINITION_CONTEXT('part definition',#2,'design');
#9368 = SHAPE_REPRESENTATION('',(#11,#9369),#9373);
#9369 = AXIS2_PLACEMENT_3D('',#9370,#9371,#9372);
#9370 = CARTESIAN_POINT('',(0.E+000,0.E+000,0.E+000));
#9371 = DIRECTION('',(0.E+000,0.E+000,1.));
#9372 = DIRECTION('',(1.,0.E+000,0.E+000));
#9373 = ( GEOMETRIC_REPRESENTATION_CONTEXT(3) 
GLOBAL_UNCERTAINTY_ASSIGNED_CONTEXT((#9377)) 
GLOBAL_UNIT_ASSIGNED_CONTEXT((#9374,#9375,#9376)) REPRESENTATION_CONTEXT
('Context #1','3D Context with UNIT and UNCERTAINTY') );
#9374 = ( LENGTH_UNIT() NAMED_UNIT(*) SI_UNIT(.MILLI.,.METRE.) );
#9375 = ( NAMED_UNIT(*) PLANE_ANGLE_UNIT() SI_UNIT($,.RADIAN.) );
#9376 = ( NAMED_UNIT(*) SI_UNIT($,.STERADIAN.) SOLID_ANGLE_UNIT() );
#9377 = UNCERTAINTY_MEASURE_WITH_UNIT(LENGTH_MEASURE(1.E-007),#9374,
  'distance_accuracy_value','confusion accuracy');
#9378 = ADVANCED_BREP_SHAPE_REPRESENTATION('',(#11,#9379),#9709);
#9379 = MANIFOLD_SOLID_BREP('',#9380);
#9380 = CLOSED_SHELL('',(#9381,#9501,#9577,#9648,#9695,#9702));
#9381 = ADVANCED_FACE('',(#9382),#9396,.T.);
#9382 = FACE_BOUND('',#9383,.T.);
#9383 = EDGE_LOOP('',(#9384,#9419,#9447,#9475));
#9384 = ORIENTED_EDGE('',*,*,#9385,.T.);
#9385 = EDGE_CURVE('',#9386,#9388,#9390,.T.);
#9386 = VERTEX_POINT('',#9387);
#9387 = CARTESIAN_POINT('',(0.1375029,0.42500042,0.E+000));
#9388 = VERTEX_POINT('',#9389);
#9389 = CARTESIAN_POINT('',(0.1375029,0.42500042,0.45899832));
#9390 = SURFACE_CURVE('',#9391,(#9395,#9407),.PCURVE_S1.);
#9391 = LINE('',#9392,#9393);
#9392 = CARTESIAN_POINT('',(0.1375029,0.42500042,0.E+000));
#9393 = VECTOR('',#9394,1.);
#9394 = DIRECTION('',(0.E+000,0.E+000,1.));
#9395 = PCURVE('',#9396,#9401);
#9396 = PLANE('',#9397);
#9397 = AXIS2_PLACEMENT_3D('',#9398,#9399,#9400);
#9398 = CARTESIAN_POINT('',(0.1375029,0.42500042,0.E+000));
#9399 = DIRECTION('',(1.,0.E+000,-0.E+000));
#9400 = DIRECTION('',(0.E+000,-1.,0.E+000));
#9401 = DEFINITIONAL_REPRESENTATION('',(#9402),#9406);
#9402 = LINE('',#9403,#9404);
#9403 = CARTESIAN_POINT('',(0.E+000,0.E+000));
#9404 = VECTOR('',#9405,1.);
#9405 = DIRECTION('',(0.E+000,-1.));
#9406 = ( GEOMETRIC_REPRESENTATION_CONTEXT(2) 
PARAMETRIC_REPRESENTATION_CONTEXT() REPRESENTATION_CONTEXT('2D SPACE',''
  ) );
#9407 = PCURVE('',#9408,#9413);
#9408 = PLANE('',#9409);
#9409 = AXIS2_PLACEMENT_3D('',#9410,#9411,#9412);
#9410 = CARTESIAN_POINT('',(-0.13750036,0.42500042,0.E+000));
#9411 = DIRECTION('',(0.E+000,1.,0.E+000));
#9412 = DIRECTION('',(1.,0.E+000,0.E+000));
#9413 = DEFINITIONAL_REPRESENTATION('',(#9414),#9418);
#9414 = LINE('',#9415,#9416);
#9415 = CARTESIAN_POINT('',(0.27500326,0.E+000));
#9416 = VECTOR('',#9417,1.);
#9417 = DIRECTION('',(0.E+000,-1.));
#9418 = ( GEOMETRIC_REPRESENTATION_CONTEXT(2) 
PARAMETRIC_REPRESENTATION_CONTEXT() REPRESENTATION_CONTEXT('2D SPACE',''
  ) );
#9419 = ORIENTED_EDGE('',*,*,#9420,.T.);
#9420 = EDGE_CURVE('',#9388,#9421,#9423,.T.);
#9421 = VERTEX_POINT('',#9422);
#9422 = CARTESIAN_POINT('',(0.1375029,-0.42500042,0.45899832));
#9423 = SURFACE_CURVE('',#9424,(#9428,#9435),.PCURVE_S1.);
#9424 = LINE('',#9425,#9426);
#9425 = CARTESIAN_POINT('',(0.1375029,0.42500042,0.45899832));
#9426 = VECTOR('',#9427,1.);
#9427 = DIRECTION('',(0.E+000,-1.,0.E+000));
#9428 = PCURVE('',#9396,#9429);
#9429 = DEFINITIONAL_REPRESENTATION('',(#9430),#9434);
#9430 = LINE('',#9431,#9432);
#9431 = CARTESIAN_POINT('',(0.E+000,-0.45899832));
#9432 = VECTOR('',#9433,1.);
#9433 = DIRECTION('',(1.,0.E+000));
#9434 = ( GEOMETRIC_REPRESENTATION_CONTEXT(2) 
PARAMETRIC_REPRESENTATION_CONTEXT() REPRESENTATION_CONTEXT('2D SPACE',''
  ) );
#9435 = PCURVE('',#9436,#9441);
#9436 = PLANE('',#9437);
#9437 = AXIS2_PLACEMENT_3D('',#9438,#9439,#9440);
#9438 = CARTESIAN_POINT('',(0.1375029,0.42500042,0.45899832));
#9439 = DIRECTION('',(0.E+000,0.E+000,1.));
#9440 = DIRECTION('',(1.,0.E+000,-0.E+000));
#9441 = DEFINITIONAL_REPRESENTATION('',(#9442),#9446);
#9442 = LINE('',#9443,#9444);
#9443 = CARTESIAN_POINT('',(0.E+000,0.E+000));
#9444 = VECTOR('',#9445,1.);
#9445 = DIRECTION('',(0.E+000,-1.));
#9446 = ( GEOMETRIC_REPRESENTATION_CONTEXT(2) 
PARAMETRIC_REPRESENTATION_CONTEXT() REPRESENTATION_CONTEXT('2D SPACE',''
  ) );
#9447 = ORIENTED_EDGE('',*,*,#9448,.F.);
#9448 = EDGE_CURVE('',#9449,#9421,#9451,.T.);
#9449 = VERTEX_POINT('',#9450);
#9450 = CARTESIAN_POINT('',(0.1375029,-0.42500042,0.E+000));
#9451 = SURFACE_CURVE('',#9452,(#9456,#9463),.PCURVE_S1.);
#9452 = LINE('',#9453,#9454);
#9453 = CARTESIAN_POINT('',(0.1375029,-0.42500042,0.E+000));
#9454 = VECTOR('',#9455,1.);
#9455 = DIRECTION('',(0.E+000,0.E+000,1.));
#9456 = PCURVE('',#9396,#9457);
#9457 = DEFINITIONAL_REPRESENTATION('',(#9458),#9462);
#9458 = LINE('',#9459,#9460);
#9459 = CARTESIAN_POINT('',(0.85000084,0.E+000));
#9460 = VECTOR('',#9461,1.);
#9461 = DIRECTION('',(0.E+000,-1.));
#9462 = ( GEOMETRIC_REPRESENTATION_CONTEXT(2) 
PARAMETRIC_REPRESENTATION_CONTEXT() REPRESENTATION_CONTEXT('2D SPACE',''
  ) );
#9463 = PCURVE('',#9464,#9469);
#9464 = PLANE('',#9465);
#9465 = AXIS2_PLACEMENT_3D('',#9466,#9467,#9468);
#9466 = CARTESIAN_POINT('',(0.1375029,-0.42500042,0.E+000));
#9467 = DIRECTION('',(0.E+000,-1.,0.E+000));
#9468 = DIRECTION('',(-1.,0.E+000,0.E+000));
#9469 = DEFINITIONAL_REPRESENTATION('',(#9470),#9474);
#9470 = LINE('',#9471,#9472);
#9471 = CARTESIAN_POINT('',(0.E+000,-0.E+000));
#9472 = VECTOR('',#9473,1.);
#9473 = DIRECTION('',(0.E+000,-1.));
#9474 = ( GEOMETRIC_REPRESENTATION_CONTEXT(2) 
PARAMETRIC_REPRESENTATION_CONTEXT() REPRESENTATION_CONTEXT('2D SPACE',''
  ) );
#9475 = ORIENTED_EDGE('',*,*,#9476,.F.);
#9476 = EDGE_CURVE('',#9386,#9449,#9477,.T.);
#9477 = SURFACE_CURVE('',#9478,(#9482,#9489),.PCURVE_S1.);
#9478 = LINE('',#9479,#9480);
#9479 = CARTESIAN_POINT('',(0.1375029,0.42500042,0.E+000));
#9480 = VECTOR('',#9481,1.);
#9481 = DIRECTION('',(0.E+000,-1.,0.E+000));
#9482 = PCURVE('',#9396,#9483);
#9483 = DEFINITIONAL_REPRESENTATION('',(#9484),#9488);
#9484 = LINE('',#9485,#9486);
#9485 = CARTESIAN_POINT('',(0.E+000,0.E+000));
#9486 = VECTOR('',#9487,1.);
#9487 = DIRECTION('',(1.,0.E+000));
#9488 = ( GEOMETRIC_REPRESENTATION_CONTEXT(2) 
PARAMETRIC_REPRESENTATION_CONTEXT() REPRESENTATION_CONTEXT('2D SPACE',''
  ) );
#9489 = PCURVE('',#9490,#9495);
#9490 = PLANE('',#9491);
#9491 = AXIS2_PLACEMENT_3D('',#9492,#9493,#9494);
#9492 = CARTESIAN_POINT('',(0.1375029,0.42500042,0.E+000));
#9493 = DIRECTION('',(0.E+000,0.E+000,1.));
#9494 = DIRECTION('',(1.,0.E+000,-0.E+000));
#9495 = DEFINITIONAL_REPRESENTATION('',(#9496),#9500);
#9496 = LINE('',#9497,#9498);
#9497 = CARTESIAN_POINT('',(0.E+000,0.E+000));
#9498 = VECTOR('',#9499,1.);
#9499 = DIRECTION('',(0.E+000,-1.));
#9500 = ( GEOMETRIC_REPRESENTATION_CONTEXT(2) 
PARAMETRIC_REPRESENTATION_CONTEXT() REPRESENTATION_CONTEXT('2D SPACE',''
  ) );
#9501 = ADVANCED_FACE('',(#9502),#9464,.T.);
#9502 = FACE_BOUND('',#9503,.T.);
#9503 = EDGE_LOOP('',(#9504,#9505,#9528,#9556));
#9504 = ORIENTED_EDGE('',*,*,#9448,.T.);
#9505 = ORIENTED_EDGE('',*,*,#9506,.T.);
#9506 = EDGE_CURVE('',#9421,#9507,#9509,.T.);
#9507 = VERTEX_POINT('',#9508);
#9508 = CARTESIAN_POINT('',(-0.13750036,-0.42500042,0.45899832));
#9509 = SURFACE_CURVE('',#9510,(#9514,#9521),.PCURVE_S1.);
#9510 = LINE('',#9511,#9512);
#9511 = CARTESIAN_POINT('',(0.1375029,-0.42500042,0.45899832));
#9512 = VECTOR('',#9513,1.);
#9513 = DIRECTION('',(-1.,0.E+000,0.E+000));
#9514 = PCURVE('',#9464,#9515);
#9515 = DEFINITIONAL_REPRESENTATION('',(#9516),#9520);
#9516 = LINE('',#9517,#9518);
#9517 = CARTESIAN_POINT('',(0.E+000,-0.45899832));
#9518 = VECTOR('',#9519,1.);
#9519 = DIRECTION('',(1.,0.E+000));
#9520 = ( GEOMETRIC_REPRESENTATION_CONTEXT(2) 
PARAMETRIC_REPRESENTATION_CONTEXT() REPRESENTATION_CONTEXT('2D SPACE',''
  ) );
#9521 = PCURVE('',#9436,#9522);
#9522 = DEFINITIONAL_REPRESENTATION('',(#9523),#9527);
#9523 = LINE('',#9524,#9525);
#9524 = CARTESIAN_POINT('',(0.E+000,-0.85000084));
#9525 = VECTOR('',#9526,1.);
#9526 = DIRECTION('',(-1.,0.E+000));
#9527 = ( GEOMETRIC_REPRESENTATION_CONTEXT(2) 
PARAMETRIC_REPRESENTATION_CONTEXT() REPRESENTATION_CONTEXT('2D SPACE',''
  ) );
#9528 = ORIENTED_EDGE('',*,*,#9529,.F.);
#9529 = EDGE_CURVE('',#9530,#9507,#9532,.T.);
#9530 = VERTEX_POINT('',#9531);
#9531 = CARTESIAN_POINT('',(-0.13750036,-0.42500042,0.E+000));
#9532 = SURFACE_CURVE('',#9533,(#9537,#9544),.PCURVE_S1.);
#9533 = LINE('',#9534,#9535);
#9534 = CARTESIAN_POINT('',(-0.13750036,-0.42500042,0.E+000));
#9535 = VECTOR('',#9536,1.);
#9536 = DIRECTION('',(0.E+000,0.E+000,1.));
#9537 = PCURVE('',#9464,#9538);
#9538 = DEFINITIONAL_REPRESENTATION('',(#9539),#9543);
#9539 = LINE('',#9540,#9541);
#9540 = CARTESIAN_POINT('',(0.27500326,0.E+000));
#9541 = VECTOR('',#9542,1.);
#9542 = DIRECTION('',(0.E+000,-1.));
#9543 = ( GEOMETRIC_REPRESENTATION_CONTEXT(2) 
PARAMETRIC_REPRESENTATION_CONTEXT() REPRESENTATION_CONTEXT('2D SPACE',''
  ) );
#9544 = PCURVE('',#9545,#9550);
#9545 = PLANE('',#9546);
#9546 = AXIS2_PLACEMENT_3D('',#9547,#9548,#9549);
#9547 = CARTESIAN_POINT('',(-0.13750036,-0.42500042,0.E+000));
#9548 = DIRECTION('',(-1.,0.E+000,0.E+000));
#9549 = DIRECTION('',(0.E+000,1.,0.E+000));
#9550 = DEFINITIONAL_REPRESENTATION('',(#9551),#9555);
#9551 = LINE('',#9552,#9553);
#9552 = CARTESIAN_POINT('',(0.E+000,0.E+000));
#9553 = VECTOR('',#9554,1.);
#9554 = DIRECTION('',(0.E+000,-1.));
#9555 = ( GEOMETRIC_REPRESENTATION_CONTEXT(2) 
PARAMETRIC_REPRESENTATION_CONTEXT() REPRESENTATION_CONTEXT('2D SPACE',''
  ) );
#9556 = ORIENTED_EDGE('',*,*,#9557,.F.);
#9557 = EDGE_CURVE('',#9449,#9530,#9558,.T.);
#9558 = SURFACE_CURVE('',#9559,(#9563,#9570),.PCURVE_S1.);
#9559 = LINE('',#9560,#9561);
#9560 = CARTESIAN_POINT('',(0.1375029,-0.42500042,0.E+000));
#9561 = VECTOR('',#9562,1.);
#9562 = DIRECTION('',(-1.,0.E+000,0.E+000));
#9563 = PCURVE('',#9464,#9564);
#9564 = DEFINITIONAL_REPRESENTATION('',(#9565),#9569);
#9565 = LINE('',#9566,#9567);
#9566 = CARTESIAN_POINT('',(0.E+000,-0.E+000));
#9567 = VECTOR('',#9568,1.);
#9568 = DIRECTION('',(1.,0.E+000));
#9569 = ( GEOMETRIC_REPRESENTATION_CONTEXT(2) 
PARAMETRIC_REPRESENTATION_CONTEXT() REPRESENTATION_CONTEXT('2D SPACE',''
  ) );
#9570 = PCURVE('',#9490,#9571);
#9571 = DEFINITIONAL_REPRESENTATION('',(#9572),#9576);
#9572 = LINE('',#9573,#9574);
#9573 = CARTESIAN_POINT('',(0.E+000,-0.85000084));
#9574 = VECTOR('',#9575,1.);
#9575 = DIRECTION('',(-1.,0.E+000));
#9576 = ( GEOMETRIC_REPRESENTATION_CONTEXT(2) 
PARAMETRIC_REPRESENTATION_CONTEXT() REPRESENTATION_CONTEXT('2D SPACE',''
  ) );
#9577 = ADVANCED_FACE('',(#9578),#9545,.T.);
#9578 = FACE_BOUND('',#9579,.T.);
#9579 = EDGE_LOOP('',(#9580,#9581,#9604,#9627));
#9580 = ORIENTED_EDGE('',*,*,#9529,.T.);
#9581 = ORIENTED_EDGE('',*,*,#9582,.T.);
#9582 = EDGE_CURVE('',#9507,#9583,#9585,.T.);
#9583 = VERTEX_POINT('',#9584);
#9584 = CARTESIAN_POINT('',(-0.13750036,0.42500042,0.45899832));
#9585 = SURFACE_CURVE('',#9586,(#9590,#9597),.PCURVE_S1.);
#9586 = LINE('',#9587,#9588);
#9587 = CARTESIAN_POINT('',(-0.13750036,-0.42500042,0.45899832));
#9588 = VECTOR('',#9589,1.);
#9589 = DIRECTION('',(0.E+000,1.,0.E+000));
#9590 = PCURVE('',#9545,#9591);
#9591 = DEFINITIONAL_REPRESENTATION('',(#9592),#9596);
#9592 = LINE('',#9593,#9594);
#9593 = CARTESIAN_POINT('',(0.E+000,-0.45899832));
#9594 = VECTOR('',#9595,1.);
#9595 = DIRECTION('',(1.,0.E+000));
#9596 = ( GEOMETRIC_REPRESENTATION_CONTEXT(2) 
PARAMETRIC_REPRESENTATION_CONTEXT() REPRESENTATION_CONTEXT('2D SPACE',''
  ) );
#9597 = PCURVE('',#9436,#9598);
#9598 = DEFINITIONAL_REPRESENTATION('',(#9599),#9603);
#9599 = LINE('',#9600,#9601);
#9600 = CARTESIAN_POINT('',(-0.27500326,-0.85000084));
#9601 = VECTOR('',#9602,1.);
#9602 = DIRECTION('',(0.E+000,1.));
#9603 = ( GEOMETRIC_REPRESENTATION_CONTEXT(2) 
PARAMETRIC_REPRESENTATION_CONTEXT() REPRESENTATION_CONTEXT('2D SPACE',''
  ) );
#9604 = ORIENTED_EDGE('',*,*,#9605,.F.);
#9605 = EDGE_CURVE('',#9606,#9583,#9608,.T.);
#9606 = VERTEX_POINT('',#9607);
#9607 = CARTESIAN_POINT('',(-0.13750036,0.42500042,0.E+000));
#9608 = SURFACE_CURVE('',#9609,(#9613,#9620),.PCURVE_S1.);
#9609 = LINE('',#9610,#9611);
#9610 = CARTESIAN_POINT('',(-0.13750036,0.42500042,0.E+000));
#9611 = VECTOR('',#9612,1.);
#9612 = DIRECTION('',(0.E+000,0.E+000,1.));
#9613 = PCURVE('',#9545,#9614);
#9614 = DEFINITIONAL_REPRESENTATION('',(#9615),#9619);
#9615 = LINE('',#9616,#9617);
#9616 = CARTESIAN_POINT('',(0.85000084,0.E+000));
#9617 = VECTOR('',#9618,1.);
#9618 = DIRECTION('',(0.E+000,-1.));
#9619 = ( GEOMETRIC_REPRESENTATION_CONTEXT(2) 
PARAMETRIC_REPRESENTATION_CONTEXT() REPRESENTATION_CONTEXT('2D SPACE',''
  ) );
#9620 = PCURVE('',#9408,#9621);
#9621 = DEFINITIONAL_REPRESENTATION('',(#9622),#9626);
#9622 = LINE('',#9623,#9624);
#9623 = CARTESIAN_POINT('',(0.E+000,0.E+000));
#9624 = VECTOR('',#9625,1.);
#9625 = DIRECTION('',(0.E+000,-1.));
#9626 = ( GEOMETRIC_REPRESENTATION_CONTEXT(2) 
PARAMETRIC_REPRESENTATION_CONTEXT() REPRESENTATION_CONTEXT('2D SPACE',''
  ) );
#9627 = ORIENTED_EDGE('',*,*,#9628,.F.);
#9628 = EDGE_CURVE('',#9530,#9606,#9629,.T.);
#9629 = SURFACE_CURVE('',#9630,(#9634,#9641),.PCURVE_S1.);
#9630 = LINE('',#9631,#9632);
#9631 = CARTESIAN_POINT('',(-0.13750036,-0.42500042,0.E+000));
#9632 = VECTOR('',#9633,1.);
#9633 = DIRECTION('',(0.E+000,1.,0.E+000));
#9634 = PCURVE('',#9545,#9635);
#9635 = DEFINITIONAL_REPRESENTATION('',(#9636),#9640);
#9636 = LINE('',#9637,#9638);
#9637 = CARTESIAN_POINT('',(0.E+000,0.E+000));
#9638 = VECTOR('',#9639,1.);
#9639 = DIRECTION('',(1.,0.E+000));
#9640 = ( GEOMETRIC_REPRESENTATION_CONTEXT(2) 
PARAMETRIC_REPRESENTATION_CONTEXT() REPRESENTATION_CONTEXT('2D SPACE',''
  ) );
#9641 = PCURVE('',#9490,#9642);
#9642 = DEFINITIONAL_REPRESENTATION('',(#9643),#9647);
#9643 = LINE('',#9644,#9645);
#9644 = CARTESIAN_POINT('',(-0.27500326,-0.85000084));
#9645 = VECTOR('',#9646,1.);
#9646 = DIRECTION('',(0.E+000,1.));
#9647 = ( GEOMETRIC_REPRESENTATION_CONTEXT(2) 
PARAMETRIC_REPRESENTATION_CONTEXT() REPRESENTATION_CONTEXT('2D SPACE',''
  ) );
#9648 = ADVANCED_FACE('',(#9649),#9408,.T.);
#9649 = FACE_BOUND('',#9650,.T.);
#9650 = EDGE_LOOP('',(#9651,#9652,#9673,#9674));
#9651 = ORIENTED_EDGE('',*,*,#9605,.T.);
#9652 = ORIENTED_EDGE('',*,*,#9653,.T.);
#9653 = EDGE_CURVE('',#9583,#9388,#9654,.T.);
#9654 = SURFACE_CURVE('',#9655,(#9659,#9666),.PCURVE_S1.);
#9655 = LINE('',#9656,#9657);
#9656 = CARTESIAN_POINT('',(-0.13750036,0.42500042,0.45899832));
#9657 = VECTOR('',#9658,1.);
#9658 = DIRECTION('',(1.,0.E+000,0.E+000));
#9659 = PCURVE('',#9408,#9660);
#9660 = DEFINITIONAL_REPRESENTATION('',(#9661),#9665);
#9661 = LINE('',#9662,#9663);
#9662 = CARTESIAN_POINT('',(0.E+000,-0.45899832));
#9663 = VECTOR('',#9664,1.);
#9664 = DIRECTION('',(1.,0.E+000));
#9665 = ( GEOMETRIC_REPRESENTATION_CONTEXT(2) 
PARAMETRIC_REPRESENTATION_CONTEXT() REPRESENTATION_CONTEXT('2D SPACE',''
  ) );
#9666 = PCURVE('',#9436,#9667);
#9667 = DEFINITIONAL_REPRESENTATION('',(#9668),#9672);
#9668 = LINE('',#9669,#9670);
#9669 = CARTESIAN_POINT('',(-0.27500326,0.E+000));
#9670 = VECTOR('',#9671,1.);
#9671 = DIRECTION('',(1.,0.E+000));
#9672 = ( GEOMETRIC_REPRESENTATION_CONTEXT(2) 
PARAMETRIC_REPRESENTATION_CONTEXT() REPRESENTATION_CONTEXT('2D SPACE',''
  ) );
#9673 = ORIENTED_EDGE('',*,*,#9385,.F.);
#9674 = ORIENTED_EDGE('',*,*,#9675,.F.);
#9675 = EDGE_CURVE('',#9606,#9386,#9676,.T.);
#9676 = SURFACE_CURVE('',#9677,(#9681,#9688),.PCURVE_S1.);
#9677 = LINE('',#9678,#9679);
#9678 = CARTESIAN_POINT('',(-0.13750036,0.42500042,0.E+000));
#9679 = VECTOR('',#9680,1.);
#9680 = DIRECTION('',(1.,0.E+000,0.E+000));
#9681 = PCURVE('',#9408,#9682);
#9682 = DEFINITIONAL_REPRESENTATION('',(#9683),#9687);
#9683 = LINE('',#9684,#9685);
#9684 = CARTESIAN_POINT('',(0.E+000,0.E+000));
#9685 = VECTOR('',#9686,1.);
#9686 = DIRECTION('',(1.,0.E+000));
#9687 = ( GEOMETRIC_REPRESENTATION_CONTEXT(2) 
PARAMETRIC_REPRESENTATION_CONTEXT() REPRESENTATION_CONTEXT('2D SPACE',''
  ) );
#9688 = PCURVE('',#9490,#9689);
#9689 = DEFINITIONAL_REPRESENTATION('',(#9690),#9694);
#9690 = LINE('',#9691,#9692);
#9691 = CARTESIAN_POINT('',(-0.27500326,0.E+000));
#9692 = VECTOR('',#9693,1.);
#9693 = DIRECTION('',(1.,0.E+000));
#9694 = ( GEOMETRIC_REPRESENTATION_CONTEXT(2) 
PARAMETRIC_REPRESENTATION_CONTEXT() REPRESENTATION_CONTEXT('2D SPACE',''
  ) );
#9695 = ADVANCED_FACE('',(#9696),#9490,.F.);
#9696 = FACE_BOUND('',#9697,.T.);
#9697 = EDGE_LOOP('',(#9698,#9699,#9700,#9701));
#9698 = ORIENTED_EDGE('',*,*,#9476,.T.);
#9699 = ORIENTED_EDGE('',*,*,#9557,.T.);
#9700 = ORIENTED_EDGE('',*,*,#9628,.T.);
#9701 = ORIENTED_EDGE('',*,*,#9675,.T.);
#9702 = ADVANCED_FACE('',(#9703),#9436,.T.);
#9703 = FACE_BOUND('',#9704,.F.);
#9704 = EDGE_LOOP('',(#9705,#9706,#9707,#9708));
#9705 = ORIENTED_EDGE('',*,*,#9420,.T.);
#9706 = ORIENTED_EDGE('',*,*,#9506,.T.);
#9707 = ORIENTED_EDGE('',*,*,#9582,.T.);
#9708 = ORIENTED_EDGE('',*,*,#9653,.T.);
#9709 = ( GEOMETRIC_REPRESENTATION_CONTEXT(3) 
GLOBAL_UNCERTAINTY_ASSIGNED_CONTEXT((#9713)) 
GLOBAL_UNIT_ASSIGNED_CONTEXT((#9710,#9711,#9712)) REPRESENTATION_CONTEXT
('Context #1','3D Context with UNIT and UNCERTAINTY') );
#9710 = ( LENGTH_UNIT() NAMED_UNIT(*) SI_UNIT(.MILLI.,.METRE.) );
#9711 = ( NAMED_UNIT(*) PLANE_ANGLE_UNIT() SI_UNIT($,.RADIAN.) );
#9712 = ( NAMED_UNIT(*) SI_UNIT($,.STERADIAN.) SOLID_ANGLE_UNIT() );
#9713 = UNCERTAINTY_MEASURE_WITH_UNIT(LENGTH_MEASURE(1.E-007),#9710,
  'distance_accuracy_value','confusion accuracy');
#9714 = SHAPE_DEFINITION_REPRESENTATION(#9715,#9378);
#9715 = PRODUCT_DEFINITION_SHAPE('','',#9716);
#9716 = PRODUCT_DEFINITION('design','',#9717,#9720);
#9717 = PRODUCT_DEFINITION_FORMATION('','',#9718);
#9718 = PRODUCT('Extruded','Extruded','',(#9719));
#9719 = PRODUCT_CONTEXT('',#2,'mechanical');
#9720 = PRODUCT_DEFINITION_CONTEXT('part definition',#2,'design');
#9721 = CONTEXT_DEPENDENT_SHAPE_REPRESENTATION(#9722,#9724);
#9722 = ( REPRESENTATION_RELATIONSHIP('','',#9378,#9368) 
REPRESENTATION_RELATIONSHIP_WITH_TRANSFORMATION(#9723) 
SHAPE_REPRESENTATION_RELATIONSHIP() );
#9723 = ITEM_DEFINED_TRANSFORMATION('','',#11,#9369);
#9724 = PRODUCT_DEFINITION_SHAPE('Placement','Placement of an item',
  #9725);
#9725 = NEXT_ASSEMBLY_USAGE_OCCURRENCE('28','=>[0:1:1:2]','',#9363,#9716
  ,$);
#9726 = PRODUCT_RELATED_PRODUCT_CATEGORY('part',$,(#9718));
#9727 = CONTEXT_DEPENDENT_SHAPE_REPRESENTATION(#9728,#9730);
#9728 = ( REPRESENTATION_RELATIONSHIP('','',#9368,#8971) 
REPRESENTATION_RELATIONSHIP_WITH_TRANSFORMATION(#9729) 
SHAPE_REPRESENTATION_RELATIONSHIP() );
#9729 = ITEM_DEFINED_TRANSFORMATION('','',#11,#8976);
#9730 = PRODUCT_DEFINITION_SHAPE('Placement','Placement of an item',
  #9731);
#9731 = NEXT_ASSEMBLY_USAGE_OCCURRENCE('29','=>[0:1:1:19]','',#8966,
  #9363,$);
#9732 = PRODUCT_RELATED_PRODUCT_CATEGORY('part',$,(#9365));
#9733 = CONTEXT_DEPENDENT_SHAPE_REPRESENTATION(#9734,#9736);
#9734 = ( REPRESENTATION_RELATIONSHIP('','',#9368,#8971) 
REPRESENTATION_RELATIONSHIP_WITH_TRANSFORMATION(#9735) 
SHAPE_REPRESENTATION_RELATIONSHIP() );
#9735 = ITEM_DEFINED_TRANSFORMATION('','',#11,#8980);
#9736 = PRODUCT_DEFINITION_SHAPE('Placement','Placement of an item',
  #9737);
#9737 = NEXT_ASSEMBLY_USAGE_OCCURRENCE('30','=>[0:1:1:19]','',#8966,
  #9363,$);
#9738 = CONTEXT_DEPENDENT_SHAPE_REPRESENTATION(#9739,#9741);
#9739 = ( REPRESENTATION_RELATIONSHIP('','',#8971,#10) 
REPRESENTATION_RELATIONSHIP_WITH_TRANSFORMATION(#9740) 
SHAPE_REPRESENTATION_RELATIONSHIP() );
#9740 = ITEM_DEFINED_TRANSFORMATION('','',#11,#39);
#9741 = PRODUCT_DEFINITION_SHAPE('Placement','Placement of an item',
  #9742);
#9742 = NEXT_ASSEMBLY_USAGE_OCCURRENCE('31','=>[0:1:1:16]','',#5,#8966,$
  );
#9743 = PRODUCT_RELATED_PRODUCT_CATEGORY('part',$,(#8968));
#9744 = SHAPE_DEFINITION_REPRESENTATION(#9745,#9751);
#9745 = PRODUCT_DEFINITION_SHAPE('','',#9746);
#9746 = PRODUCT_DEFINITION('design','',#9747,#9750);
#9747 = PRODUCT_DEFINITION_FORMATION('','',#9748);
#9748 = PRODUCT('C13','C13','',(#9749));
#9749 = PRODUCT_CONTEXT('',#2,'mechanical');
#9750 = PRODUCT_DEFINITION_CONTEXT('part definition',#2,'design');
#9751 = SHAPE_REPRESENTATION('',(#11,#9752,#9756,#9760),#9764);
#9752 = AXIS2_PLACEMENT_3D('',#9753,#9754,#9755);
#9753 = CARTESIAN_POINT('',(56.808909251855,9.372692083184,
    -0.861478745937));
#9754 = DIRECTION('',(0.E+000,0.E+000,1.));
#9755 = DIRECTION('',(1.,0.E+000,0.E+000));
#9756 = AXIS2_PLACEMENT_3D('',#9757,#9758,#9759);
#9757 = CARTESIAN_POINT('',(57.494723155664,9.372692083184,
    -0.871478736401));
#9758 = DIRECTION('',(0.E+000,0.E+000,1.));
#9759 = DIRECTION('',(1.,0.E+000,0.E+000));
#9760 = AXIS2_PLACEMENT_3D('',#9761,#9762,#9763);
#9761 = CARTESIAN_POINT('',(56.123164012598,9.372692083184,
    -0.871478736401));
#9762 = DIRECTION('',(0.E+000,0.E+000,1.));
#9763 = DIRECTION('',(1.,0.E+000,0.E+000));
#9764 = ( GEOMETRIC_REPRESENTATION_CONTEXT(3) 
GLOBAL_UNCERTAINTY_ASSIGNED_CONTEXT((#9768)) 
GLOBAL_UNIT_ASSIGNED_CONTEXT((#9765,#9766,#9767)) REPRESENTATION_CONTEXT
('Context #1','3D Context with UNIT and UNCERTAINTY') );
#9765 = ( LENGTH_UNIT() NAMED_UNIT(*) SI_UNIT(.MILLI.,.METRE.) );
#9766 = ( NAMED_UNIT(*) PLANE_ANGLE_UNIT() SI_UNIT($,.RADIAN.) );
#9767 = ( NAMED_UNIT(*) SI_UNIT($,.STERADIAN.) SOLID_ANGLE_UNIT() );
#9768 = UNCERTAINTY_MEASURE_WITH_UNIT(LENGTH_MEASURE(1.E-007),#9765,
  'distance_accuracy_value','confusion accuracy');
#9769 = CONTEXT_DEPENDENT_SHAPE_REPRESENTATION(#9770,#9772);
#9770 = ( REPRESENTATION_RELATIONSHIP('','',#8996,#9751) 
REPRESENTATION_RELATIONSHIP_WITH_TRANSFORMATION(#9771) 
SHAPE_REPRESENTATION_RELATIONSHIP() );
#9771 = ITEM_DEFINED_TRANSFORMATION('','',#11,#9752);
#9772 = PRODUCT_DEFINITION_SHAPE('Placement','Placement of an item',
  #9773);
#9773 = NEXT_ASSEMBLY_USAGE_OCCURRENCE('32','=>[0:1:1:17]','',#9746,
  #8991,$);
#9774 = CONTEXT_DEPENDENT_SHAPE_REPRESENTATION(#9775,#9777);
#9775 = ( REPRESENTATION_RELATIONSHIP('','',#9368,#9751) 
REPRESENTATION_RELATIONSHIP_WITH_TRANSFORMATION(#9776) 
SHAPE_REPRESENTATION_RELATIONSHIP() );
#9776 = ITEM_DEFINED_TRANSFORMATION('','',#11,#9756);
#9777 = PRODUCT_DEFINITION_SHAPE('Placement','Placement of an item',
  #9778);
#9778 = NEXT_ASSEMBLY_USAGE_OCCURRENCE('33','=>[0:1:1:19]','',#9746,
  #9363,$);
#9779 = CONTEXT_DEPENDENT_SHAPE_REPRESENTATION(#9780,#9782);
#9780 = ( REPRESENTATION_RELATIONSHIP('','',#9368,#9751) 
REPRESENTATION_RELATIONSHIP_WITH_TRANSFORMATION(#9781) 
SHAPE_REPRESENTATION_RELATIONSHIP() );
#9781 = ITEM_DEFINED_TRANSFORMATION('','',#11,#9760);
#9782 = PRODUCT_DEFINITION_SHAPE('Placement','Placement of an item',
  #9783);
#9783 = NEXT_ASSEMBLY_USAGE_OCCURRENCE('34','=>[0:1:1:19]','',#9746,
  #9363,$);
#9784 = CONTEXT_DEPENDENT_SHAPE_REPRESENTATION(#9785,#9787);
#9785 = ( REPRESENTATION_RELATIONSHIP('','',#9751,#10) 
REPRESENTATION_RELATIONSHIP_WITH_TRANSFORMATION(#9786) 
SHAPE_REPRESENTATION_RELATIONSHIP() );
#9786 = ITEM_DEFINED_TRANSFORMATION('','',#11,#43);
#9787 = PRODUCT_DEFINITION_SHAPE('Placement','Placement of an item',
  #9788);
#9788 = NEXT_ASSEMBLY_USAGE_OCCURRENCE('35','=>[0:1:1:21]','',#5,#9746,$
  );
#9789 = PRODUCT_RELATED_PRODUCT_CATEGORY('part',$,(#9748));
#9790 = SHAPE_DEFINITION_REPRESENTATION(#9791,#9797);
#9791 = PRODUCT_DEFINITION_SHAPE('','',#9792);
#9792 = PRODUCT_DEFINITION('design','',#9793,#9796);
#9793 = PRODUCT_DEFINITION_FORMATION('','',#9794);
#9794 = PRODUCT('R1','R1','',(#9795));
#9795 = PRODUCT_CONTEXT('',#2,'mechanical');
#9796 = PRODUCT_DEFINITION_CONTEXT('part definition',#2,'design');
#9797 = SHAPE_REPRESENTATION('',(#11,#9798,#9802,#9806),#9810);
#9798 = AXIS2_PLACEMENT_3D('',#9799,#9800,#9801);
#9799 = CARTESIAN_POINT('',(44.286425426172,13.233367894951,
    -0.871478736401));
#9800 = DIRECTION('',(0.E+000,0.E+000,1.));
#9801 = DIRECTION('',(1.,0.E+000,0.E+000));
#9802 = AXIS2_PLACEMENT_3D('',#9803,#9804,#9805);
#9803 = CARTESIAN_POINT('',(44.286425426172,14.604927038018,
    -0.871478736401));
#9804 = DIRECTION('',(0.E+000,0.E+000,1.));
#9805 = DIRECTION('',(1.,0.E+000,0.E+000));
#9806 = AXIS2_PLACEMENT_3D('',#9807,#9808,#9809);
#9807 = CARTESIAN_POINT('',(44.286425426172,13.919109319512,
    -0.861478745937));
#9808 = DIRECTION('',(0.E+000,0.E+000,1.));
#9809 = DIRECTION('',(1.,0.E+000,0.E+000));
#9810 = ( GEOMETRIC_REPRESENTATION_CONTEXT(3) 
GLOBAL_UNCERTAINTY_ASSIGNED_CONTEXT((#9814)) 
GLOBAL_UNIT_ASSIGNED_CONTEXT((#9811,#9812,#9813)) REPRESENTATION_CONTEXT
('Context #1','3D Context with UNIT and UNCERTAINTY') );
#9811 = ( LENGTH_UNIT() NAMED_UNIT(*) SI_UNIT(.MILLI.,.METRE.) );
#9812 = ( NAMED_UNIT(*) PLANE_ANGLE_UNIT() SI_UNIT($,.RADIAN.) );
#9813 = ( NAMED_UNIT(*) SI_UNIT($,.STERADIAN.) SOLID_ANGLE_UNIT() );
#9814 = UNCERTAINTY_MEASURE_WITH_UNIT(LENGTH_MEASURE(1.E-007),#9811,
  'distance_accuracy_value','confusion accuracy');
#9815 = CONTEXT_DEPENDENT_SHAPE_REPRESENTATION(#9816,#9818);
#9816 = ( REPRESENTATION_RELATIONSHIP('','',#8078,#9797) 
REPRESENTATION_RELATIONSHIP_WITH_TRANSFORMATION(#9817) 
SHAPE_REPRESENTATION_RELATIONSHIP() );
#9817 = ITEM_DEFINED_TRANSFORMATION('','',#11,#9798);
#9818 = PRODUCT_DEFINITION_SHAPE('Placement','Placement of an item',
  #9819);
#9819 = NEXT_ASSEMBLY_USAGE_OCCURRENCE('36','=>[0:1:1:9]','',#9792,#8073
  ,$);
#9820 = CONTEXT_DEPENDENT_SHAPE_REPRESENTATION(#9821,#9823);
#9821 = ( REPRESENTATION_RELATIONSHIP('','',#8078,#9797) 
REPRESENTATION_RELATIONSHIP_WITH_TRANSFORMATION(#9822) 
SHAPE_REPRESENTATION_RELATIONSHIP() );
#9822 = ITEM_DEFINED_TRANSFORMATION('','',#11,#9802);
#9823 = PRODUCT_DEFINITION_SHAPE('Placement','Placement of an item',
  #9824);
#9824 = NEXT_ASSEMBLY_USAGE_OCCURRENCE('37','=>[0:1:1:9]','',#9792,#8073
  ,$);
#9825 = CONTEXT_DEPENDENT_SHAPE_REPRESENTATION(#9826,#9828);
#9826 = ( REPRESENTATION_RELATIONSHIP('','',#8455,#9797) 
REPRESENTATION_RELATIONSHIP_WITH_TRANSFORMATION(#9827) 
SHAPE_REPRESENTATION_RELATIONSHIP() );
#9827 = ITEM_DEFINED_TRANSFORMATION('','',#11,#9806);
#9828 = PRODUCT_DEFINITION_SHAPE('Placement','Placement of an item',
  #9829);
#9829 = NEXT_ASSEMBLY_USAGE_OCCURRENCE('38','=>[0:1:1:11]','',#9792,
  #8450,$);
#9830 = CONTEXT_DEPENDENT_SHAPE_REPRESENTATION(#9831,#9833);
#9831 = ( REPRESENTATION_RELATIONSHIP('','',#9797,#10) 
REPRESENTATION_RELATIONSHIP_WITH_TRANSFORMATION(#9832) 
SHAPE_REPRESENTATION_RELATIONSHIP() );
#9832 = ITEM_DEFINED_TRANSFORMATION('','',#11,#47);
#9833 = PRODUCT_DEFINITION_SHAPE('Placement','Placement of an item',
  #9834);
#9834 = NEXT_ASSEMBLY_USAGE_OCCURRENCE('39','=>[0:1:1:22]','',#5,#9792,$
  );
#9835 = PRODUCT_RELATED_PRODUCT_CATEGORY('part',$,(#9794));
#9836 = SHAPE_DEFINITION_REPRESENTATION(#9837,#9843);
#9837 = PRODUCT_DEFINITION_SHAPE('','',#9838);
#9838 = PRODUCT_DEFINITION('design','',#9839,#9842);
#9839 = PRODUCT_DEFINITION_FORMATION('','',#9840);
#9840 = PRODUCT('R2','R2','',(#9841));
#9841 = PRODUCT_CONTEXT('',#2,'mechanical');
#9842 = PRODUCT_DEFINITION_CONTEXT('part definition',#2,'design');
#9843 = SHAPE_REPRESENTATION('',(#11,#9844,#9848,#9852),#9856);
#9844 = AXIS2_PLACEMENT_3D('',#9845,#9846,#9847);
#9845 = CARTESIAN_POINT('',(45.835825755762,13.233367894951,
    -0.871478736401));
#9846 = DIRECTION('',(0.E+000,0.E+000,1.));
#9847 = DIRECTION('',(1.,0.E+000,0.E+000));
#9848 = AXIS2_PLACEMENT_3D('',#9849,#9850,#9851);
#9849 = CARTESIAN_POINT('',(45.835825755762,14.604927038018,
    -0.871478736401));
#9850 = DIRECTION('',(0.E+000,0.E+000,1.));
#9851 = DIRECTION('',(1.,0.E+000,0.E+000));
#9852 = AXIS2_PLACEMENT_3D('',#9853,#9854,#9855);
#9853 = CARTESIAN_POINT('',(45.835825755762,13.919109319512,
    -0.861478745937));
#9854 = DIRECTION('',(0.E+000,0.E+000,1.));
#9855 = DIRECTION('',(1.,0.E+000,0.E+000));
#9856 = ( GEOMETRIC_REPRESENTATION_CONTEXT(3) 
GLOBAL_UNCERTAINTY_ASSIGNED_CONTEXT((#9860)) 
GLOBAL_UNIT_ASSIGNED_CONTEXT((#9857,#9858,#9859)) REPRESENTATION_CONTEXT
('Context #1','3D Context with UNIT and UNCERTAINTY') );
#9857 = ( LENGTH_UNIT() NAMED_UNIT(*) SI_UNIT(.MILLI.,.METRE.) );
#9858 = ( NAMED_UNIT(*) PLANE_ANGLE_UNIT() SI_UNIT($,.RADIAN.) );
#9859 = ( NAMED_UNIT(*) SI_UNIT($,.STERADIAN.) SOLID_ANGLE_UNIT() );
#9860 = UNCERTAINTY_MEASURE_WITH_UNIT(LENGTH_MEASURE(1.E-007),#9857,
  'distance_accuracy_value','confusion accuracy');
#9861 = CONTEXT_DEPENDENT_SHAPE_REPRESENTATION(#9862,#9864);
#9862 = ( REPRESENTATION_RELATIONSHIP('','',#8078,#9843) 
REPRESENTATION_RELATIONSHIP_WITH_TRANSFORMATION(#9863) 
SHAPE_REPRESENTATION_RELATIONSHIP() );
#9863 = ITEM_DEFINED_TRANSFORMATION('','',#11,#9844);
#9864 = PRODUCT_DEFINITION_SHAPE('Placement','Placement of an item',
  #9865);
#9865 = NEXT_ASSEMBLY_USAGE_OCCURRENCE('40','=>[0:1:1:9]','',#9838,#8073
  ,$);
#9866 = CONTEXT_DEPENDENT_SHAPE_REPRESENTATION(#9867,#9869);
#9867 = ( REPRESENTATION_RELATIONSHIP('','',#8078,#9843) 
REPRESENTATION_RELATIONSHIP_WITH_TRANSFORMATION(#9868) 
SHAPE_REPRESENTATION_RELATIONSHIP() );
#9868 = ITEM_DEFINED_TRANSFORMATION('','',#11,#9848);
#9869 = PRODUCT_DEFINITION_SHAPE('Placement','Placement of an item',
  #9870);
#9870 = NEXT_ASSEMBLY_USAGE_OCCURRENCE('41','=>[0:1:1:9]','',#9838,#8073
  ,$);
#9871 = CONTEXT_DEPENDENT_SHAPE_REPRESENTATION(#9872,#9874);
#9872 = ( REPRESENTATION_RELATIONSHIP('','',#8455,#9843) 
REPRESENTATION_RELATIONSHIP_WITH_TRANSFORMATION(#9873) 
SHAPE_REPRESENTATION_RELATIONSHIP() );
#9873 = ITEM_DEFINED_TRANSFORMATION('','',#11,#9852);
#9874 = PRODUCT_DEFINITION_SHAPE('Placement','Placement of an item',
  #9875);
#9875 = NEXT_ASSEMBLY_USAGE_OCCURRENCE('42','=>[0:1:1:11]','',#9838,
  #8450,$);
#9876 = CONTEXT_DEPENDENT_SHAPE_REPRESENTATION(#9877,#9879);
#9877 = ( REPRESENTATION_RELATIONSHIP('','',#9843,#10) 
REPRESENTATION_RELATIONSHIP_WITH_TRANSFORMATION(#9878) 
SHAPE_REPRESENTATION_RELATIONSHIP() );
#9878 = ITEM_DEFINED_TRANSFORMATION('','',#11,#51);
#9879 = PRODUCT_DEFINITION_SHAPE('Placement','Placement of an item',
  #9880);
#9880 = NEXT_ASSEMBLY_USAGE_OCCURRENCE('43','=>[0:1:1:23]','',#5,#9838,$
  );
#9881 = PRODUCT_RELATED_PRODUCT_CATEGORY('part',$,(#9840));
#9882 = SHAPE_DEFINITION_REPRESENTATION(#9883,#9889);
#9883 = PRODUCT_DEFINITION_SHAPE('','',#9884);
#9884 = PRODUCT_DEFINITION('design','',#9885,#9888);
#9885 = PRODUCT_DEFINITION_FORMATION('','',#9886);
#9886 = PRODUCT('R3','R3','',(#9887));
#9887 = PRODUCT_CONTEXT('',#2,'mechanical');
#9888 = PRODUCT_DEFINITION_CONTEXT('part definition',#2,'design');
#9889 = SHAPE_REPRESENTATION('',(#11,#9890,#9894,#9898),#9902);
#9890 = AXIS2_PLACEMENT_3D('',#9891,#9892,#9893);
#9891 = CARTESIAN_POINT('',(47.385226085352,13.233367894951,
    -0.871478736401));
#9892 = DIRECTION('',(0.E+000,0.E+000,1.));
#9893 = DIRECTION('',(1.,0.E+000,0.E+000));
#9894 = AXIS2_PLACEMENT_3D('',#9895,#9896,#9897);
#9895 = CARTESIAN_POINT('',(47.385226085352,14.604927038018,
    -0.871478736401));
#9896 = DIRECTION('',(0.E+000,0.E+000,1.));
#9897 = DIRECTION('',(1.,0.E+000,0.E+000));
#9898 = AXIS2_PLACEMENT_3D('',#9899,#9900,#9901);
#9899 = CARTESIAN_POINT('',(47.385226085352,13.919109319512,
    -0.861478745937));
#9900 = DIRECTION('',(0.E+000,0.E+000,1.));
#9901 = DIRECTION('',(1.,0.E+000,0.E+000));
#9902 = ( GEOMETRIC_REPRESENTATION_CONTEXT(3) 
GLOBAL_UNCERTAINTY_ASSIGNED_CONTEXT((#9906)) 
GLOBAL_UNIT_ASSIGNED_CONTEXT((#9903,#9904,#9905)) REPRESENTATION_CONTEXT
('Context #1','3D Context with UNIT and UNCERTAINTY') );
#9903 = ( LENGTH_UNIT() NAMED_UNIT(*) SI_UNIT(.MILLI.,.METRE.) );
#9904 = ( NAMED_UNIT(*) PLANE_ANGLE_UNIT() SI_UNIT($,.RADIAN.) );
#9905 = ( NAMED_UNIT(*) SI_UNIT($,.STERADIAN.) SOLID_ANGLE_UNIT() );
#9906 = UNCERTAINTY_MEASURE_WITH_UNIT(LENGTH_MEASURE(1.E-007),#9903,
  'distance_accuracy_value','confusion accuracy');
#9907 = CONTEXT_DEPENDENT_SHAPE_REPRESENTATION(#9908,#9910);
#9908 = ( REPRESENTATION_RELATIONSHIP('','',#8078,#9889) 
REPRESENTATION_RELATIONSHIP_WITH_TRANSFORMATION(#9909) 
SHAPE_REPRESENTATION_RELATIONSHIP() );
#9909 = ITEM_DEFINED_TRANSFORMATION('','',#11,#9890);
#9910 = PRODUCT_DEFINITION_SHAPE('Placement','Placement of an item',
  #9911);
#9911 = NEXT_ASSEMBLY_USAGE_OCCURRENCE('44','=>[0:1:1:9]','',#9884,#8073
  ,$);
#9912 = CONTEXT_DEPENDENT_SHAPE_REPRESENTATION(#9913,#9915);
#9913 = ( REPRESENTATION_RELATIONSHIP('','',#8078,#9889) 
REPRESENTATION_RELATIONSHIP_WITH_TRANSFORMATION(#9914) 
SHAPE_REPRESENTATION_RELATIONSHIP() );
#9914 = ITEM_DEFINED_TRANSFORMATION('','',#11,#9894);
#9915 = PRODUCT_DEFINITION_SHAPE('Placement','Placement of an item',
  #9916);
#9916 = NEXT_ASSEMBLY_USAGE_OCCURRENCE('45','=>[0:1:1:9]','',#9884,#8073
  ,$);
#9917 = CONTEXT_DEPENDENT_SHAPE_REPRESENTATION(#9918,#9920);
#9918 = ( REPRESENTATION_RELATIONSHIP('','',#8455,#9889) 
REPRESENTATION_RELATIONSHIP_WITH_TRANSFORMATION(#9919) 
SHAPE_REPRESENTATION_RELATIONSHIP() );
#9919 = ITEM_DEFINED_TRANSFORMATION('','',#11,#9898);
#9920 = PRODUCT_DEFINITION_SHAPE('Placement','Placement of an item',
  #9921);
#9921 = NEXT_ASSEMBLY_USAGE_OCCURRENCE('46','=>[0:1:1:11]','',#9884,
  #8450,$);
#9922 = CONTEXT_DEPENDENT_SHAPE_REPRESENTATION(#9923,#9925);
#9923 = ( REPRESENTATION_RELATIONSHIP('','',#9889,#10) 
REPRESENTATION_RELATIONSHIP_WITH_TRANSFORMATION(#9924) 
SHAPE_REPRESENTATION_RELATIONSHIP() );
#9924 = ITEM_DEFINED_TRANSFORMATION('','',#11,#55);
#9925 = PRODUCT_DEFINITION_SHAPE('Placement','Placement of an item',
  #9926);
#9926 = NEXT_ASSEMBLY_USAGE_OCCURRENCE('47','=>[0:1:1:24]','',#5,#9884,$
  );
#9927 = PRODUCT_RELATED_PRODUCT_CATEGORY('part',$,(#9886));
#9928 = SHAPE_DEFINITION_REPRESENTATION(#9929,#9935);
#9929 = PRODUCT_DEFINITION_SHAPE('','',#9930);
#9930 = PRODUCT_DEFINITION('design','',#9931,#9934);
#9931 = PRODUCT_DEFINITION_FORMATION('','',#9932);
#9932 = PRODUCT('R4','R4','',(#9933));
#9933 = PRODUCT_CONTEXT('',#2,'mechanical');
#9934 = PRODUCT_DEFINITION_CONTEXT('part definition',#2,'design');
#9935 = SHAPE_REPRESENTATION('',(#11,#9936,#9940,#9944),#9948);
#9936 = AXIS2_PLACEMENT_3D('',#9937,#9938,#9939);
#9937 = CARTESIAN_POINT('',(54.36239130752,13.995792363945,
    2.500120922923E-002));
#9938 = DIRECTION('',(0.E+000,0.E+000,1.));
#9939 = DIRECTION('',(1.,0.E+000,0.E+000));
#9940 = AXIS2_PLACEMENT_3D('',#9941,#9942,#9943);
#9941 = CARTESIAN_POINT('',(54.36239130752,14.681610082451,
    1.000759541057E-003));
#9942 = DIRECTION('',(0.E+000,0.E+000,1.));
#9943 = DIRECTION('',(1.,0.E+000,0.E+000));
#9944 = AXIS2_PLACEMENT_3D('',#9945,#9946,#9947);
#9945 = CARTESIAN_POINT('',(54.36239130752,13.310050939385,
    1.000759541057E-003));
#9946 = DIRECTION('',(0.E+000,0.E+000,1.));
#9947 = DIRECTION('',(1.,0.E+000,0.E+000));
#9948 = ( GEOMETRIC_REPRESENTATION_CONTEXT(3) 
GLOBAL_UNCERTAINTY_ASSIGNED_CONTEXT((#9952)) 
GLOBAL_UNIT_ASSIGNED_CONTEXT((#9949,#9950,#9951)) REPRESENTATION_CONTEXT
('Context #1','3D Context with UNIT and UNCERTAINTY') );
#9949 = ( LENGTH_UNIT() NAMED_UNIT(*) SI_UNIT(.MILLI.,.METRE.) );
#9950 = ( NAMED_UNIT(*) PLANE_ANGLE_UNIT() SI_UNIT($,.RADIAN.) );
#9951 = ( NAMED_UNIT(*) SI_UNIT($,.STERADIAN.) SOLID_ANGLE_UNIT() );
#9952 = UNCERTAINTY_MEASURE_WITH_UNIT(LENGTH_MEASURE(1.E-007),#9949,
  'distance_accuracy_value','confusion accuracy');
#9953 = CONTEXT_DEPENDENT_SHAPE_REPRESENTATION(#9954,#9956);
#9954 = ( REPRESENTATION_RELATIONSHIP('','',#8455,#9935) 
REPRESENTATION_RELATIONSHIP_WITH_TRANSFORMATION(#9955) 
SHAPE_REPRESENTATION_RELATIONSHIP() );
#9955 = ITEM_DEFINED_TRANSFORMATION('','',#11,#9936);
#9956 = PRODUCT_DEFINITION_SHAPE('Placement','Placement of an item',
  #9957);
#9957 = NEXT_ASSEMBLY_USAGE_OCCURRENCE('48','=>[0:1:1:11]','',#9930,
  #8450,$);
#9958 = CONTEXT_DEPENDENT_SHAPE_REPRESENTATION(#9959,#9961);
#9959 = ( REPRESENTATION_RELATIONSHIP('','',#8078,#9935) 
REPRESENTATION_RELATIONSHIP_WITH_TRANSFORMATION(#9960) 
SHAPE_REPRESENTATION_RELATIONSHIP() );
#9960 = ITEM_DEFINED_TRANSFORMATION('','',#11,#9940);
#9961 = PRODUCT_DEFINITION_SHAPE('Placement','Placement of an item',
  #9962);
#9962 = NEXT_ASSEMBLY_USAGE_OCCURRENCE('49','=>[0:1:1:9]','',#9930,#8073
  ,$);
#9963 = CONTEXT_DEPENDENT_SHAPE_REPRESENTATION(#9964,#9966);
#9964 = ( REPRESENTATION_RELATIONSHIP('','',#8078,#9935) 
REPRESENTATION_RELATIONSHIP_WITH_TRANSFORMATION(#9965) 
SHAPE_REPRESENTATION_RELATIONSHIP() );
#9965 = ITEM_DEFINED_TRANSFORMATION('','',#11,#9944);
#9966 = PRODUCT_DEFINITION_SHAPE('Placement','Placement of an item',
  #9967);
#9967 = NEXT_ASSEMBLY_USAGE_OCCURRENCE('50','=>[0:1:1:9]','',#9930,#8073
  ,$);
#9968 = CONTEXT_DEPENDENT_SHAPE_REPRESENTATION(#9969,#9971);
#9969 = ( REPRESENTATION_RELATIONSHIP('','',#9935,#10) 
REPRESENTATION_RELATIONSHIP_WITH_TRANSFORMATION(#9970) 
SHAPE_REPRESENTATION_RELATIONSHIP() );
#9970 = ITEM_DEFINED_TRANSFORMATION('','',#11,#59);
#9971 = PRODUCT_DEFINITION_SHAPE('Placement','Placement of an item',
  #9972);
#9972 = NEXT_ASSEMBLY_USAGE_OCCURRENCE('51','=>[0:1:1:25]','',#5,#9930,$
  );
#9973 = PRODUCT_RELATED_PRODUCT_CATEGORY('part',$,(#9932));
#9974 = SHAPE_DEFINITION_REPRESENTATION(#9975,#9981);
#9975 = PRODUCT_DEFINITION_SHAPE('','',#9976);
#9976 = PRODUCT_DEFINITION('design','',#9977,#9980);
#9977 = PRODUCT_DEFINITION_FORMATION('','',#9978);
#9978 = PRODUCT('R5','R5','',(#9979));
#9979 = PRODUCT_CONTEXT('',#2,'mechanical');
#9980 = PRODUCT_DEFINITION_CONTEXT('part definition',#2,'design');
#9981 = SHAPE_REPRESENTATION('',(#11,#9982,#9986,#9990),#9994);
#9982 = AXIS2_PLACEMENT_3D('',#9983,#9984,#9985);
#9983 = CARTESIAN_POINT('',(50.520678355859,10.972698186699,
    2.500120922923E-002));
#9984 = DIRECTION('',(0.E+000,0.E+000,1.));
#9985 = DIRECTION('',(1.,0.E+000,0.E+000));
#9986 = AXIS2_PLACEMENT_3D('',#9987,#9988,#9989);
#9987 = CARTESIAN_POINT('',(50.520678355859,11.658512090508,
    1.000759541057E-003));
#9988 = DIRECTION('',(0.E+000,0.E+000,1.));
#9989 = DIRECTION('',(1.,0.E+000,0.E+000));
#9990 = AXIS2_PLACEMENT_3D('',#9991,#9992,#9993);
#9991 = CARTESIAN_POINT('',(50.520678355859,10.286956762139,
    1.000759541057E-003));
#9992 = DIRECTION('',(0.E+000,0.E+000,1.));
#9993 = DIRECTION('',(1.,0.E+000,0.E+000));
#9994 = ( GEOMETRIC_REPRESENTATION_CONTEXT(3) 
GLOBAL_UNCERTAINTY_ASSIGNED_CONTEXT((#9998)) 
GLOBAL_UNIT_ASSIGNED_CONTEXT((#9995,#9996,#9997)) REPRESENTATION_CONTEXT
('Context #1','3D Context with UNIT and UNCERTAINTY') );
#9995 = ( LENGTH_UNIT() NAMED_UNIT(*) SI_UNIT(.MILLI.,.METRE.) );
#9996 = ( NAMED_UNIT(*) PLANE_ANGLE_UNIT() SI_UNIT($,.RADIAN.) );
#9997 = ( NAMED_UNIT(*) SI_UNIT($,.STERADIAN.) SOLID_ANGLE_UNIT() );
#9998 = UNCERTAINTY_MEASURE_WITH_UNIT(LENGTH_MEASURE(1.E-007),#9995,
  'distance_accuracy_value','confusion accuracy');
#9999 = CONTEXT_DEPENDENT_SHAPE_REPRESENTATION(#10000,#10002);
#10000 = ( REPRESENTATION_RELATIONSHIP('','',#8455,#9981) 
REPRESENTATION_RELATIONSHIP_WITH_TRANSFORMATION(#10001) 
SHAPE_REPRESENTATION_RELATIONSHIP() );
#10001 = ITEM_DEFINED_TRANSFORMATION('','',#11,#9982);
#10002 = PRODUCT_DEFINITION_SHAPE('Placement','Placement of an item',
  #10003);
#10003 = NEXT_ASSEMBLY_USAGE_OCCURRENCE('52','=>[0:1:1:11]','',#9976,
  #8450,$);
#10004 = CONTEXT_DEPENDENT_SHAPE_REPRESENTATION(#10005,#10007);
#10005 = ( REPRESENTATION_RELATIONSHIP('','',#8078,#9981) 
REPRESENTATION_RELATIONSHIP_WITH_TRANSFORMATION(#10006) 
SHAPE_REPRESENTATION_RELATIONSHIP() );
#10006 = ITEM_DEFINED_TRANSFORMATION('','',#11,#9986);
#10007 = PRODUCT_DEFINITION_SHAPE('Placement','Placement of an item',
  #10008);
#10008 = NEXT_ASSEMBLY_USAGE_OCCURRENCE('53','=>[0:1:1:9]','',#9976,
  #8073,$);
#10009 = CONTEXT_DEPENDENT_SHAPE_REPRESENTATION(#10010,#10012);
#10010 = ( REPRESENTATION_RELATIONSHIP('','',#8078,#9981) 
REPRESENTATION_RELATIONSHIP_WITH_TRANSFORMATION(#10011) 
SHAPE_REPRESENTATION_RELATIONSHIP() );
#10011 = ITEM_DEFINED_TRANSFORMATION('','',#11,#9990);
#10012 = PRODUCT_DEFINITION_SHAPE('Placement','Placement of an item',
  #10013);
#10013 = NEXT_ASSEMBLY_USAGE_OCCURRENCE('54','=>[0:1:1:9]','',#9976,
  #8073,$);
#10014 = CONTEXT_DEPENDENT_SHAPE_REPRESENTATION(#10015,#10017);
#10015 = ( REPRESENTATION_RELATIONSHIP('','',#9981,#10) 
REPRESENTATION_RELATIONSHIP_WITH_TRANSFORMATION(#10016) 
SHAPE_REPRESENTATION_RELATIONSHIP() );
#10016 = ITEM_DEFINED_TRANSFORMATION('','',#11,#63);
#10017 = PRODUCT_DEFINITION_SHAPE('Placement','Placement of an item',
  #10018);
#10018 = NEXT_ASSEMBLY_USAGE_OCCURRENCE('55','=>[0:1:1:26]','',#5,#9976,
  $);
#10019 = PRODUCT_RELATED_PRODUCT_CATEGORY('part',$,(#9978));
#10020 = SHAPE_DEFINITION_REPRESENTATION(#10021,#10027);
#10021 = PRODUCT_DEFINITION_SHAPE('','',#10022);
#10022 = PRODUCT_DEFINITION('design','',#10023,#10026);
#10023 = PRODUCT_DEFINITION_FORMATION('','',#10024);
#10024 = PRODUCT('R6','R6','',(#10025));
#10025 = PRODUCT_CONTEXT('',#2,'mechanical');
#10026 = PRODUCT_DEFINITION_CONTEXT('part definition',#2,'design');
#10027 = SHAPE_REPRESENTATION('',(#11,#10028,#10032,#10036),#10040);
#10028 = AXIS2_PLACEMENT_3D('',#10029,#10030,#10031);
#10029 = CARTESIAN_POINT('',(51.822390391992,13.995792363945,
    2.500120922923E-002));
#10030 = DIRECTION('',(0.E+000,0.E+000,1.));
#10031 = DIRECTION('',(1.,0.E+000,0.E+000));
#10032 = AXIS2_PLACEMENT_3D('',#10033,#10034,#10035);
#10033 = CARTESIAN_POINT('',(51.822390391992,14.681610082451,
    1.000759541057E-003));
#10034 = DIRECTION('',(0.E+000,0.E+000,1.));
#10035 = DIRECTION('',(1.,0.E+000,0.E+000));
#10036 = AXIS2_PLACEMENT_3D('',#10037,#10038,#10039);
#10037 = CARTESIAN_POINT('',(51.822390391992,13.310050939385,
    1.000759541057E-003));
#10038 = DIRECTION('',(0.E+000,0.E+000,1.));
#10039 = DIRECTION('',(1.,0.E+000,0.E+000));
#10040 = ( GEOMETRIC_REPRESENTATION_CONTEXT(3) 
GLOBAL_UNCERTAINTY_ASSIGNED_CONTEXT((#10044)) 
GLOBAL_UNIT_ASSIGNED_CONTEXT((#10041,#10042,#10043)) 
REPRESENTATION_CONTEXT('Context #1',
  '3D Context with UNIT and UNCERTAINTY') );
#10041 = ( LENGTH_UNIT() NAMED_UNIT(*) SI_UNIT(.MILLI.,.METRE.) );
#10042 = ( NAMED_UNIT(*) PLANE_ANGLE_UNIT() SI_UNIT($,.RADIAN.) );
#10043 = ( NAMED_UNIT(*) SI_UNIT($,.STERADIAN.) SOLID_ANGLE_UNIT() );
#10044 = UNCERTAINTY_MEASURE_WITH_UNIT(LENGTH_MEASURE(1.E-007),#10041,
  'distance_accuracy_value','confusion accuracy');
#10045 = CONTEXT_DEPENDENT_SHAPE_REPRESENTATION(#10046,#10048);
#10046 = ( REPRESENTATION_RELATIONSHIP('','',#8455,#10027) 
REPRESENTATION_RELATIONSHIP_WITH_TRANSFORMATION(#10047) 
SHAPE_REPRESENTATION_RELATIONSHIP() );
#10047 = ITEM_DEFINED_TRANSFORMATION('','',#11,#10028);
#10048 = PRODUCT_DEFINITION_SHAPE('Placement','Placement of an item',
  #10049);
#10049 = NEXT_ASSEMBLY_USAGE_OCCURRENCE('56','=>[0:1:1:11]','',#10022,
  #8450,$);
#10050 = CONTEXT_DEPENDENT_SHAPE_REPRESENTATION(#10051,#10053);
#10051 = ( REPRESENTATION_RELATIONSHIP('','',#8078,#10027) 
REPRESENTATION_RELATIONSHIP_WITH_TRANSFORMATION(#10052) 
SHAPE_REPRESENTATION_RELATIONSHIP() );
#10052 = ITEM_DEFINED_TRANSFORMATION('','',#11,#10032);
#10053 = PRODUCT_DEFINITION_SHAPE('Placement','Placement of an item',
  #10054);
#10054 = NEXT_ASSEMBLY_USAGE_OCCURRENCE('57','=>[0:1:1:9]','',#10022,
  #8073,$);
#10055 = CONTEXT_DEPENDENT_SHAPE_REPRESENTATION(#10056,#10058);
#10056 = ( REPRESENTATION_RELATIONSHIP('','',#8078,#10027) 
REPRESENTATION_RELATIONSHIP_WITH_TRANSFORMATION(#10057) 
SHAPE_REPRESENTATION_RELATIONSHIP() );
#10057 = ITEM_DEFINED_TRANSFORMATION('','',#11,#10036);
#10058 = PRODUCT_DEFINITION_SHAPE('Placement','Placement of an item',
  #10059);
#10059 = NEXT_ASSEMBLY_USAGE_OCCURRENCE('58','=>[0:1:1:9]','',#10022,
  #8073,$);
#10060 = CONTEXT_DEPENDENT_SHAPE_REPRESENTATION(#10061,#10063);
#10061 = ( REPRESENTATION_RELATIONSHIP('','',#10027,#10) 
REPRESENTATION_RELATIONSHIP_WITH_TRANSFORMATION(#10062) 
SHAPE_REPRESENTATION_RELATIONSHIP() );
#10062 = ITEM_DEFINED_TRANSFORMATION('','',#11,#67);
#10063 = PRODUCT_DEFINITION_SHAPE('Placement','Placement of an item',
  #10064);
#10064 = NEXT_ASSEMBLY_USAGE_OCCURRENCE('59','=>[0:1:1:27]','',#5,#10022
  ,$);
#10065 = PRODUCT_RELATED_PRODUCT_CATEGORY('part',$,(#10024));
#10066 = SHAPE_DEFINITION_REPRESENTATION(#10067,#10073);
#10067 = PRODUCT_DEFINITION_SHAPE('','',#10068);
#10068 = PRODUCT_DEFINITION('design','',#10069,#10072);
#10069 = PRODUCT_DEFINITION_FORMATION('','',#10070);
#10070 = PRODUCT('R7','R7','',(#10071));
#10071 = PRODUCT_CONTEXT('',#2,'mechanical');
#10072 = PRODUCT_DEFINITION_CONTEXT('part definition',#2,'design');
#10073 = SHAPE_REPRESENTATION('',(#11,#10074,#10078,#10082),#10086);
#10074 = AXIS2_PLACEMENT_3D('',#10075,#10076,#10077);
#10075 = CARTESIAN_POINT('',(58.172228648828,13.995998357598,
    2.500120922923E-002));
#10076 = DIRECTION('',(0.E+000,0.E+000,1.));
#10077 = DIRECTION('',(1.,0.E+000,0.E+000));
#10078 = AXIS2_PLACEMENT_3D('',#10079,#10080,#10081);
#10079 = CARTESIAN_POINT('',(58.172228648828,13.310180639092,
    1.000759541057E-003));
#10080 = DIRECTION('',(0.E+000,0.E+000,1.));
#10081 = DIRECTION('',(1.,0.E+000,0.E+000));
#10082 = AXIS2_PLACEMENT_3D('',#10083,#10084,#10085);
#10083 = CARTESIAN_POINT('',(58.172228648828,14.681739782158,
    1.000759541057E-003));
#10084 = DIRECTION('',(0.E+000,0.E+000,1.));
#10085 = DIRECTION('',(1.,0.E+000,0.E+000));
#10086 = ( GEOMETRIC_REPRESENTATION_CONTEXT(3) 
GLOBAL_UNCERTAINTY_ASSIGNED_CONTEXT((#10090)) 
GLOBAL_UNIT_ASSIGNED_CONTEXT((#10087,#10088,#10089)) 
REPRESENTATION_CONTEXT('Context #1',
  '3D Context with UNIT and UNCERTAINTY') );
#10087 = ( LENGTH_UNIT() NAMED_UNIT(*) SI_UNIT(.MILLI.,.METRE.) );
#10088 = ( NAMED_UNIT(*) PLANE_ANGLE_UNIT() SI_UNIT($,.RADIAN.) );
#10089 = ( NAMED_UNIT(*) SI_UNIT($,.STERADIAN.) SOLID_ANGLE_UNIT() );
#10090 = UNCERTAINTY_MEASURE_WITH_UNIT(LENGTH_MEASURE(1.E-007),#10087,
  'distance_accuracy_value','confusion accuracy');
#10091 = CONTEXT_DEPENDENT_SHAPE_REPRESENTATION(#10092,#10094);
#10092 = ( REPRESENTATION_RELATIONSHIP('','',#8455,#10073) 
REPRESENTATION_RELATIONSHIP_WITH_TRANSFORMATION(#10093) 
SHAPE_REPRESENTATION_RELATIONSHIP() );
#10093 = ITEM_DEFINED_TRANSFORMATION('','',#11,#10074);
#10094 = PRODUCT_DEFINITION_SHAPE('Placement','Placement of an item',
  #10095);
#10095 = NEXT_ASSEMBLY_USAGE_OCCURRENCE('60','=>[0:1:1:11]','',#10068,
  #8450,$);
#10096 = CONTEXT_DEPENDENT_SHAPE_REPRESENTATION(#10097,#10099);
#10097 = ( REPRESENTATION_RELATIONSHIP('','',#8078,#10073) 
REPRESENTATION_RELATIONSHIP_WITH_TRANSFORMATION(#10098) 
SHAPE_REPRESENTATION_RELATIONSHIP() );
#10098 = ITEM_DEFINED_TRANSFORMATION('','',#11,#10078);
#10099 = PRODUCT_DEFINITION_SHAPE('Placement','Placement of an item',
  #10100);
#10100 = NEXT_ASSEMBLY_USAGE_OCCURRENCE('61','=>[0:1:1:9]','',#10068,
  #8073,$);
#10101 = CONTEXT_DEPENDENT_SHAPE_REPRESENTATION(#10102,#10104);
#10102 = ( REPRESENTATION_RELATIONSHIP('','',#8078,#10073) 
REPRESENTATION_RELATIONSHIP_WITH_TRANSFORMATION(#10103) 
SHAPE_REPRESENTATION_RELATIONSHIP() );
#10103 = ITEM_DEFINED_TRANSFORMATION('','',#11,#10082);
#10104 = PRODUCT_DEFINITION_SHAPE('Placement','Placement of an item',
  #10105);
#10105 = NEXT_ASSEMBLY_USAGE_OCCURRENCE('62','=>[0:1:1:9]','',#10068,
  #8073,$);
#10106 = CONTEXT_DEPENDENT_SHAPE_REPRESENTATION(#10107,#10109);
#10107 = ( REPRESENTATION_RELATIONSHIP('','',#10073,#10) 
REPRESENTATION_RELATIONSHIP_WITH_TRANSFORMATION(#10108) 
SHAPE_REPRESENTATION_RELATIONSHIP() );
#10108 = ITEM_DEFINED_TRANSFORMATION('','',#11,#71);
#10109 = PRODUCT_DEFINITION_SHAPE('Placement','Placement of an item',
  #10110);
#10110 = NEXT_ASSEMBLY_USAGE_OCCURRENCE('63','=>[0:1:1:28]','',#5,#10068
  ,$);
#10111 = PRODUCT_RELATED_PRODUCT_CATEGORY('part',$,(#10070));
#10112 = SHAPE_DEFINITION_REPRESENTATION(#10113,#10119);
#10113 = PRODUCT_DEFINITION_SHAPE('','',#10114);
#10114 = PRODUCT_DEFINITION('design','',#10115,#10118);
#10115 = PRODUCT_DEFINITION_FORMATION('','',#10116);
#10116 = PRODUCT('R8','R8','',(#10117));
#10117 = PRODUCT_CONTEXT('',#2,'mechanical');
#10118 = PRODUCT_DEFINITION_CONTEXT('part definition',#2,'design');
#10119 = SHAPE_REPRESENTATION('',(#11,#10120,#10124,#10128),#10132);
#10120 = AXIS2_PLACEMENT_3D('',#10121,#10122,#10123);
#10121 = CARTESIAN_POINT('',(56.902392223047,13.995792363945,
    2.500120922923E-002));
#10122 = DIRECTION('',(0.E+000,0.E+000,1.));
#10123 = DIRECTION('',(1.,0.E+000,0.E+000));
#10124 = AXIS2_PLACEMENT_3D('',#10125,#10126,#10127);
#10125 = CARTESIAN_POINT('',(56.902392223047,14.681610082451,
    1.000759541057E-003));
#10126 = DIRECTION('',(0.E+000,0.E+000,1.));
#10127 = DIRECTION('',(1.,0.E+000,0.E+000));
#10128 = AXIS2_PLACEMENT_3D('',#10129,#10130,#10131);
#10129 = CARTESIAN_POINT('',(56.902392223047,13.310050939385,
    1.000759541057E-003));
#10130 = DIRECTION('',(0.E+000,0.E+000,1.));
#10131 = DIRECTION('',(1.,0.E+000,0.E+000));
#10132 = ( GEOMETRIC_REPRESENTATION_CONTEXT(3) 
GLOBAL_UNCERTAINTY_ASSIGNED_CONTEXT((#10136)) 
GLOBAL_UNIT_ASSIGNED_CONTEXT((#10133,#10134,#10135)) 
REPRESENTATION_CONTEXT('Context #1',
  '3D Context with UNIT and UNCERTAINTY') );
#10133 = ( LENGTH_UNIT() NAMED_UNIT(*) SI_UNIT(.MILLI.,.METRE.) );
#10134 = ( NAMED_UNIT(*) PLANE_ANGLE_UNIT() SI_UNIT($,.RADIAN.) );
#10135 = ( NAMED_UNIT(*) SI_UNIT($,.STERADIAN.) SOLID_ANGLE_UNIT() );
#10136 = UNCERTAINTY_MEASURE_WITH_UNIT(LENGTH_MEASURE(1.E-007),#10133,
  'distance_accuracy_value','confusion accuracy');
#10137 = CONTEXT_DEPENDENT_SHAPE_REPRESENTATION(#10138,#10140);
#10138 = ( REPRESENTATION_RELATIONSHIP('','',#8455,#10119) 
REPRESENTATION_RELATIONSHIP_WITH_TRANSFORMATION(#10139) 
SHAPE_REPRESENTATION_RELATIONSHIP() );
#10139 = ITEM_DEFINED_TRANSFORMATION('','',#11,#10120);
#10140 = PRODUCT_DEFINITION_SHAPE('Placement','Placement of an item',
  #10141);
#10141 = NEXT_ASSEMBLY_USAGE_OCCURRENCE('64','=>[0:1:1:11]','',#10114,
  #8450,$);
#10142 = CONTEXT_DEPENDENT_SHAPE_REPRESENTATION(#10143,#10145);
#10143 = ( REPRESENTATION_RELATIONSHIP('','',#8078,#10119) 
REPRESENTATION_RELATIONSHIP_WITH_TRANSFORMATION(#10144) 
SHAPE_REPRESENTATION_RELATIONSHIP() );
#10144 = ITEM_DEFINED_TRANSFORMATION('','',#11,#10124);
#10145 = PRODUCT_DEFINITION_SHAPE('Placement','Placement of an item',
  #10146);
#10146 = NEXT_ASSEMBLY_USAGE_OCCURRENCE('65','=>[0:1:1:9]','',#10114,
  #8073,$);
#10147 = CONTEXT_DEPENDENT_SHAPE_REPRESENTATION(#10148,#10150);
#10148 = ( REPRESENTATION_RELATIONSHIP('','',#8078,#10119) 
REPRESENTATION_RELATIONSHIP_WITH_TRANSFORMATION(#10149) 
SHAPE_REPRESENTATION_RELATIONSHIP() );
#10149 = ITEM_DEFINED_TRANSFORMATION('','',#11,#10128);
#10150 = PRODUCT_DEFINITION_SHAPE('Placement','Placement of an item',
  #10151);
#10151 = NEXT_ASSEMBLY_USAGE_OCCURRENCE('66','=>[0:1:1:9]','',#10114,
  #8073,$);
#10152 = CONTEXT_DEPENDENT_SHAPE_REPRESENTATION(#10153,#10155);
#10153 = ( REPRESENTATION_RELATIONSHIP('','',#10119,#10) 
REPRESENTATION_RELATIONSHIP_WITH_TRANSFORMATION(#10154) 
SHAPE_REPRESENTATION_RELATIONSHIP() );
#10154 = ITEM_DEFINED_TRANSFORMATION('','',#11,#75);
#10155 = PRODUCT_DEFINITION_SHAPE('Placement','Placement of an item',
  #10156);
#10156 = NEXT_ASSEMBLY_USAGE_OCCURRENCE('67','=>[0:1:1:29]','',#5,#10114
  ,$);
#10157 = PRODUCT_RELATED_PRODUCT_CATEGORY('part',$,(#10116));
#10158 = SHAPE_DEFINITION_REPRESENTATION(#10159,#10165);
#10159 = PRODUCT_DEFINITION_SHAPE('','',#10160);
#10160 = PRODUCT_DEFINITION('design','',#10161,#10164);
#10161 = PRODUCT_DEFINITION_FORMATION('','',#10162);
#10162 = PRODUCT('U2','U2','',(#10163));
#10163 = PRODUCT_CONTEXT('',#2,'mechanical');
#10164 = PRODUCT_DEFINITION_CONTEXT('part definition',#2,'design');
#10165 = SHAPE_REPRESENTATION('',(#11,#10166,#10170),#10174);
#10166 = AXIS2_PLACEMENT_3D('',#10167,#10168,#10169);
#10167 = CARTESIAN_POINT('',(53.434611156152,11.049598668877,
    0.499998748302));
#10168 = DIRECTION('',(0.E+000,0.E+000,1.));
#10169 = DIRECTION('',(1.,0.E+000,0.E+000));
#10170 = AXIS2_PLACEMENT_3D('',#10171,#10172,#10173);
#10171 = CARTESIAN_POINT('',(54.184695079492,9.274517034355,0.E+000));
#10172 = DIRECTION('',(0.E+000,0.E+000,1.));
#10173 = DIRECTION('',(1.,0.E+000,0.E+000));
#10174 = ( GEOMETRIC_REPRESENTATION_CONTEXT(3) 
GLOBAL_UNCERTAINTY_ASSIGNED_CONTEXT((#10178)) 
GLOBAL_UNIT_ASSIGNED_CONTEXT((#10175,#10176,#10177)) 
REPRESENTATION_CONTEXT('Context #1',
  '3D Context with UNIT and UNCERTAINTY') );
#10175 = ( LENGTH_UNIT() NAMED_UNIT(*) SI_UNIT(.MILLI.,.METRE.) );
#10176 = ( NAMED_UNIT(*) PLANE_ANGLE_UNIT() SI_UNIT($,.RADIAN.) );
#10177 = ( NAMED_UNIT(*) SI_UNIT($,.STERADIAN.) SOLID_ANGLE_UNIT() );
#10178 = UNCERTAINTY_MEASURE_WITH_UNIT(LENGTH_MEASURE(1.E-007),#10175,
  'distance_accuracy_value','confusion accuracy');
#10179 = SHAPE_DEFINITION_REPRESENTATION(#10180,#10186);
#10180 = PRODUCT_DEFINITION_SHAPE('','',#10181);
#10181 = PRODUCT_DEFINITION('design','',#10182,#10185);
#10182 = PRODUCT_DEFINITION_FORMATION('','',#10183);
#10183 = PRODUCT('868860816','868860816','',(#10184));
#10184 = PRODUCT_CONTEXT('',#2,'mechanical');
#10185 = PRODUCT_DEFINITION_CONTEXT('part definition',#2,'design');
#10186 = SHAPE_REPRESENTATION('',(#11,#10187),#10191);
#10187 = AXIS2_PLACEMENT_3D('',#10188,#10189,#10190);
#10188 = CARTESIAN_POINT('',(0.E+000,0.E+000,0.E+000));
#10189 = DIRECTION('',(0.E+000,0.E+000,1.));
#10190 = DIRECTION('',(1.,0.E+000,0.E+000));
#10191 = ( GEOMETRIC_REPRESENTATION_CONTEXT(3) 
GLOBAL_UNCERTAINTY_ASSIGNED_CONTEXT((#10195)) 
GLOBAL_UNIT_ASSIGNED_CONTEXT((#10192,#10193,#10194)) 
REPRESENTATION_CONTEXT('Context #1',
  '3D Context with UNIT and UNCERTAINTY') );
#10192 = ( LENGTH_UNIT() NAMED_UNIT(*) SI_UNIT(.MILLI.,.METRE.) );
#10193 = ( NAMED_UNIT(*) PLANE_ANGLE_UNIT() SI_UNIT($,.RADIAN.) );
#10194 = ( NAMED_UNIT(*) SI_UNIT($,.STERADIAN.) SOLID_ANGLE_UNIT() );
#10195 = UNCERTAINTY_MEASURE_WITH_UNIT(LENGTH_MEASURE(1.E-007),#10192,
  'distance_accuracy_value','confusion accuracy');
#10196 = ADVANCED_BREP_SHAPE_REPRESENTATION('',(#11,#10197),#11463);
#10197 = MANIFOLD_SOLID_BREP('',#10198);
#10198 = CLOSED_SHELL('',(#10199,#10319,#10395,#10471,#10547,#10623,
    #10699,#10775,#10851,#10927,#11003,#11079,#11155,#11231,#11307,
    #11378,#11425,#11444));
#10199 = ADVANCED_FACE('',(#10200),#10214,.T.);
#10200 = FACE_BOUND('',#10201,.T.);
#10201 = EDGE_LOOP('',(#10202,#10237,#10265,#10293));
#10202 = ORIENTED_EDGE('',*,*,#10203,.T.);
#10203 = EDGE_CURVE('',#10204,#10206,#10208,.T.);
#10204 = VERTEX_POINT('',#10205);
#10205 = CARTESIAN_POINT('',(0.E+000,-0.3053588,0.E+000));
#10206 = VERTEX_POINT('',#10207);
#10207 = CARTESIAN_POINT('',(0.E+000,-0.3053588,0.51000152));
#10208 = SURFACE_CURVE('',#10209,(#10213,#10225),.PCURVE_S1.);
#10209 = LINE('',#10210,#10211);
#10210 = CARTESIAN_POINT('',(0.E+000,-0.3053588,0.E+000));
#10211 = VECTOR('',#10212,1.);
#10212 = DIRECTION('',(0.E+000,0.E+000,1.));
#10213 = PCURVE('',#10214,#10219);
#10214 = PLANE('',#10215);
#10215 = AXIS2_PLACEMENT_3D('',#10216,#10217,#10218);
#10216 = CARTESIAN_POINT('',(0.E+000,-0.3053588,0.E+000));
#10217 = DIRECTION('',(-0.195086992176,-0.980785942744,0.E+000));
#10218 = DIRECTION('',(-0.980785942744,0.195086992176,0.E+000));
#10219 = DEFINITIONAL_REPRESENTATION('',(#10220),#10224);
#10220 = LINE('',#10221,#10222);
#10221 = CARTESIAN_POINT('',(0.E+000,0.E+000));
#10222 = VECTOR('',#10223,1.);
#10223 = DIRECTION('',(0.E+000,-1.));
#10224 = ( GEOMETRIC_REPRESENTATION_CONTEXT(2) 
PARAMETRIC_REPRESENTATION_CONTEXT() REPRESENTATION_CONTEXT('2D SPACE',''
  ) );
#10225 = PCURVE('',#10226,#10231);
#10226 = PLANE('',#10227);
#10227 = AXIS2_PLACEMENT_3D('',#10228,#10229,#10230);
#10228 = CARTESIAN_POINT('',(0.11685524,-0.28211526,0.E+000));
#10229 = DIRECTION('',(0.195086992176,-0.980785942744,0.E+000));
#10230 = DIRECTION('',(-0.980785942744,-0.195086992176,0.E+000));
#10231 = DEFINITIONAL_REPRESENTATION('',(#10232),#10236);
#10232 = LINE('',#10233,#10234);
#10233 = CARTESIAN_POINT('',(0.119144489034,0.E+000));
#10234 = VECTOR('',#10235,1.);
#10235 = DIRECTION('',(0.E+000,-1.));
#10236 = ( GEOMETRIC_REPRESENTATION_CONTEXT(2) 
PARAMETRIC_REPRESENTATION_CONTEXT() REPRESENTATION_CONTEXT('2D SPACE',''
  ) );
#10237 = ORIENTED_EDGE('',*,*,#10238,.T.);
#10238 = EDGE_CURVE('',#10206,#10239,#10241,.T.);
#10239 = VERTEX_POINT('',#10240);
#10240 = CARTESIAN_POINT('',(-0.11685524,-0.28211526,0.51000152));
#10241 = SURFACE_CURVE('',#10242,(#10246,#10253),.PCURVE_S1.);
#10242 = LINE('',#10243,#10244);
#10243 = CARTESIAN_POINT('',(0.E+000,-0.3053588,0.51000152));
#10244 = VECTOR('',#10245,1.);
#10245 = DIRECTION('',(-0.980785942744,0.195086992176,0.E+000));
#10246 = PCURVE('',#10214,#10247);
#10247 = DEFINITIONAL_REPRESENTATION('',(#10248),#10252);
#10248 = LINE('',#10249,#10250);
#10249 = CARTESIAN_POINT('',(0.E+000,-0.51000152));
#10250 = VECTOR('',#10251,1.);
#10251 = DIRECTION('',(1.,0.E+000));
#10252 = ( GEOMETRIC_REPRESENTATION_CONTEXT(2) 
PARAMETRIC_REPRESENTATION_CONTEXT() REPRESENTATION_CONTEXT('2D SPACE',''
  ) );
#10253 = PCURVE('',#10254,#10259);
#10254 = PLANE('',#10255);
#10255 = AXIS2_PLACEMENT_3D('',#10256,#10257,#10258);
#10256 = CARTESIAN_POINT('',(0.E+000,-0.3053588,0.51000152));
#10257 = DIRECTION('',(0.E+000,0.E+000,1.));
#10258 = DIRECTION('',(1.,0.E+000,-0.E+000));
#10259 = DEFINITIONAL_REPRESENTATION('',(#10260),#10264);
#10260 = LINE('',#10261,#10262);
#10261 = CARTESIAN_POINT('',(0.E+000,0.E+000));
#10262 = VECTOR('',#10263,1.);
#10263 = DIRECTION('',(-0.980785942744,0.195086992176));
#10264 = ( GEOMETRIC_REPRESENTATION_CONTEXT(2) 
PARAMETRIC_REPRESENTATION_CONTEXT() REPRESENTATION_CONTEXT('2D SPACE',''
  ) );
#10265 = ORIENTED_EDGE('',*,*,#10266,.F.);
#10266 = EDGE_CURVE('',#10267,#10239,#10269,.T.);
#10267 = VERTEX_POINT('',#10268);
#10268 = CARTESIAN_POINT('',(-0.11685524,-0.28211526,0.E+000));
#10269 = SURFACE_CURVE('',#10270,(#10274,#10281),.PCURVE_S1.);
#10270 = LINE('',#10271,#10272);
#10271 = CARTESIAN_POINT('',(-0.11685524,-0.28211526,0.E+000));
#10272 = VECTOR('',#10273,1.);
#10273 = DIRECTION('',(0.E+000,0.E+000,1.));
#10274 = PCURVE('',#10214,#10275);
#10275 = DEFINITIONAL_REPRESENTATION('',(#10276),#10280);
#10276 = LINE('',#10277,#10278);
#10277 = CARTESIAN_POINT('',(0.119144489034,0.E+000));
#10278 = VECTOR('',#10279,1.);
#10279 = DIRECTION('',(0.E+000,-1.));
#10280 = ( GEOMETRIC_REPRESENTATION_CONTEXT(2) 
PARAMETRIC_REPRESENTATION_CONTEXT() REPRESENTATION_CONTEXT('2D SPACE',''
  ) );
#10281 = PCURVE('',#10282,#10287);
#10282 = PLANE('',#10283);
#10283 = AXIS2_PLACEMENT_3D('',#10284,#10285,#10286);
#10284 = CARTESIAN_POINT('',(-0.11685524,-0.28211526,0.E+000));
#10285 = DIRECTION('',(-0.555580502123,-0.831462750615,0.E+000));
#10286 = DIRECTION('',(-0.831462750615,0.555580502123,0.E+000));
#10287 = DEFINITIONAL_REPRESENTATION('',(#10288),#10292);
#10288 = LINE('',#10289,#10290);
#10289 = CARTESIAN_POINT('',(0.E+000,0.E+000));
#10290 = VECTOR('',#10291,1.);
#10291 = DIRECTION('',(0.E+000,-1.));
#10292 = ( GEOMETRIC_REPRESENTATION_CONTEXT(2) 
PARAMETRIC_REPRESENTATION_CONTEXT() REPRESENTATION_CONTEXT('2D SPACE',''
  ) );
#10293 = ORIENTED_EDGE('',*,*,#10294,.F.);
#10294 = EDGE_CURVE('',#10204,#10267,#10295,.T.);
#10295 = SURFACE_CURVE('',#10296,(#10300,#10307),.PCURVE_S1.);
#10296 = LINE('',#10297,#10298);
#10297 = CARTESIAN_POINT('',(0.E+000,-0.3053588,0.E+000));
#10298 = VECTOR('',#10299,1.);
#10299 = DIRECTION('',(-0.980785942744,0.195086992176,0.E+000));
#10300 = PCURVE('',#10214,#10301);
#10301 = DEFINITIONAL_REPRESENTATION('',(#10302),#10306);
#10302 = LINE('',#10303,#10304);
#10303 = CARTESIAN_POINT('',(0.E+000,0.E+000));
#10304 = VECTOR('',#10305,1.);
#10305 = DIRECTION('',(1.,0.E+000));
#10306 = ( GEOMETRIC_REPRESENTATION_CONTEXT(2) 
PARAMETRIC_REPRESENTATION_CONTEXT() REPRESENTATION_CONTEXT('2D SPACE',''
  ) );
#10307 = PCURVE('',#10308,#10313);
#10308 = PLANE('',#10309);
#10309 = AXIS2_PLACEMENT_3D('',#10310,#10311,#10312);
#10310 = CARTESIAN_POINT('',(0.E+000,-0.3053588,0.E+000));
#10311 = DIRECTION('',(0.E+000,0.E+000,1.));
#10312 = DIRECTION('',(1.,0.E+000,-0.E+000));
#10313 = DEFINITIONAL_REPRESENTATION('',(#10314),#10318);
#10314 = LINE('',#10315,#10316);
#10315 = CARTESIAN_POINT('',(0.E+000,0.E+000));
#10316 = VECTOR('',#10317,1.);
#10317 = DIRECTION('',(-0.980785942744,0.195086992176));
#10318 = ( GEOMETRIC_REPRESENTATION_CONTEXT(2) 
PARAMETRIC_REPRESENTATION_CONTEXT() REPRESENTATION_CONTEXT('2D SPACE',''
  ) );
#10319 = ADVANCED_FACE('',(#10320),#10282,.T.);
#10320 = FACE_BOUND('',#10321,.T.);
#10321 = EDGE_LOOP('',(#10322,#10323,#10346,#10374));
#10322 = ORIENTED_EDGE('',*,*,#10266,.T.);
#10323 = ORIENTED_EDGE('',*,*,#10324,.T.);
#10324 = EDGE_CURVE('',#10239,#10325,#10327,.T.);
#10325 = VERTEX_POINT('',#10326);
#10326 = CARTESIAN_POINT('',(-0.21592032,-0.21592032,0.51000152));
#10327 = SURFACE_CURVE('',#10328,(#10332,#10339),.PCURVE_S1.);
#10328 = LINE('',#10329,#10330);
#10329 = CARTESIAN_POINT('',(-0.11685524,-0.28211526,0.51000152));
#10330 = VECTOR('',#10331,1.);
#10331 = DIRECTION('',(-0.831462750615,0.555580502123,0.E+000));
#10332 = PCURVE('',#10282,#10333);
#10333 = DEFINITIONAL_REPRESENTATION('',(#10334),#10338);
#10334 = LINE('',#10335,#10336);
#10335 = CARTESIAN_POINT('',(0.E+000,-0.51000152));
#10336 = VECTOR('',#10337,1.);
#10337 = DIRECTION('',(1.,0.E+000));
#10338 = ( GEOMETRIC_REPRESENTATION_CONTEXT(2) 
PARAMETRIC_REPRESENTATION_CONTEXT() REPRESENTATION_CONTEXT('2D SPACE',''
  ) );
#10339 = PCURVE('',#10254,#10340);
#10340 = DEFINITIONAL_REPRESENTATION('',(#10341),#10345);
#10341 = LINE('',#10342,#10343);
#10342 = CARTESIAN_POINT('',(-0.11685524,2.324354E-002));
#10343 = VECTOR('',#10344,1.);
#10344 = DIRECTION('',(-0.831462750615,0.555580502123));
#10345 = ( GEOMETRIC_REPRESENTATION_CONTEXT(2) 
PARAMETRIC_REPRESENTATION_CONTEXT() REPRESENTATION_CONTEXT('2D SPACE',''
  ) );
#10346 = ORIENTED_EDGE('',*,*,#10347,.F.);
#10347 = EDGE_CURVE('',#10348,#10325,#10350,.T.);
#10348 = VERTEX_POINT('',#10349);
#10349 = CARTESIAN_POINT('',(-0.21592032,-0.21592032,0.E+000));
#10350 = SURFACE_CURVE('',#10351,(#10355,#10362),.PCURVE_S1.);
#10351 = LINE('',#10352,#10353);
#10352 = CARTESIAN_POINT('',(-0.21592032,-0.21592032,0.E+000));
#10353 = VECTOR('',#10354,1.);
#10354 = DIRECTION('',(0.E+000,0.E+000,1.));
#10355 = PCURVE('',#10282,#10356);
#10356 = DEFINITIONAL_REPRESENTATION('',(#10357),#10361);
#10357 = LINE('',#10358,#10359);
#10358 = CARTESIAN_POINT('',(0.11914554191,0.E+000));
#10359 = VECTOR('',#10360,1.);
#10360 = DIRECTION('',(0.E+000,-1.));
#10361 = ( GEOMETRIC_REPRESENTATION_CONTEXT(2) 
PARAMETRIC_REPRESENTATION_CONTEXT() REPRESENTATION_CONTEXT('2D SPACE',''
  ) );
#10362 = PCURVE('',#10363,#10368);
#10363 = PLANE('',#10364);
#10364 = AXIS2_PLACEMENT_3D('',#10365,#10366,#10367);
#10365 = CARTESIAN_POINT('',(-0.21592032,-0.21592032,0.E+000));
#10366 = DIRECTION('',(-0.831462750615,-0.555580502123,0.E+000));
#10367 = DIRECTION('',(-0.555580502123,0.831462750615,0.E+000));
#10368 = DEFINITIONAL_REPRESENTATION('',(#10369),#10373);
#10369 = LINE('',#10370,#10371);
#10370 = CARTESIAN_POINT('',(0.E+000,0.E+000));
#10371 = VECTOR('',#10372,1.);
#10372 = DIRECTION('',(0.E+000,-1.));
#10373 = ( GEOMETRIC_REPRESENTATION_CONTEXT(2) 
PARAMETRIC_REPRESENTATION_CONTEXT() REPRESENTATION_CONTEXT('2D SPACE',''
  ) );
#10374 = ORIENTED_EDGE('',*,*,#10375,.F.);
#10375 = EDGE_CURVE('',#10267,#10348,#10376,.T.);
#10376 = SURFACE_CURVE('',#10377,(#10381,#10388),.PCURVE_S1.);
#10377 = LINE('',#10378,#10379);
#10378 = CARTESIAN_POINT('',(-0.11685524,-0.28211526,0.E+000));
#10379 = VECTOR('',#10380,1.);
#10380 = DIRECTION('',(-0.831462750615,0.555580502123,0.E+000));
#10381 = PCURVE('',#10282,#10382);
#10382 = DEFINITIONAL_REPRESENTATION('',(#10383),#10387);
#10383 = LINE('',#10384,#10385);
#10384 = CARTESIAN_POINT('',(0.E+000,0.E+000));
#10385 = VECTOR('',#10386,1.);
#10386 = DIRECTION('',(1.,0.E+000));
#10387 = ( GEOMETRIC_REPRESENTATION_CONTEXT(2) 
PARAMETRIC_REPRESENTATION_CONTEXT() REPRESENTATION_CONTEXT('2D SPACE',''
  ) );
#10388 = PCURVE('',#10308,#10389);
#10389 = DEFINITIONAL_REPRESENTATION('',(#10390),#10394);
#10390 = LINE('',#10391,#10392);
#10391 = CARTESIAN_POINT('',(-0.11685524,2.324354E-002));
#10392 = VECTOR('',#10393,1.);
#10393 = DIRECTION('',(-0.831462750615,0.555580502123));
#10394 = ( GEOMETRIC_REPRESENTATION_CONTEXT(2) 
PARAMETRIC_REPRESENTATION_CONTEXT() REPRESENTATION_CONTEXT('2D SPACE',''
  ) );
#10395 = ADVANCED_FACE('',(#10396),#10363,.T.);
#10396 = FACE_BOUND('',#10397,.T.);
#10397 = EDGE_LOOP('',(#10398,#10399,#10422,#10450));
#10398 = ORIENTED_EDGE('',*,*,#10347,.T.);
#10399 = ORIENTED_EDGE('',*,*,#10400,.T.);
#10400 = EDGE_CURVE('',#10325,#10401,#10403,.T.);
#10401 = VERTEX_POINT('',#10402);
#10402 = CARTESIAN_POINT('',(-0.28211526,-0.11685524,0.51000152));
#10403 = SURFACE_CURVE('',#10404,(#10408,#10415),.PCURVE_S1.);
#10404 = LINE('',#10405,#10406);
#10405 = CARTESIAN_POINT('',(-0.21592032,-0.21592032,0.51000152));
#10406 = VECTOR('',#10407,1.);
#10407 = DIRECTION('',(-0.555580502123,0.831462750615,0.E+000));
#10408 = PCURVE('',#10363,#10409);
#10409 = DEFINITIONAL_REPRESENTATION('',(#10410),#10414);
#10410 = LINE('',#10411,#10412);
#10411 = CARTESIAN_POINT('',(0.E+000,-0.51000152));
#10412 = VECTOR('',#10413,1.);
#10413 = DIRECTION('',(1.,0.E+000));
#10414 = ( GEOMETRIC_REPRESENTATION_CONTEXT(2) 
PARAMETRIC_REPRESENTATION_CONTEXT() REPRESENTATION_CONTEXT('2D SPACE',''
  ) );
#10415 = PCURVE('',#10254,#10416);
#10416 = DEFINITIONAL_REPRESENTATION('',(#10417),#10421);
#10417 = LINE('',#10418,#10419);
#10418 = CARTESIAN_POINT('',(-0.21592032,8.943848E-002));
#10419 = VECTOR('',#10420,1.);
#10420 = DIRECTION('',(-0.555580502123,0.831462750615));
#10421 = ( GEOMETRIC_REPRESENTATION_CONTEXT(2) 
PARAMETRIC_REPRESENTATION_CONTEXT() REPRESENTATION_CONTEXT('2D SPACE',''
  ) );
#10422 = ORIENTED_EDGE('',*,*,#10423,.F.);
#10423 = EDGE_CURVE('',#10424,#10401,#10426,.T.);
#10424 = VERTEX_POINT('',#10425);
#10425 = CARTESIAN_POINT('',(-0.28211526,-0.11685524,0.E+000));
#10426 = SURFACE_CURVE('',#10427,(#10431,#10438),.PCURVE_S1.);
#10427 = LINE('',#10428,#10429);
#10428 = CARTESIAN_POINT('',(-0.28211526,-0.11685524,0.E+000));
#10429 = VECTOR('',#10430,1.);
#10430 = DIRECTION('',(0.E+000,0.E+000,1.));
#10431 = PCURVE('',#10363,#10432);
#10432 = DEFINITIONAL_REPRESENTATION('',(#10433),#10437);
#10433 = LINE('',#10434,#10435);
#10434 = CARTESIAN_POINT('',(0.11914554191,0.E+000));
#10435 = VECTOR('',#10436,1.);
#10436 = DIRECTION('',(0.E+000,-1.));
#10437 = ( GEOMETRIC_REPRESENTATION_CONTEXT(2) 
PARAMETRIC_REPRESENTATION_CONTEXT() REPRESENTATION_CONTEXT('2D SPACE',''
  ) );
#10438 = PCURVE('',#10439,#10444);
#10439 = PLANE('',#10440);
#10440 = AXIS2_PLACEMENT_3D('',#10441,#10442,#10443);
#10441 = CARTESIAN_POINT('',(-0.28211526,-0.11685524,0.E+000));
#10442 = DIRECTION('',(-0.980785942744,-0.195086992176,0.E+000));
#10443 = DIRECTION('',(-0.195086992176,0.980785942744,0.E+000));
#10444 = DEFINITIONAL_REPRESENTATION('',(#10445),#10449);
#10445 = LINE('',#10446,#10447);
#10446 = CARTESIAN_POINT('',(0.E+000,0.E+000));
#10447 = VECTOR('',#10448,1.);
#10448 = DIRECTION('',(0.E+000,-1.));
#10449 = ( GEOMETRIC_REPRESENTATION_CONTEXT(2) 
PARAMETRIC_REPRESENTATION_CONTEXT() REPRESENTATION_CONTEXT('2D SPACE',''
  ) );
#10450 = ORIENTED_EDGE('',*,*,#10451,.F.);
#10451 = EDGE_CURVE('',#10348,#10424,#10452,.T.);
#10452 = SURFACE_CURVE('',#10453,(#10457,#10464),.PCURVE_S1.);
#10453 = LINE('',#10454,#10455);
#10454 = CARTESIAN_POINT('',(-0.21592032,-0.21592032,0.E+000));
#10455 = VECTOR('',#10456,1.);
#10456 = DIRECTION('',(-0.555580502123,0.831462750615,0.E+000));
#10457 = PCURVE('',#10363,#10458);
#10458 = DEFINITIONAL_REPRESENTATION('',(#10459),#10463);
#10459 = LINE('',#10460,#10461);
#10460 = CARTESIAN_POINT('',(0.E+000,0.E+000));
#10461 = VECTOR('',#10462,1.);
#10462 = DIRECTION('',(1.,0.E+000));
#10463 = ( GEOMETRIC_REPRESENTATION_CONTEXT(2) 
PARAMETRIC_REPRESENTATION_CONTEXT() REPRESENTATION_CONTEXT('2D SPACE',''
  ) );
#10464 = PCURVE('',#10308,#10465);
#10465 = DEFINITIONAL_REPRESENTATION('',(#10466),#10470);
#10466 = LINE('',#10467,#10468);
#10467 = CARTESIAN_POINT('',(-0.21592032,8.943848E-002));
#10468 = VECTOR('',#10469,1.);
#10469 = DIRECTION('',(-0.555580502123,0.831462750615));
#10470 = ( GEOMETRIC_REPRESENTATION_CONTEXT(2) 
PARAMETRIC_REPRESENTATION_CONTEXT() REPRESENTATION_CONTEXT('2D SPACE',''
  ) );
#10471 = ADVANCED_FACE('',(#10472),#10439,.T.);
#10472 = FACE_BOUND('',#10473,.T.);
#10473 = EDGE_LOOP('',(#10474,#10475,#10498,#10526));
#10474 = ORIENTED_EDGE('',*,*,#10423,.T.);
#10475 = ORIENTED_EDGE('',*,*,#10476,.T.);
#10476 = EDGE_CURVE('',#10401,#10477,#10479,.T.);
#10477 = VERTEX_POINT('',#10478);
#10478 = CARTESIAN_POINT('',(-0.3053588,0.E+000,0.51000152));
#10479 = SURFACE_CURVE('',#10480,(#10484,#10491),.PCURVE_S1.);
#10480 = LINE('',#10481,#10482);
#10481 = CARTESIAN_POINT('',(-0.28211526,-0.11685524,0.51000152));
#10482 = VECTOR('',#10483,1.);
#10483 = DIRECTION('',(-0.195086992176,0.980785942744,0.E+000));
#10484 = PCURVE('',#10439,#10485);
#10485 = DEFINITIONAL_REPRESENTATION('',(#10486),#10490);
#10486 = LINE('',#10487,#10488);
#10487 = CARTESIAN_POINT('',(0.E+000,-0.51000152));
#10488 = VECTOR('',#10489,1.);
#10489 = DIRECTION('',(1.,0.E+000));
#10490 = ( GEOMETRIC_REPRESENTATION_CONTEXT(2) 
PARAMETRIC_REPRESENTATION_CONTEXT() REPRESENTATION_CONTEXT('2D SPACE',''
  ) );
#10491 = PCURVE('',#10254,#10492);
#10492 = DEFINITIONAL_REPRESENTATION('',(#10493),#10497);
#10493 = LINE('',#10494,#10495);
#10494 = CARTESIAN_POINT('',(-0.28211526,0.18850356));
#10495 = VECTOR('',#10496,1.);
#10496 = DIRECTION('',(-0.195086992176,0.980785942744));
#10497 = ( GEOMETRIC_REPRESENTATION_CONTEXT(2) 
PARAMETRIC_REPRESENTATION_CONTEXT() REPRESENTATION_CONTEXT('2D SPACE',''
  ) );
#10498 = ORIENTED_EDGE('',*,*,#10499,.F.);
#10499 = EDGE_CURVE('',#10500,#10477,#10502,.T.);
#10500 = VERTEX_POINT('',#10501);
#10501 = CARTESIAN_POINT('',(-0.3053588,0.E+000,0.E+000));
#10502 = SURFACE_CURVE('',#10503,(#10507,#10514),.PCURVE_S1.);
#10503 = LINE('',#10504,#10505);
#10504 = CARTESIAN_POINT('',(-0.3053588,0.E+000,0.E+000));
#10505 = VECTOR('',#10506,1.);
#10506 = DIRECTION('',(0.E+000,0.E+000,1.));
#10507 = PCURVE('',#10439,#10508);
#10508 = DEFINITIONAL_REPRESENTATION('',(#10509),#10513);
#10509 = LINE('',#10510,#10511);
#10510 = CARTESIAN_POINT('',(0.119144489034,0.E+000));
#10511 = VECTOR('',#10512,1.);
#10512 = DIRECTION('',(0.E+000,-1.));
#10513 = ( GEOMETRIC_REPRESENTATION_CONTEXT(2) 
PARAMETRIC_REPRESENTATION_CONTEXT() REPRESENTATION_CONTEXT('2D SPACE',''
  ) );
#10514 = PCURVE('',#10515,#10520);
#10515 = PLANE('',#10516);
#10516 = AXIS2_PLACEMENT_3D('',#10517,#10518,#10519);
#10517 = CARTESIAN_POINT('',(-0.3053588,0.E+000,0.E+000));
#10518 = DIRECTION('',(-0.980785942744,0.195086992176,0.E+000));
#10519 = DIRECTION('',(0.195086992176,0.980785942744,0.E+000));
#10520 = DEFINITIONAL_REPRESENTATION('',(#10521),#10525);
#10521 = LINE('',#10522,#10523);
#10522 = CARTESIAN_POINT('',(0.E+000,0.E+000));
#10523 = VECTOR('',#10524,1.);
#10524 = DIRECTION('',(0.E+000,-1.));
#10525 = ( GEOMETRIC_REPRESENTATION_CONTEXT(2) 
PARAMETRIC_REPRESENTATION_CONTEXT() REPRESENTATION_CONTEXT('2D SPACE',''
  ) );
#10526 = ORIENTED_EDGE('',*,*,#10527,.F.);
#10527 = EDGE_CURVE('',#10424,#10500,#10528,.T.);
#10528 = SURFACE_CURVE('',#10529,(#10533,#10540),.PCURVE_S1.);
#10529 = LINE('',#10530,#10531);
#10530 = CARTESIAN_POINT('',(-0.28211526,-0.11685524,0.E+000));
#10531 = VECTOR('',#10532,1.);
#10532 = DIRECTION('',(-0.195086992176,0.980785942744,0.E+000));
#10533 = PCURVE('',#10439,#10534);
#10534 = DEFINITIONAL_REPRESENTATION('',(#10535),#10539);
#10535 = LINE('',#10536,#10537);
#10536 = CARTESIAN_POINT('',(0.E+000,0.E+000));
#10537 = VECTOR('',#10538,1.);
#10538 = DIRECTION('',(1.,0.E+000));
#10539 = ( GEOMETRIC_REPRESENTATION_CONTEXT(2) 
PARAMETRIC_REPRESENTATION_CONTEXT() REPRESENTATION_CONTEXT('2D SPACE',''
  ) );
#10540 = PCURVE('',#10308,#10541);
#10541 = DEFINITIONAL_REPRESENTATION('',(#10542),#10546);
#10542 = LINE('',#10543,#10544);
#10543 = CARTESIAN_POINT('',(-0.28211526,0.18850356));
#10544 = VECTOR('',#10545,1.);
#10545 = DIRECTION('',(-0.195086992176,0.980785942744));
#10546 = ( GEOMETRIC_REPRESENTATION_CONTEXT(2) 
PARAMETRIC_REPRESENTATION_CONTEXT() REPRESENTATION_CONTEXT('2D SPACE',''
  ) );
#10547 = ADVANCED_FACE('',(#10548),#10515,.T.);
#10548 = FACE_BOUND('',#10549,.T.);
#10549 = EDGE_LOOP('',(#10550,#10551,#10574,#10602));
#10550 = ORIENTED_EDGE('',*,*,#10499,.T.);
#10551 = ORIENTED_EDGE('',*,*,#10552,.T.);
#10552 = EDGE_CURVE('',#10477,#10553,#10555,.T.);
#10553 = VERTEX_POINT('',#10554);
#10554 = CARTESIAN_POINT('',(-0.28211526,0.11685524,0.51000152));
#10555 = SURFACE_CURVE('',#10556,(#10560,#10567),.PCURVE_S1.);
#10556 = LINE('',#10557,#10558);
#10557 = CARTESIAN_POINT('',(-0.3053588,0.E+000,0.51000152));
#10558 = VECTOR('',#10559,1.);
#10559 = DIRECTION('',(0.195086992176,0.980785942744,0.E+000));
#10560 = PCURVE('',#10515,#10561);
#10561 = DEFINITIONAL_REPRESENTATION('',(#10562),#10566);
#10562 = LINE('',#10563,#10564);
#10563 = CARTESIAN_POINT('',(0.E+000,-0.51000152));
#10564 = VECTOR('',#10565,1.);
#10565 = DIRECTION('',(1.,0.E+000));
#10566 = ( GEOMETRIC_REPRESENTATION_CONTEXT(2) 
PARAMETRIC_REPRESENTATION_CONTEXT() REPRESENTATION_CONTEXT('2D SPACE',''
  ) );
#10567 = PCURVE('',#10254,#10568);
#10568 = DEFINITIONAL_REPRESENTATION('',(#10569),#10573);
#10569 = LINE('',#10570,#10571);
#10570 = CARTESIAN_POINT('',(-0.3053588,0.3053588));
#10571 = VECTOR('',#10572,1.);
#10572 = DIRECTION('',(0.195086992176,0.980785942744));
#10573 = ( GEOMETRIC_REPRESENTATION_CONTEXT(2) 
PARAMETRIC_REPRESENTATION_CONTEXT() REPRESENTATION_CONTEXT('2D SPACE',''
  ) );
#10574 = ORIENTED_EDGE('',*,*,#10575,.F.);
#10575 = EDGE_CURVE('',#10576,#10553,#10578,.T.);
#10576 = VERTEX_POINT('',#10577);
#10577 = CARTESIAN_POINT('',(-0.28211526,0.11685524,0.E+000));
#10578 = SURFACE_CURVE('',#10579,(#10583,#10590),.PCURVE_S1.);
#10579 = LINE('',#10580,#10581);
#10580 = CARTESIAN_POINT('',(-0.28211526,0.11685524,0.E+000));
#10581 = VECTOR('',#10582,1.);
#10582 = DIRECTION('',(0.E+000,0.E+000,1.));
#10583 = PCURVE('',#10515,#10584);
#10584 = DEFINITIONAL_REPRESENTATION('',(#10585),#10589);
#10585 = LINE('',#10586,#10587);
#10586 = CARTESIAN_POINT('',(0.119144489034,0.E+000));
#10587 = VECTOR('',#10588,1.);
#10588 = DIRECTION('',(0.E+000,-1.));
#10589 = ( GEOMETRIC_REPRESENTATION_CONTEXT(2) 
PARAMETRIC_REPRESENTATION_CONTEXT() REPRESENTATION_CONTEXT('2D SPACE',''
  ) );
#10590 = PCURVE('',#10591,#10596);
#10591 = PLANE('',#10592);
#10592 = AXIS2_PLACEMENT_3D('',#10593,#10594,#10595);
#10593 = CARTESIAN_POINT('',(-0.28211526,0.11685524,0.E+000));
#10594 = DIRECTION('',(-0.831462750615,0.555580502123,0.E+000));
#10595 = DIRECTION('',(0.555580502123,0.831462750615,0.E+000));
#10596 = DEFINITIONAL_REPRESENTATION('',(#10597),#10601);
#10597 = LINE('',#10598,#10599);
#10598 = CARTESIAN_POINT('',(0.E+000,0.E+000));
#10599 = VECTOR('',#10600,1.);
#10600 = DIRECTION('',(0.E+000,-1.));
#10601 = ( GEOMETRIC_REPRESENTATION_CONTEXT(2) 
PARAMETRIC_REPRESENTATION_CONTEXT() REPRESENTATION_CONTEXT('2D SPACE',''
  ) );
#10602 = ORIENTED_EDGE('',*,*,#10603,.F.);
#10603 = EDGE_CURVE('',#10500,#10576,#10604,.T.);
#10604 = SURFACE_CURVE('',#10605,(#10609,#10616),.PCURVE_S1.);
#10605 = LINE('',#10606,#10607);
#10606 = CARTESIAN_POINT('',(-0.3053588,0.E+000,0.E+000));
#10607 = VECTOR('',#10608,1.);
#10608 = DIRECTION('',(0.195086992176,0.980785942744,0.E+000));
#10609 = PCURVE('',#10515,#10610);
#10610 = DEFINITIONAL_REPRESENTATION('',(#10611),#10615);
#10611 = LINE('',#10612,#10613);
#10612 = CARTESIAN_POINT('',(0.E+000,0.E+000));
#10613 = VECTOR('',#10614,1.);
#10614 = DIRECTION('',(1.,0.E+000));
#10615 = ( GEOMETRIC_REPRESENTATION_CONTEXT(2) 
PARAMETRIC_REPRESENTATION_CONTEXT() REPRESENTATION_CONTEXT('2D SPACE',''
  ) );
#10616 = PCURVE('',#10308,#10617);
#10617 = DEFINITIONAL_REPRESENTATION('',(#10618),#10622);
#10618 = LINE('',#10619,#10620);
#10619 = CARTESIAN_POINT('',(-0.3053588,0.3053588));
#10620 = VECTOR('',#10621,1.);
#10621 = DIRECTION('',(0.195086992176,0.980785942744));
#10622 = ( GEOMETRIC_REPRESENTATION_CONTEXT(2) 
PARAMETRIC_REPRESENTATION_CONTEXT() REPRESENTATION_CONTEXT('2D SPACE',''
  ) );
#10623 = ADVANCED_FACE('',(#10624),#10591,.T.);
#10624 = FACE_BOUND('',#10625,.T.);
#10625 = EDGE_LOOP('',(#10626,#10627,#10650,#10678));
#10626 = ORIENTED_EDGE('',*,*,#10575,.T.);
#10627 = ORIENTED_EDGE('',*,*,#10628,.T.);
#10628 = EDGE_CURVE('',#10553,#10629,#10631,.T.);
#10629 = VERTEX_POINT('',#10630);
#10630 = CARTESIAN_POINT('',(-0.21592032,0.21592032,0.51000152));
#10631 = SURFACE_CURVE('',#10632,(#10636,#10643),.PCURVE_S1.);
#10632 = LINE('',#10633,#10634);
#10633 = CARTESIAN_POINT('',(-0.28211526,0.11685524,0.51000152));
#10634 = VECTOR('',#10635,1.);
#10635 = DIRECTION('',(0.555580502123,0.831462750615,0.E+000));
#10636 = PCURVE('',#10591,#10637);
#10637 = DEFINITIONAL_REPRESENTATION('',(#10638),#10642);
#10638 = LINE('',#10639,#10640);
#10639 = CARTESIAN_POINT('',(0.E+000,-0.51000152));
#10640 = VECTOR('',#10641,1.);
#10641 = DIRECTION('',(1.,0.E+000));
#10642 = ( GEOMETRIC_REPRESENTATION_CONTEXT(2) 
PARAMETRIC_REPRESENTATION_CONTEXT() REPRESENTATION_CONTEXT('2D SPACE',''
  ) );
#10643 = PCURVE('',#10254,#10644);
#10644 = DEFINITIONAL_REPRESENTATION('',(#10645),#10649);
#10645 = LINE('',#10646,#10647);
#10646 = CARTESIAN_POINT('',(-0.28211526,0.42221404));
#10647 = VECTOR('',#10648,1.);
#10648 = DIRECTION('',(0.555580502123,0.831462750615));
#10649 = ( GEOMETRIC_REPRESENTATION_CONTEXT(2) 
PARAMETRIC_REPRESENTATION_CONTEXT() REPRESENTATION_CONTEXT('2D SPACE',''
  ) );
#10650 = ORIENTED_EDGE('',*,*,#10651,.F.);
#10651 = EDGE_CURVE('',#10652,#10629,#10654,.T.);
#10652 = VERTEX_POINT('',#10653);
#10653 = CARTESIAN_POINT('',(-0.21592032,0.21592032,0.E+000));
#10654 = SURFACE_CURVE('',#10655,(#10659,#10666),.PCURVE_S1.);
#10655 = LINE('',#10656,#10657);
#10656 = CARTESIAN_POINT('',(-0.21592032,0.21592032,0.E+000));
#10657 = VECTOR('',#10658,1.);
#10658 = DIRECTION('',(0.E+000,0.E+000,1.));
#10659 = PCURVE('',#10591,#10660);
#10660 = DEFINITIONAL_REPRESENTATION('',(#10661),#10665);
#10661 = LINE('',#10662,#10663);
#10662 = CARTESIAN_POINT('',(0.11914554191,0.E+000));
#10663 = VECTOR('',#10664,1.);
#10664 = DIRECTION('',(0.E+000,-1.));
#10665 = ( GEOMETRIC_REPRESENTATION_CONTEXT(2) 
PARAMETRIC_REPRESENTATION_CONTEXT() REPRESENTATION_CONTEXT('2D SPACE',''
  ) );
#10666 = PCURVE('',#10667,#10672);
#10667 = PLANE('',#10668);
#10668 = AXIS2_PLACEMENT_3D('',#10669,#10670,#10671);
#10669 = CARTESIAN_POINT('',(-0.21592032,0.21592032,0.E+000));
#10670 = DIRECTION('',(-0.555580502123,0.831462750615,0.E+000));
#10671 = DIRECTION('',(0.831462750615,0.555580502123,0.E+000));
#10672 = DEFINITIONAL_REPRESENTATION('',(#10673),#10677);
#10673 = LINE('',#10674,#10675);
#10674 = CARTESIAN_POINT('',(0.E+000,0.E+000));
#10675 = VECTOR('',#10676,1.);
#10676 = DIRECTION('',(0.E+000,-1.));
#10677 = ( GEOMETRIC_REPRESENTATION_CONTEXT(2) 
PARAMETRIC_REPRESENTATION_CONTEXT() REPRESENTATION_CONTEXT('2D SPACE',''
  ) );
#10678 = ORIENTED_EDGE('',*,*,#10679,.F.);
#10679 = EDGE_CURVE('',#10576,#10652,#10680,.T.);
#10680 = SURFACE_CURVE('',#10681,(#10685,#10692),.PCURVE_S1.);
#10681 = LINE('',#10682,#10683);
#10682 = CARTESIAN_POINT('',(-0.28211526,0.11685524,0.E+000));
#10683 = VECTOR('',#10684,1.);
#10684 = DIRECTION('',(0.555580502123,0.831462750615,0.E+000));
#10685 = PCURVE('',#10591,#10686);
#10686 = DEFINITIONAL_REPRESENTATION('',(#10687),#10691);
#10687 = LINE('',#10688,#10689);
#10688 = CARTESIAN_POINT('',(0.E+000,0.E+000));
#10689 = VECTOR('',#10690,1.);
#10690 = DIRECTION('',(1.,0.E+000));
#10691 = ( GEOMETRIC_REPRESENTATION_CONTEXT(2) 
PARAMETRIC_REPRESENTATION_CONTEXT() REPRESENTATION_CONTEXT('2D SPACE',''
  ) );
#10692 = PCURVE('',#10308,#10693);
#10693 = DEFINITIONAL_REPRESENTATION('',(#10694),#10698);
#10694 = LINE('',#10695,#10696);
#10695 = CARTESIAN_POINT('',(-0.28211526,0.42221404));
#10696 = VECTOR('',#10697,1.);
#10697 = DIRECTION('',(0.555580502123,0.831462750615));
#10698 = ( GEOMETRIC_REPRESENTATION_CONTEXT(2) 
PARAMETRIC_REPRESENTATION_CONTEXT() REPRESENTATION_CONTEXT('2D SPACE',''
  ) );
#10699 = ADVANCED_FACE('',(#10700),#10667,.T.);
#10700 = FACE_BOUND('',#10701,.T.);
#10701 = EDGE_LOOP('',(#10702,#10703,#10726,#10754));
#10702 = ORIENTED_EDGE('',*,*,#10651,.T.);
#10703 = ORIENTED_EDGE('',*,*,#10704,.T.);
#10704 = EDGE_CURVE('',#10629,#10705,#10707,.T.);
#10705 = VERTEX_POINT('',#10706);
#10706 = CARTESIAN_POINT('',(-0.11685524,0.28211526,0.51000152));
#10707 = SURFACE_CURVE('',#10708,(#10712,#10719),.PCURVE_S1.);
#10708 = LINE('',#10709,#10710);
#10709 = CARTESIAN_POINT('',(-0.21592032,0.21592032,0.51000152));
#10710 = VECTOR('',#10711,1.);
#10711 = DIRECTION('',(0.831462750615,0.555580502123,0.E+000));
#10712 = PCURVE('',#10667,#10713);
#10713 = DEFINITIONAL_REPRESENTATION('',(#10714),#10718);
#10714 = LINE('',#10715,#10716);
#10715 = CARTESIAN_POINT('',(0.E+000,-0.51000152));
#10716 = VECTOR('',#10717,1.);
#10717 = DIRECTION('',(1.,0.E+000));
#10718 = ( GEOMETRIC_REPRESENTATION_CONTEXT(2) 
PARAMETRIC_REPRESENTATION_CONTEXT() REPRESENTATION_CONTEXT('2D SPACE',''
  ) );
#10719 = PCURVE('',#10254,#10720);
#10720 = DEFINITIONAL_REPRESENTATION('',(#10721),#10725);
#10721 = LINE('',#10722,#10723);
#10722 = CARTESIAN_POINT('',(-0.21592032,0.52127912));
#10723 = VECTOR('',#10724,1.);
#10724 = DIRECTION('',(0.831462750615,0.555580502123));
#10725 = ( GEOMETRIC_REPRESENTATION_CONTEXT(2) 
PARAMETRIC_REPRESENTATION_CONTEXT() REPRESENTATION_CONTEXT('2D SPACE',''
  ) );
#10726 = ORIENTED_EDGE('',*,*,#10727,.F.);
#10727 = EDGE_CURVE('',#10728,#10705,#10730,.T.);
#10728 = VERTEX_POINT('',#10729);
#10729 = CARTESIAN_POINT('',(-0.11685524,0.28211526,0.E+000));
#10730 = SURFACE_CURVE('',#10731,(#10735,#10742),.PCURVE_S1.);
#10731 = LINE('',#10732,#10733);
#10732 = CARTESIAN_POINT('',(-0.11685524,0.28211526,0.E+000));
#10733 = VECTOR('',#10734,1.);
#10734 = DIRECTION('',(0.E+000,0.E+000,1.));
#10735 = PCURVE('',#10667,#10736);
#10736 = DEFINITIONAL_REPRESENTATION('',(#10737),#10741);
#10737 = LINE('',#10738,#10739);
#10738 = CARTESIAN_POINT('',(0.11914554191,0.E+000));
#10739 = VECTOR('',#10740,1.);
#10740 = DIRECTION('',(0.E+000,-1.));
#10741 = ( GEOMETRIC_REPRESENTATION_CONTEXT(2) 
PARAMETRIC_REPRESENTATION_CONTEXT() REPRESENTATION_CONTEXT('2D SPACE',''
  ) );
#10742 = PCURVE('',#10743,#10748);
#10743 = PLANE('',#10744);
#10744 = AXIS2_PLACEMENT_3D('',#10745,#10746,#10747);
#10745 = CARTESIAN_POINT('',(-0.11685524,0.28211526,0.E+000));
#10746 = DIRECTION('',(-0.195086992176,0.980785942744,0.E+000));
#10747 = DIRECTION('',(0.980785942744,0.195086992176,0.E+000));
#10748 = DEFINITIONAL_REPRESENTATION('',(#10749),#10753);
#10749 = LINE('',#10750,#10751);
#10750 = CARTESIAN_POINT('',(0.E+000,0.E+000));
#10751 = VECTOR('',#10752,1.);
#10752 = DIRECTION('',(0.E+000,-1.));
#10753 = ( GEOMETRIC_REPRESENTATION_CONTEXT(2) 
PARAMETRIC_REPRESENTATION_CONTEXT() REPRESENTATION_CONTEXT('2D SPACE',''
  ) );
#10754 = ORIENTED_EDGE('',*,*,#10755,.F.);
#10755 = EDGE_CURVE('',#10652,#10728,#10756,.T.);
#10756 = SURFACE_CURVE('',#10757,(#10761,#10768),.PCURVE_S1.);
#10757 = LINE('',#10758,#10759);
#10758 = CARTESIAN_POINT('',(-0.21592032,0.21592032,0.E+000));
#10759 = VECTOR('',#10760,1.);
#10760 = DIRECTION('',(0.831462750615,0.555580502123,0.E+000));
#10761 = PCURVE('',#10667,#10762);
#10762 = DEFINITIONAL_REPRESENTATION('',(#10763),#10767);
#10763 = LINE('',#10764,#10765);
#10764 = CARTESIAN_POINT('',(0.E+000,0.E+000));
#10765 = VECTOR('',#10766,1.);
#10766 = DIRECTION('',(1.,0.E+000));
#10767 = ( GEOMETRIC_REPRESENTATION_CONTEXT(2) 
PARAMETRIC_REPRESENTATION_CONTEXT() REPRESENTATION_CONTEXT('2D SPACE',''
  ) );
#10768 = PCURVE('',#10308,#10769);
#10769 = DEFINITIONAL_REPRESENTATION('',(#10770),#10774);
#10770 = LINE('',#10771,#10772);
#10771 = CARTESIAN_POINT('',(-0.21592032,0.52127912));
#10772 = VECTOR('',#10773,1.);
#10773 = DIRECTION('',(0.831462750615,0.555580502123));
#10774 = ( GEOMETRIC_REPRESENTATION_CONTEXT(2) 
PARAMETRIC_REPRESENTATION_CONTEXT() REPRESENTATION_CONTEXT('2D SPACE',''
  ) );
#10775 = ADVANCED_FACE('',(#10776),#10743,.T.);
#10776 = FACE_BOUND('',#10777,.T.);
#10777 = EDGE_LOOP('',(#10778,#10779,#10802,#10830));
#10778 = ORIENTED_EDGE('',*,*,#10727,.T.);
#10779 = ORIENTED_EDGE('',*,*,#10780,.T.);
#10780 = EDGE_CURVE('',#10705,#10781,#10783,.T.);
#10781 = VERTEX_POINT('',#10782);
#10782 = CARTESIAN_POINT('',(0.E+000,0.3053588,0.51000152));
#10783 = SURFACE_CURVE('',#10784,(#10788,#10795),.PCURVE_S1.);
#10784 = LINE('',#10785,#10786);
#10785 = CARTESIAN_POINT('',(-0.11685524,0.28211526,0.51000152));
#10786 = VECTOR('',#10787,1.);
#10787 = DIRECTION('',(0.980785942744,0.195086992176,0.E+000));
#10788 = PCURVE('',#10743,#10789);
#10789 = DEFINITIONAL_REPRESENTATION('',(#10790),#10794);
#10790 = LINE('',#10791,#10792);
#10791 = CARTESIAN_POINT('',(0.E+000,-0.51000152));
#10792 = VECTOR('',#10793,1.);
#10793 = DIRECTION('',(1.,0.E+000));
#10794 = ( GEOMETRIC_REPRESENTATION_CONTEXT(2) 
PARAMETRIC_REPRESENTATION_CONTEXT() REPRESENTATION_CONTEXT('2D SPACE',''
  ) );
#10795 = PCURVE('',#10254,#10796);
#10796 = DEFINITIONAL_REPRESENTATION('',(#10797),#10801);
#10797 = LINE('',#10798,#10799);
#10798 = CARTESIAN_POINT('',(-0.11685524,0.58747406));
#10799 = VECTOR('',#10800,1.);
#10800 = DIRECTION('',(0.980785942744,0.195086992176));
#10801 = ( GEOMETRIC_REPRESENTATION_CONTEXT(2) 
PARAMETRIC_REPRESENTATION_CONTEXT() REPRESENTATION_CONTEXT('2D SPACE',''
  ) );
#10802 = ORIENTED_EDGE('',*,*,#10803,.F.);
#10803 = EDGE_CURVE('',#10804,#10781,#10806,.T.);
#10804 = VERTEX_POINT('',#10805);
#10805 = CARTESIAN_POINT('',(0.E+000,0.3053588,0.E+000));
#10806 = SURFACE_CURVE('',#10807,(#10811,#10818),.PCURVE_S1.);
#10807 = LINE('',#10808,#10809);
#10808 = CARTESIAN_POINT('',(0.E+000,0.3053588,0.E+000));
#10809 = VECTOR('',#10810,1.);
#10810 = DIRECTION('',(0.E+000,0.E+000,1.));
#10811 = PCURVE('',#10743,#10812);
#10812 = DEFINITIONAL_REPRESENTATION('',(#10813),#10817);
#10813 = LINE('',#10814,#10815);
#10814 = CARTESIAN_POINT('',(0.119144489034,0.E+000));
#10815 = VECTOR('',#10816,1.);
#10816 = DIRECTION('',(0.E+000,-1.));
#10817 = ( GEOMETRIC_REPRESENTATION_CONTEXT(2) 
PARAMETRIC_REPRESENTATION_CONTEXT() REPRESENTATION_CONTEXT('2D SPACE',''
  ) );
#10818 = PCURVE('',#10819,#10824);
#10819 = PLANE('',#10820);
#10820 = AXIS2_PLACEMENT_3D('',#10821,#10822,#10823);
#10821 = CARTESIAN_POINT('',(0.E+000,0.3053588,0.E+000));
#10822 = DIRECTION('',(0.195086992176,0.980785942744,-0.E+000));
#10823 = DIRECTION('',(0.980785942744,-0.195086992176,0.E+000));
#10824 = DEFINITIONAL_REPRESENTATION('',(#10825),#10829);
#10825 = LINE('',#10826,#10827);
#10826 = CARTESIAN_POINT('',(0.E+000,0.E+000));
#10827 = VECTOR('',#10828,1.);
#10828 = DIRECTION('',(0.E+000,-1.));
#10829 = ( GEOMETRIC_REPRESENTATION_CONTEXT(2) 
PARAMETRIC_REPRESENTATION_CONTEXT() REPRESENTATION_CONTEXT('2D SPACE',''
  ) );
#10830 = ORIENTED_EDGE('',*,*,#10831,.F.);
#10831 = EDGE_CURVE('',#10728,#10804,#10832,.T.);
#10832 = SURFACE_CURVE('',#10833,(#10837,#10844),.PCURVE_S1.);
#10833 = LINE('',#10834,#10835);
#10834 = CARTESIAN_POINT('',(-0.11685524,0.28211526,0.E+000));
#10835 = VECTOR('',#10836,1.);
#10836 = DIRECTION('',(0.980785942744,0.195086992176,0.E+000));
#10837 = PCURVE('',#10743,#10838);
#10838 = DEFINITIONAL_REPRESENTATION('',(#10839),#10843);
#10839 = LINE('',#10840,#10841);
#10840 = CARTESIAN_POINT('',(0.E+000,0.E+000));
#10841 = VECTOR('',#10842,1.);
#10842 = DIRECTION('',(1.,0.E+000));
#10843 = ( GEOMETRIC_REPRESENTATION_CONTEXT(2) 
PARAMETRIC_REPRESENTATION_CONTEXT() REPRESENTATION_CONTEXT('2D SPACE',''
  ) );
#10844 = PCURVE('',#10308,#10845);
#10845 = DEFINITIONAL_REPRESENTATION('',(#10846),#10850);
#10846 = LINE('',#10847,#10848);
#10847 = CARTESIAN_POINT('',(-0.11685524,0.58747406));
#10848 = VECTOR('',#10849,1.);
#10849 = DIRECTION('',(0.980785942744,0.195086992176));
#10850 = ( GEOMETRIC_REPRESENTATION_CONTEXT(2) 
PARAMETRIC_REPRESENTATION_CONTEXT() REPRESENTATION_CONTEXT('2D SPACE',''
  ) );
#10851 = ADVANCED_FACE('',(#10852),#10819,.T.);
#10852 = FACE_BOUND('',#10853,.T.);
#10853 = EDGE_LOOP('',(#10854,#10855,#10878,#10906));
#10854 = ORIENTED_EDGE('',*,*,#10803,.T.);
#10855 = ORIENTED_EDGE('',*,*,#10856,.T.);
#10856 = EDGE_CURVE('',#10781,#10857,#10859,.T.);
#10857 = VERTEX_POINT('',#10858);
#10858 = CARTESIAN_POINT('',(0.11685524,0.28211526,0.51000152));
#10859 = SURFACE_CURVE('',#10860,(#10864,#10871),.PCURVE_S1.);
#10860 = LINE('',#10861,#10862);
#10861 = CARTESIAN_POINT('',(0.E+000,0.3053588,0.51000152));
#10862 = VECTOR('',#10863,1.);
#10863 = DIRECTION('',(0.980785942744,-0.195086992176,0.E+000));
#10864 = PCURVE('',#10819,#10865);
#10865 = DEFINITIONAL_REPRESENTATION('',(#10866),#10870);
#10866 = LINE('',#10867,#10868);
#10867 = CARTESIAN_POINT('',(0.E+000,-0.51000152));
#10868 = VECTOR('',#10869,1.);
#10869 = DIRECTION('',(1.,0.E+000));
#10870 = ( GEOMETRIC_REPRESENTATION_CONTEXT(2) 
PARAMETRIC_REPRESENTATION_CONTEXT() REPRESENTATION_CONTEXT('2D SPACE',''
  ) );
#10871 = PCURVE('',#10254,#10872);
#10872 = DEFINITIONAL_REPRESENTATION('',(#10873),#10877);
#10873 = LINE('',#10874,#10875);
#10874 = CARTESIAN_POINT('',(0.E+000,0.6107176));
#10875 = VECTOR('',#10876,1.);
#10876 = DIRECTION('',(0.980785942744,-0.195086992176));
#10877 = ( GEOMETRIC_REPRESENTATION_CONTEXT(2) 
PARAMETRIC_REPRESENTATION_CONTEXT() REPRESENTATION_CONTEXT('2D SPACE',''
  ) );
#10878 = ORIENTED_EDGE('',*,*,#10879,.F.);
#10879 = EDGE_CURVE('',#10880,#10857,#10882,.T.);
#10880 = VERTEX_POINT('',#10881);
#10881 = CARTESIAN_POINT('',(0.11685524,0.28211526,0.E+000));
#10882 = SURFACE_CURVE('',#10883,(#10887,#10894),.PCURVE_S1.);
#10883 = LINE('',#10884,#10885);
#10884 = CARTESIAN_POINT('',(0.11685524,0.28211526,0.E+000));
#10885 = VECTOR('',#10886,1.);
#10886 = DIRECTION('',(0.E+000,0.E+000,1.));
#10887 = PCURVE('',#10819,#10888);
#10888 = DEFINITIONAL_REPRESENTATION('',(#10889),#10893);
#10889 = LINE('',#10890,#10891);
#10890 = CARTESIAN_POINT('',(0.119144489034,0.E+000));
#10891 = VECTOR('',#10892,1.);
#10892 = DIRECTION('',(0.E+000,-1.));
#10893 = ( GEOMETRIC_REPRESENTATION_CONTEXT(2) 
PARAMETRIC_REPRESENTATION_CONTEXT() REPRESENTATION_CONTEXT('2D SPACE',''
  ) );
#10894 = PCURVE('',#10895,#10900);
#10895 = PLANE('',#10896);
#10896 = AXIS2_PLACEMENT_3D('',#10897,#10898,#10899);
#10897 = CARTESIAN_POINT('',(0.11685524,0.28211526,0.E+000));
#10898 = DIRECTION('',(0.555580502123,0.831462750615,-0.E+000));
#10899 = DIRECTION('',(0.831462750615,-0.555580502123,0.E+000));
#10900 = DEFINITIONAL_REPRESENTATION('',(#10901),#10905);
#10901 = LINE('',#10902,#10903);
#10902 = CARTESIAN_POINT('',(0.E+000,0.E+000));
#10903 = VECTOR('',#10904,1.);
#10904 = DIRECTION('',(0.E+000,-1.));
#10905 = ( GEOMETRIC_REPRESENTATION_CONTEXT(2) 
PARAMETRIC_REPRESENTATION_CONTEXT() REPRESENTATION_CONTEXT('2D SPACE',''
  ) );
#10906 = ORIENTED_EDGE('',*,*,#10907,.F.);
#10907 = EDGE_CURVE('',#10804,#10880,#10908,.T.);
#10908 = SURFACE_CURVE('',#10909,(#10913,#10920),.PCURVE_S1.);
#10909 = LINE('',#10910,#10911);
#10910 = CARTESIAN_POINT('',(0.E+000,0.3053588,0.E+000));
#10911 = VECTOR('',#10912,1.);
#10912 = DIRECTION('',(0.980785942744,-0.195086992176,0.E+000));
#10913 = PCURVE('',#10819,#10914);
#10914 = DEFINITIONAL_REPRESENTATION('',(#10915),#10919);
#10915 = LINE('',#10916,#10917);
#10916 = CARTESIAN_POINT('',(0.E+000,0.E+000));
#10917 = VECTOR('',#10918,1.);
#10918 = DIRECTION('',(1.,0.E+000));
#10919 = ( GEOMETRIC_REPRESENTATION_CONTEXT(2) 
PARAMETRIC_REPRESENTATION_CONTEXT() REPRESENTATION_CONTEXT('2D SPACE',''
  ) );
#10920 = PCURVE('',#10308,#10921);
#10921 = DEFINITIONAL_REPRESENTATION('',(#10922),#10926);
#10922 = LINE('',#10923,#10924);
#10923 = CARTESIAN_POINT('',(0.E+000,0.6107176));
#10924 = VECTOR('',#10925,1.);
#10925 = DIRECTION('',(0.980785942744,-0.195086992176));
#10926 = ( GEOMETRIC_REPRESENTATION_CONTEXT(2) 
PARAMETRIC_REPRESENTATION_CONTEXT() REPRESENTATION_CONTEXT('2D SPACE',''
  ) );
#10927 = ADVANCED_FACE('',(#10928),#10895,.T.);
#10928 = FACE_BOUND('',#10929,.T.);
#10929 = EDGE_LOOP('',(#10930,#10931,#10954,#10982));
#10930 = ORIENTED_EDGE('',*,*,#10879,.T.);
#10931 = ORIENTED_EDGE('',*,*,#10932,.T.);
#10932 = EDGE_CURVE('',#10857,#10933,#10935,.T.);
#10933 = VERTEX_POINT('',#10934);
#10934 = CARTESIAN_POINT('',(0.21592032,0.21592032,0.51000152));
#10935 = SURFACE_CURVE('',#10936,(#10940,#10947),.PCURVE_S1.);
#10936 = LINE('',#10937,#10938);
#10937 = CARTESIAN_POINT('',(0.11685524,0.28211526,0.51000152));
#10938 = VECTOR('',#10939,1.);
#10939 = DIRECTION('',(0.831462750615,-0.555580502123,0.E+000));
#10940 = PCURVE('',#10895,#10941);
#10941 = DEFINITIONAL_REPRESENTATION('',(#10942),#10946);
#10942 = LINE('',#10943,#10944);
#10943 = CARTESIAN_POINT('',(0.E+000,-0.51000152));
#10944 = VECTOR('',#10945,1.);
#10945 = DIRECTION('',(1.,0.E+000));
#10946 = ( GEOMETRIC_REPRESENTATION_CONTEXT(2) 
PARAMETRIC_REPRESENTATION_CONTEXT() REPRESENTATION_CONTEXT('2D SPACE',''
  ) );
#10947 = PCURVE('',#10254,#10948);
#10948 = DEFINITIONAL_REPRESENTATION('',(#10949),#10953);
#10949 = LINE('',#10950,#10951);
#10950 = CARTESIAN_POINT('',(0.11685524,0.58747406));
#10951 = VECTOR('',#10952,1.);
#10952 = DIRECTION('',(0.831462750615,-0.555580502123));
#10953 = ( GEOMETRIC_REPRESENTATION_CONTEXT(2) 
PARAMETRIC_REPRESENTATION_CONTEXT() REPRESENTATION_CONTEXT('2D SPACE',''
  ) );
#10954 = ORIENTED_EDGE('',*,*,#10955,.F.);
#10955 = EDGE_CURVE('',#10956,#10933,#10958,.T.);
#10956 = VERTEX_POINT('',#10957);
#10957 = CARTESIAN_POINT('',(0.21592032,0.21592032,0.E+000));
#10958 = SURFACE_CURVE('',#10959,(#10963,#10970),.PCURVE_S1.);
#10959 = LINE('',#10960,#10961);
#10960 = CARTESIAN_POINT('',(0.21592032,0.21592032,0.E+000));
#10961 = VECTOR('',#10962,1.);
#10962 = DIRECTION('',(0.E+000,0.E+000,1.));
#10963 = PCURVE('',#10895,#10964);
#10964 = DEFINITIONAL_REPRESENTATION('',(#10965),#10969);
#10965 = LINE('',#10966,#10967);
#10966 = CARTESIAN_POINT('',(0.11914554191,0.E+000));
#10967 = VECTOR('',#10968,1.);
#10968 = DIRECTION('',(0.E+000,-1.));
#10969 = ( GEOMETRIC_REPRESENTATION_CONTEXT(2) 
PARAMETRIC_REPRESENTATION_CONTEXT() REPRESENTATION_CONTEXT('2D SPACE',''
  ) );
#10970 = PCURVE('',#10971,#10976);
#10971 = PLANE('',#10972);
#10972 = AXIS2_PLACEMENT_3D('',#10973,#10974,#10975);
#10973 = CARTESIAN_POINT('',(0.21592032,0.21592032,0.E+000));
#10974 = DIRECTION('',(0.831462750616,0.555580502123,-0.E+000));
#10975 = DIRECTION('',(0.555580502123,-0.831462750616,0.E+000));
#10976 = DEFINITIONAL_REPRESENTATION('',(#10977),#10981);
#10977 = LINE('',#10978,#10979);
#10978 = CARTESIAN_POINT('',(0.E+000,0.E+000));
#10979 = VECTOR('',#10980,1.);
#10980 = DIRECTION('',(0.E+000,-1.));
#10981 = ( GEOMETRIC_REPRESENTATION_CONTEXT(2) 
PARAMETRIC_REPRESENTATION_CONTEXT() REPRESENTATION_CONTEXT('2D SPACE',''
  ) );
#10982 = ORIENTED_EDGE('',*,*,#10983,.F.);
#10983 = EDGE_CURVE('',#10880,#10956,#10984,.T.);
#10984 = SURFACE_CURVE('',#10985,(#10989,#10996),.PCURVE_S1.);
#10985 = LINE('',#10986,#10987);
#10986 = CARTESIAN_POINT('',(0.11685524,0.28211526,0.E+000));
#10987 = VECTOR('',#10988,1.);
#10988 = DIRECTION('',(0.831462750615,-0.555580502123,0.E+000));
#10989 = PCURVE('',#10895,#10990);
#10990 = DEFINITIONAL_REPRESENTATION('',(#10991),#10995);
#10991 = LINE('',#10992,#10993);
#10992 = CARTESIAN_POINT('',(0.E+000,0.E+000));
#10993 = VECTOR('',#10994,1.);
#10994 = DIRECTION('',(1.,0.E+000));
#10995 = ( GEOMETRIC_REPRESENTATION_CONTEXT(2) 
PARAMETRIC_REPRESENTATION_CONTEXT() REPRESENTATION_CONTEXT('2D SPACE',''
  ) );
#10996 = PCURVE('',#10308,#10997);
#10997 = DEFINITIONAL_REPRESENTATION('',(#10998),#11002);
#10998 = LINE('',#10999,#11000);
#10999 = CARTESIAN_POINT('',(0.11685524,0.58747406));
#11000 = VECTOR('',#11001,1.);
#11001 = DIRECTION('',(0.831462750615,-0.555580502123));
#11002 = ( GEOMETRIC_REPRESENTATION_CONTEXT(2) 
PARAMETRIC_REPRESENTATION_CONTEXT() REPRESENTATION_CONTEXT('2D SPACE',''
  ) );
#11003 = ADVANCED_FACE('',(#11004),#10971,.T.);
#11004 = FACE_BOUND('',#11005,.T.);
#11005 = EDGE_LOOP('',(#11006,#11007,#11030,#11058));
#11006 = ORIENTED_EDGE('',*,*,#10955,.T.);
#11007 = ORIENTED_EDGE('',*,*,#11008,.T.);
#11008 = EDGE_CURVE('',#10933,#11009,#11011,.T.);
#11009 = VERTEX_POINT('',#11010);
#11010 = CARTESIAN_POINT('',(0.28211526,0.11685524,0.51000152));
#11011 = SURFACE_CURVE('',#11012,(#11016,#11023),.PCURVE_S1.);
#11012 = LINE('',#11013,#11014);
#11013 = CARTESIAN_POINT('',(0.21592032,0.21592032,0.51000152));
#11014 = VECTOR('',#11015,1.);
#11015 = DIRECTION('',(0.555580502123,-0.831462750616,0.E+000));
#11016 = PCURVE('',#10971,#11017);
#11017 = DEFINITIONAL_REPRESENTATION('',(#11018),#11022);
#11018 = LINE('',#11019,#11020);
#11019 = CARTESIAN_POINT('',(0.E+000,-0.51000152));
#11020 = VECTOR('',#11021,1.);
#11021 = DIRECTION('',(1.,0.E+000));
#11022 = ( GEOMETRIC_REPRESENTATION_CONTEXT(2) 
PARAMETRIC_REPRESENTATION_CONTEXT() REPRESENTATION_CONTEXT('2D SPACE',''
  ) );
#11023 = PCURVE('',#10254,#11024);
#11024 = DEFINITIONAL_REPRESENTATION('',(#11025),#11029);
#11025 = LINE('',#11026,#11027);
#11026 = CARTESIAN_POINT('',(0.21592032,0.52127912));
#11027 = VECTOR('',#11028,1.);
#11028 = DIRECTION('',(0.555580502123,-0.831462750616));
#11029 = ( GEOMETRIC_REPRESENTATION_CONTEXT(2) 
PARAMETRIC_REPRESENTATION_CONTEXT() REPRESENTATION_CONTEXT('2D SPACE',''
  ) );
#11030 = ORIENTED_EDGE('',*,*,#11031,.F.);
#11031 = EDGE_CURVE('',#11032,#11009,#11034,.T.);
#11032 = VERTEX_POINT('',#11033);
#11033 = CARTESIAN_POINT('',(0.28211526,0.11685524,0.E+000));
#11034 = SURFACE_CURVE('',#11035,(#11039,#11046),.PCURVE_S1.);
#11035 = LINE('',#11036,#11037);
#11036 = CARTESIAN_POINT('',(0.28211526,0.11685524,0.E+000));
#11037 = VECTOR('',#11038,1.);
#11038 = DIRECTION('',(0.E+000,0.E+000,1.));
#11039 = PCURVE('',#10971,#11040);
#11040 = DEFINITIONAL_REPRESENTATION('',(#11041),#11045);
#11041 = LINE('',#11042,#11043);
#11042 = CARTESIAN_POINT('',(0.11914554191,0.E+000));
#11043 = VECTOR('',#11044,1.);
#11044 = DIRECTION('',(0.E+000,-1.));
#11045 = ( GEOMETRIC_REPRESENTATION_CONTEXT(2) 
PARAMETRIC_REPRESENTATION_CONTEXT() REPRESENTATION_CONTEXT('2D SPACE',''
  ) );
#11046 = PCURVE('',#11047,#11052);
#11047 = PLANE('',#11048);
#11048 = AXIS2_PLACEMENT_3D('',#11049,#11050,#11051);
#11049 = CARTESIAN_POINT('',(0.28211526,0.11685524,0.E+000));
#11050 = DIRECTION('',(0.980785942744,0.195086992176,-0.E+000));
#11051 = DIRECTION('',(0.195086992176,-0.980785942744,0.E+000));
#11052 = DEFINITIONAL_REPRESENTATION('',(#11053),#11057);
#11053 = LINE('',#11054,#11055);
#11054 = CARTESIAN_POINT('',(0.E+000,0.E+000));
#11055 = VECTOR('',#11056,1.);
#11056 = DIRECTION('',(0.E+000,-1.));
#11057 = ( GEOMETRIC_REPRESENTATION_CONTEXT(2) 
PARAMETRIC_REPRESENTATION_CONTEXT() REPRESENTATION_CONTEXT('2D SPACE',''
  ) );
#11058 = ORIENTED_EDGE('',*,*,#11059,.F.);
#11059 = EDGE_CURVE('',#10956,#11032,#11060,.T.);
#11060 = SURFACE_CURVE('',#11061,(#11065,#11072),.PCURVE_S1.);
#11061 = LINE('',#11062,#11063);
#11062 = CARTESIAN_POINT('',(0.21592032,0.21592032,0.E+000));
#11063 = VECTOR('',#11064,1.);
#11064 = DIRECTION('',(0.555580502123,-0.831462750616,0.E+000));
#11065 = PCURVE('',#10971,#11066);
#11066 = DEFINITIONAL_REPRESENTATION('',(#11067),#11071);
#11067 = LINE('',#11068,#11069);
#11068 = CARTESIAN_POINT('',(0.E+000,0.E+000));
#11069 = VECTOR('',#11070,1.);
#11070 = DIRECTION('',(1.,0.E+000));
#11071 = ( GEOMETRIC_REPRESENTATION_CONTEXT(2) 
PARAMETRIC_REPRESENTATION_CONTEXT() REPRESENTATION_CONTEXT('2D SPACE',''
  ) );
#11072 = PCURVE('',#10308,#11073);
#11073 = DEFINITIONAL_REPRESENTATION('',(#11074),#11078);
#11074 = LINE('',#11075,#11076);
#11075 = CARTESIAN_POINT('',(0.21592032,0.52127912));
#11076 = VECTOR('',#11077,1.);
#11077 = DIRECTION('',(0.555580502123,-0.831462750616));
#11078 = ( GEOMETRIC_REPRESENTATION_CONTEXT(2) 
PARAMETRIC_REPRESENTATION_CONTEXT() REPRESENTATION_CONTEXT('2D SPACE',''
  ) );
#11079 = ADVANCED_FACE('',(#11080),#11047,.T.);
#11080 = FACE_BOUND('',#11081,.T.);
#11081 = EDGE_LOOP('',(#11082,#11083,#11106,#11134));
#11082 = ORIENTED_EDGE('',*,*,#11031,.T.);
#11083 = ORIENTED_EDGE('',*,*,#11084,.T.);
#11084 = EDGE_CURVE('',#11009,#11085,#11087,.T.);
#11085 = VERTEX_POINT('',#11086);
#11086 = CARTESIAN_POINT('',(0.3053588,0.E+000,0.51000152));
#11087 = SURFACE_CURVE('',#11088,(#11092,#11099),.PCURVE_S1.);
#11088 = LINE('',#11089,#11090);
#11089 = CARTESIAN_POINT('',(0.28211526,0.11685524,0.51000152));
#11090 = VECTOR('',#11091,1.);
#11091 = DIRECTION('',(0.195086992176,-0.980785942744,0.E+000));
#11092 = PCURVE('',#11047,#11093);
#11093 = DEFINITIONAL_REPRESENTATION('',(#11094),#11098);
#11094 = LINE('',#11095,#11096);
#11095 = CARTESIAN_POINT('',(0.E+000,-0.51000152));
#11096 = VECTOR('',#11097,1.);
#11097 = DIRECTION('',(1.,0.E+000));
#11098 = ( GEOMETRIC_REPRESENTATION_CONTEXT(2) 
PARAMETRIC_REPRESENTATION_CONTEXT() REPRESENTATION_CONTEXT('2D SPACE',''
  ) );
#11099 = PCURVE('',#10254,#11100);
#11100 = DEFINITIONAL_REPRESENTATION('',(#11101),#11105);
#11101 = LINE('',#11102,#11103);
#11102 = CARTESIAN_POINT('',(0.28211526,0.42221404));
#11103 = VECTOR('',#11104,1.);
#11104 = DIRECTION('',(0.195086992176,-0.980785942744));
#11105 = ( GEOMETRIC_REPRESENTATION_CONTEXT(2) 
PARAMETRIC_REPRESENTATION_CONTEXT() REPRESENTATION_CONTEXT('2D SPACE',''
  ) );
#11106 = ORIENTED_EDGE('',*,*,#11107,.F.);
#11107 = EDGE_CURVE('',#11108,#11085,#11110,.T.);
#11108 = VERTEX_POINT('',#11109);
#11109 = CARTESIAN_POINT('',(0.3053588,0.E+000,0.E+000));
#11110 = SURFACE_CURVE('',#11111,(#11115,#11122),.PCURVE_S1.);
#11111 = LINE('',#11112,#11113);
#11112 = CARTESIAN_POINT('',(0.3053588,0.E+000,0.E+000));
#11113 = VECTOR('',#11114,1.);
#11114 = DIRECTION('',(0.E+000,0.E+000,1.));
#11115 = PCURVE('',#11047,#11116);
#11116 = DEFINITIONAL_REPRESENTATION('',(#11117),#11121);
#11117 = LINE('',#11118,#11119);
#11118 = CARTESIAN_POINT('',(0.119144489034,0.E+000));
#11119 = VECTOR('',#11120,1.);
#11120 = DIRECTION('',(0.E+000,-1.));
#11121 = ( GEOMETRIC_REPRESENTATION_CONTEXT(2) 
PARAMETRIC_REPRESENTATION_CONTEXT() REPRESENTATION_CONTEXT('2D SPACE',''
  ) );
#11122 = PCURVE('',#11123,#11128);
#11123 = PLANE('',#11124);
#11124 = AXIS2_PLACEMENT_3D('',#11125,#11126,#11127);
#11125 = CARTESIAN_POINT('',(0.3053588,0.E+000,0.E+000));
#11126 = DIRECTION('',(0.980785942744,-0.195086992176,0.E+000));
#11127 = DIRECTION('',(-0.195086992176,-0.980785942744,0.E+000));
#11128 = DEFINITIONAL_REPRESENTATION('',(#11129),#11133);
#11129 = LINE('',#11130,#11131);
#11130 = CARTESIAN_POINT('',(0.E+000,0.E+000));
#11131 = VECTOR('',#11132,1.);
#11132 = DIRECTION('',(0.E+000,-1.));
#11133 = ( GEOMETRIC_REPRESENTATION_CONTEXT(2) 
PARAMETRIC_REPRESENTATION_CONTEXT() REPRESENTATION_CONTEXT('2D SPACE',''
  ) );
#11134 = ORIENTED_EDGE('',*,*,#11135,.F.);
#11135 = EDGE_CURVE('',#11032,#11108,#11136,.T.);
#11136 = SURFACE_CURVE('',#11137,(#11141,#11148),.PCURVE_S1.);
#11137 = LINE('',#11138,#11139);
#11138 = CARTESIAN_POINT('',(0.28211526,0.11685524,0.E+000));
#11139 = VECTOR('',#11140,1.);
#11140 = DIRECTION('',(0.195086992176,-0.980785942744,0.E+000));
#11141 = PCURVE('',#11047,#11142);
#11142 = DEFINITIONAL_REPRESENTATION('',(#11143),#11147);
#11143 = LINE('',#11144,#11145);
#11144 = CARTESIAN_POINT('',(0.E+000,0.E+000));
#11145 = VECTOR('',#11146,1.);
#11146 = DIRECTION('',(1.,0.E+000));
#11147 = ( GEOMETRIC_REPRESENTATION_CONTEXT(2) 
PARAMETRIC_REPRESENTATION_CONTEXT() REPRESENTATION_CONTEXT('2D SPACE',''
  ) );
#11148 = PCURVE('',#10308,#11149);
#11149 = DEFINITIONAL_REPRESENTATION('',(#11150),#11154);
#11150 = LINE('',#11151,#11152);
#11151 = CARTESIAN_POINT('',(0.28211526,0.42221404));
#11152 = VECTOR('',#11153,1.);
#11153 = DIRECTION('',(0.195086992176,-0.980785942744));
#11154 = ( GEOMETRIC_REPRESENTATION_CONTEXT(2) 
PARAMETRIC_REPRESENTATION_CONTEXT() REPRESENTATION_CONTEXT('2D SPACE',''
  ) );
#11155 = ADVANCED_FACE('',(#11156),#11123,.T.);
#11156 = FACE_BOUND('',#11157,.T.);
#11157 = EDGE_LOOP('',(#11158,#11159,#11182,#11210));
#11158 = ORIENTED_EDGE('',*,*,#11107,.T.);
#11159 = ORIENTED_EDGE('',*,*,#11160,.T.);
#11160 = EDGE_CURVE('',#11085,#11161,#11163,.T.);
#11161 = VERTEX_POINT('',#11162);
#11162 = CARTESIAN_POINT('',(0.28211526,-0.11685524,0.51000152));
#11163 = SURFACE_CURVE('',#11164,(#11168,#11175),.PCURVE_S1.);
#11164 = LINE('',#11165,#11166);
#11165 = CARTESIAN_POINT('',(0.3053588,0.E+000,0.51000152));
#11166 = VECTOR('',#11167,1.);
#11167 = DIRECTION('',(-0.195086992176,-0.980785942744,0.E+000));
#11168 = PCURVE('',#11123,#11169);
#11169 = DEFINITIONAL_REPRESENTATION('',(#11170),#11174);
#11170 = LINE('',#11171,#11172);
#11171 = CARTESIAN_POINT('',(0.E+000,-0.51000152));
#11172 = VECTOR('',#11173,1.);
#11173 = DIRECTION('',(1.,0.E+000));
#11174 = ( GEOMETRIC_REPRESENTATION_CONTEXT(2) 
PARAMETRIC_REPRESENTATION_CONTEXT() REPRESENTATION_CONTEXT('2D SPACE',''
  ) );
#11175 = PCURVE('',#10254,#11176);
#11176 = DEFINITIONAL_REPRESENTATION('',(#11177),#11181);
#11177 = LINE('',#11178,#11179);
#11178 = CARTESIAN_POINT('',(0.3053588,0.3053588));
#11179 = VECTOR('',#11180,1.);
#11180 = DIRECTION('',(-0.195086992176,-0.980785942744));
#11181 = ( GEOMETRIC_REPRESENTATION_CONTEXT(2) 
PARAMETRIC_REPRESENTATION_CONTEXT() REPRESENTATION_CONTEXT('2D SPACE',''
  ) );
#11182 = ORIENTED_EDGE('',*,*,#11183,.F.);
#11183 = EDGE_CURVE('',#11184,#11161,#11186,.T.);
#11184 = VERTEX_POINT('',#11185);
#11185 = CARTESIAN_POINT('',(0.28211526,-0.11685524,0.E+000));
#11186 = SURFACE_CURVE('',#11187,(#11191,#11198),.PCURVE_S1.);
#11187 = LINE('',#11188,#11189);
#11188 = CARTESIAN_POINT('',(0.28211526,-0.11685524,0.E+000));
#11189 = VECTOR('',#11190,1.);
#11190 = DIRECTION('',(0.E+000,0.E+000,1.));
#11191 = PCURVE('',#11123,#11192);
#11192 = DEFINITIONAL_REPRESENTATION('',(#11193),#11197);
#11193 = LINE('',#11194,#11195);
#11194 = CARTESIAN_POINT('',(0.119144489034,0.E+000));
#11195 = VECTOR('',#11196,1.);
#11196 = DIRECTION('',(0.E+000,-1.));
#11197 = ( GEOMETRIC_REPRESENTATION_CONTEXT(2) 
PARAMETRIC_REPRESENTATION_CONTEXT() REPRESENTATION_CONTEXT('2D SPACE',''
  ) );
#11198 = PCURVE('',#11199,#11204);
#11199 = PLANE('',#11200);
#11200 = AXIS2_PLACEMENT_3D('',#11201,#11202,#11203);
#11201 = CARTESIAN_POINT('',(0.28211526,-0.11685524,0.E+000));
#11202 = DIRECTION('',(0.831462750616,-0.555580502123,0.E+000));
#11203 = DIRECTION('',(-0.555580502123,-0.831462750616,0.E+000));
#11204 = DEFINITIONAL_REPRESENTATION('',(#11205),#11209);
#11205 = LINE('',#11206,#11207);
#11206 = CARTESIAN_POINT('',(0.E+000,0.E+000));
#11207 = VECTOR('',#11208,1.);
#11208 = DIRECTION('',(0.E+000,-1.));
#11209 = ( GEOMETRIC_REPRESENTATION_CONTEXT(2) 
PARAMETRIC_REPRESENTATION_CONTEXT() REPRESENTATION_CONTEXT('2D SPACE',''
  ) );
#11210 = ORIENTED_EDGE('',*,*,#11211,.F.);
#11211 = EDGE_CURVE('',#11108,#11184,#11212,.T.);
#11212 = SURFACE_CURVE('',#11213,(#11217,#11224),.PCURVE_S1.);
#11213 = LINE('',#11214,#11215);
#11214 = CARTESIAN_POINT('',(0.3053588,0.E+000,0.E+000));
#11215 = VECTOR('',#11216,1.);
#11216 = DIRECTION('',(-0.195086992176,-0.980785942744,0.E+000));
#11217 = PCURVE('',#11123,#11218);
#11218 = DEFINITIONAL_REPRESENTATION('',(#11219),#11223);
#11219 = LINE('',#11220,#11221);
#11220 = CARTESIAN_POINT('',(0.E+000,0.E+000));
#11221 = VECTOR('',#11222,1.);
#11222 = DIRECTION('',(1.,0.E+000));
#11223 = ( GEOMETRIC_REPRESENTATION_CONTEXT(2) 
PARAMETRIC_REPRESENTATION_CONTEXT() REPRESENTATION_CONTEXT('2D SPACE',''
  ) );
#11224 = PCURVE('',#10308,#11225);
#11225 = DEFINITIONAL_REPRESENTATION('',(#11226),#11230);
#11226 = LINE('',#11227,#11228);
#11227 = CARTESIAN_POINT('',(0.3053588,0.3053588));
#11228 = VECTOR('',#11229,1.);
#11229 = DIRECTION('',(-0.195086992176,-0.980785942744));
#11230 = ( GEOMETRIC_REPRESENTATION_CONTEXT(2) 
PARAMETRIC_REPRESENTATION_CONTEXT() REPRESENTATION_CONTEXT('2D SPACE',''
  ) );
#11231 = ADVANCED_FACE('',(#11232),#11199,.T.);
#11232 = FACE_BOUND('',#11233,.T.);
#11233 = EDGE_LOOP('',(#11234,#11235,#11258,#11286));
#11234 = ORIENTED_EDGE('',*,*,#11183,.T.);
#11235 = ORIENTED_EDGE('',*,*,#11236,.T.);
#11236 = EDGE_CURVE('',#11161,#11237,#11239,.T.);
#11237 = VERTEX_POINT('',#11238);
#11238 = CARTESIAN_POINT('',(0.21592032,-0.21592032,0.51000152));
#11239 = SURFACE_CURVE('',#11240,(#11244,#11251),.PCURVE_S1.);
#11240 = LINE('',#11241,#11242);
#11241 = CARTESIAN_POINT('',(0.28211526,-0.11685524,0.51000152));
#11242 = VECTOR('',#11243,1.);
#11243 = DIRECTION('',(-0.555580502123,-0.831462750616,0.E+000));
#11244 = PCURVE('',#11199,#11245);
#11245 = DEFINITIONAL_REPRESENTATION('',(#11246),#11250);
#11246 = LINE('',#11247,#11248);
#11247 = CARTESIAN_POINT('',(0.E+000,-0.51000152));
#11248 = VECTOR('',#11249,1.);
#11249 = DIRECTION('',(1.,0.E+000));
#11250 = ( GEOMETRIC_REPRESENTATION_CONTEXT(2) 
PARAMETRIC_REPRESENTATION_CONTEXT() REPRESENTATION_CONTEXT('2D SPACE',''
  ) );
#11251 = PCURVE('',#10254,#11252);
#11252 = DEFINITIONAL_REPRESENTATION('',(#11253),#11257);
#11253 = LINE('',#11254,#11255);
#11254 = CARTESIAN_POINT('',(0.28211526,0.18850356));
#11255 = VECTOR('',#11256,1.);
#11256 = DIRECTION('',(-0.555580502123,-0.831462750616));
#11257 = ( GEOMETRIC_REPRESENTATION_CONTEXT(2) 
PARAMETRIC_REPRESENTATION_CONTEXT() REPRESENTATION_CONTEXT('2D SPACE',''
  ) );
#11258 = ORIENTED_EDGE('',*,*,#11259,.F.);
#11259 = EDGE_CURVE('',#11260,#11237,#11262,.T.);
#11260 = VERTEX_POINT('',#11261);
#11261 = CARTESIAN_POINT('',(0.21592032,-0.21592032,0.E+000));
#11262 = SURFACE_CURVE('',#11263,(#11267,#11274),.PCURVE_S1.);
#11263 = LINE('',#11264,#11265);
#11264 = CARTESIAN_POINT('',(0.21592032,-0.21592032,0.E+000));
#11265 = VECTOR('',#11266,1.);
#11266 = DIRECTION('',(0.E+000,0.E+000,1.));
#11267 = PCURVE('',#11199,#11268);
#11268 = DEFINITIONAL_REPRESENTATION('',(#11269),#11273);
#11269 = LINE('',#11270,#11271);
#11270 = CARTESIAN_POINT('',(0.11914554191,0.E+000));
#11271 = VECTOR('',#11272,1.);
#11272 = DIRECTION('',(0.E+000,-1.));
#11273 = ( GEOMETRIC_REPRESENTATION_CONTEXT(2) 
PARAMETRIC_REPRESENTATION_CONTEXT() REPRESENTATION_CONTEXT('2D SPACE',''
  ) );
#11274 = PCURVE('',#11275,#11280);
#11275 = PLANE('',#11276);
#11276 = AXIS2_PLACEMENT_3D('',#11277,#11278,#11279);
#11277 = CARTESIAN_POINT('',(0.21592032,-0.21592032,0.E+000));
#11278 = DIRECTION('',(0.555580502123,-0.831462750615,0.E+000));
#11279 = DIRECTION('',(-0.831462750615,-0.555580502123,0.E+000));
#11280 = DEFINITIONAL_REPRESENTATION('',(#11281),#11285);
#11281 = LINE('',#11282,#11283);
#11282 = CARTESIAN_POINT('',(0.E+000,0.E+000));
#11283 = VECTOR('',#11284,1.);
#11284 = DIRECTION('',(0.E+000,-1.));
#11285 = ( GEOMETRIC_REPRESENTATION_CONTEXT(2) 
PARAMETRIC_REPRESENTATION_CONTEXT() REPRESENTATION_CONTEXT('2D SPACE',''
  ) );
#11286 = ORIENTED_EDGE('',*,*,#11287,.F.);
#11287 = EDGE_CURVE('',#11184,#11260,#11288,.T.);
#11288 = SURFACE_CURVE('',#11289,(#11293,#11300),.PCURVE_S1.);
#11289 = LINE('',#11290,#11291);
#11290 = CARTESIAN_POINT('',(0.28211526,-0.11685524,0.E+000));
#11291 = VECTOR('',#11292,1.);
#11292 = DIRECTION('',(-0.555580502123,-0.831462750616,0.E+000));
#11293 = PCURVE('',#11199,#11294);
#11294 = DEFINITIONAL_REPRESENTATION('',(#11295),#11299);
#11295 = LINE('',#11296,#11297);
#11296 = CARTESIAN_POINT('',(0.E+000,0.E+000));
#11297 = VECTOR('',#11298,1.);
#11298 = DIRECTION('',(1.,0.E+000));
#11299 = ( GEOMETRIC_REPRESENTATION_CONTEXT(2) 
PARAMETRIC_REPRESENTATION_CONTEXT() REPRESENTATION_CONTEXT('2D SPACE',''
  ) );
#11300 = PCURVE('',#10308,#11301);
#11301 = DEFINITIONAL_REPRESENTATION('',(#11302),#11306);
#11302 = LINE('',#11303,#11304);
#11303 = CARTESIAN_POINT('',(0.28211526,0.18850356));
#11304 = VECTOR('',#11305,1.);
#11305 = DIRECTION('',(-0.555580502123,-0.831462750616));
#11306 = ( GEOMETRIC_REPRESENTATION_CONTEXT(2) 
PARAMETRIC_REPRESENTATION_CONTEXT() REPRESENTATION_CONTEXT('2D SPACE',''
  ) );
#11307 = ADVANCED_FACE('',(#11308),#11275,.T.);
#11308 = FACE_BOUND('',#11309,.T.);
#11309 = EDGE_LOOP('',(#11310,#11311,#11334,#11357));
#11310 = ORIENTED_EDGE('',*,*,#11259,.T.);
#11311 = ORIENTED_EDGE('',*,*,#11312,.T.);
#11312 = EDGE_CURVE('',#11237,#11313,#11315,.T.);
#11313 = VERTEX_POINT('',#11314);
#11314 = CARTESIAN_POINT('',(0.11685524,-0.28211526,0.51000152));
#11315 = SURFACE_CURVE('',#11316,(#11320,#11327),.PCURVE_S1.);
#11316 = LINE('',#11317,#11318);
#11317 = CARTESIAN_POINT('',(0.21592032,-0.21592032,0.51000152));
#11318 = VECTOR('',#11319,1.);
#11319 = DIRECTION('',(-0.831462750615,-0.555580502123,0.E+000));
#11320 = PCURVE('',#11275,#11321);
#11321 = DEFINITIONAL_REPRESENTATION('',(#11322),#11326);
#11322 = LINE('',#11323,#11324);
#11323 = CARTESIAN_POINT('',(0.E+000,-0.51000152));
#11324 = VECTOR('',#11325,1.);
#11325 = DIRECTION('',(1.,0.E+000));
#11326 = ( GEOMETRIC_REPRESENTATION_CONTEXT(2) 
PARAMETRIC_REPRESENTATION_CONTEXT() REPRESENTATION_CONTEXT('2D SPACE',''
  ) );
#11327 = PCURVE('',#10254,#11328);
#11328 = DEFINITIONAL_REPRESENTATION('',(#11329),#11333);
#11329 = LINE('',#11330,#11331);
#11330 = CARTESIAN_POINT('',(0.21592032,8.943848E-002));
#11331 = VECTOR('',#11332,1.);
#11332 = DIRECTION('',(-0.831462750615,-0.555580502123));
#11333 = ( GEOMETRIC_REPRESENTATION_CONTEXT(2) 
PARAMETRIC_REPRESENTATION_CONTEXT() REPRESENTATION_CONTEXT('2D SPACE',''
  ) );
#11334 = ORIENTED_EDGE('',*,*,#11335,.F.);
#11335 = EDGE_CURVE('',#11336,#11313,#11338,.T.);
#11336 = VERTEX_POINT('',#11337);
#11337 = CARTESIAN_POINT('',(0.11685524,-0.28211526,0.E+000));
#11338 = SURFACE_CURVE('',#11339,(#11343,#11350),.PCURVE_S1.);
#11339 = LINE('',#11340,#11341);
#11340 = CARTESIAN_POINT('',(0.11685524,-0.28211526,0.E+000));
#11341 = VECTOR('',#11342,1.);
#11342 = DIRECTION('',(0.E+000,0.E+000,1.));
#11343 = PCURVE('',#11275,#11344);
#11344 = DEFINITIONAL_REPRESENTATION('',(#11345),#11349);
#11345 = LINE('',#11346,#11347);
#11346 = CARTESIAN_POINT('',(0.11914554191,0.E+000));
#11347 = VECTOR('',#11348,1.);
#11348 = DIRECTION('',(0.E+000,-1.));
#11349 = ( GEOMETRIC_REPRESENTATION_CONTEXT(2) 
PARAMETRIC_REPRESENTATION_CONTEXT() REPRESENTATION_CONTEXT('2D SPACE',''
  ) );
#11350 = PCURVE('',#10226,#11351);
#11351 = DEFINITIONAL_REPRESENTATION('',(#11352),#11356);
#11352 = LINE('',#11353,#11354);
#11353 = CARTESIAN_POINT('',(0.E+000,0.E+000));
#11354 = VECTOR('',#11355,1.);
#11355 = DIRECTION('',(0.E+000,-1.));
#11356 = ( GEOMETRIC_REPRESENTATION_CONTEXT(2) 
PARAMETRIC_REPRESENTATION_CONTEXT() REPRESENTATION_CONTEXT('2D SPACE',''
  ) );
#11357 = ORIENTED_EDGE('',*,*,#11358,.F.);
#11358 = EDGE_CURVE('',#11260,#11336,#11359,.T.);
#11359 = SURFACE_CURVE('',#11360,(#11364,#11371),.PCURVE_S1.);
#11360 = LINE('',#11361,#11362);
#11361 = CARTESIAN_POINT('',(0.21592032,-0.21592032,0.E+000));
#11362 = VECTOR('',#11363,1.);
#11363 = DIRECTION('',(-0.831462750615,-0.555580502123,0.E+000));
#11364 = PCURVE('',#11275,#11365);
#11365 = DEFINITIONAL_REPRESENTATION('',(#11366),#11370);
#11366 = LINE('',#11367,#11368);
#11367 = CARTESIAN_POINT('',(0.E+000,0.E+000));
#11368 = VECTOR('',#11369,1.);
#11369 = DIRECTION('',(1.,0.E+000));
#11370 = ( GEOMETRIC_REPRESENTATION_CONTEXT(2) 
PARAMETRIC_REPRESENTATION_CONTEXT() REPRESENTATION_CONTEXT('2D SPACE',''
  ) );
#11371 = PCURVE('',#10308,#11372);
#11372 = DEFINITIONAL_REPRESENTATION('',(#11373),#11377);
#11373 = LINE('',#11374,#11375);
#11374 = CARTESIAN_POINT('',(0.21592032,8.943848E-002));
#11375 = VECTOR('',#11376,1.);
#11376 = DIRECTION('',(-0.831462750615,-0.555580502123));
#11377 = ( GEOMETRIC_REPRESENTATION_CONTEXT(2) 
PARAMETRIC_REPRESENTATION_CONTEXT() REPRESENTATION_CONTEXT('2D SPACE',''
  ) );
#11378 = ADVANCED_FACE('',(#11379),#10226,.T.);
#11379 = FACE_BOUND('',#11380,.T.);
#11380 = EDGE_LOOP('',(#11381,#11382,#11403,#11404));
#11381 = ORIENTED_EDGE('',*,*,#11335,.T.);
#11382 = ORIENTED_EDGE('',*,*,#11383,.T.);
#11383 = EDGE_CURVE('',#11313,#10206,#11384,.T.);
#11384 = SURFACE_CURVE('',#11385,(#11389,#11396),.PCURVE_S1.);
#11385 = LINE('',#11386,#11387);
#11386 = CARTESIAN_POINT('',(0.11685524,-0.28211526,0.51000152));
#11387 = VECTOR('',#11388,1.);
#11388 = DIRECTION('',(-0.980785942744,-0.195086992176,0.E+000));
#11389 = PCURVE('',#10226,#11390);
#11390 = DEFINITIONAL_REPRESENTATION('',(#11391),#11395);
#11391 = LINE('',#11392,#11393);
#11392 = CARTESIAN_POINT('',(0.E+000,-0.51000152));
#11393 = VECTOR('',#11394,1.);
#11394 = DIRECTION('',(1.,0.E+000));
#11395 = ( GEOMETRIC_REPRESENTATION_CONTEXT(2) 
PARAMETRIC_REPRESENTATION_CONTEXT() REPRESENTATION_CONTEXT('2D SPACE',''
  ) );
#11396 = PCURVE('',#10254,#11397);
#11397 = DEFINITIONAL_REPRESENTATION('',(#11398),#11402);
#11398 = LINE('',#11399,#11400);
#11399 = CARTESIAN_POINT('',(0.11685524,2.324354E-002));
#11400 = VECTOR('',#11401,1.);
#11401 = DIRECTION('',(-0.980785942744,-0.195086992176));
#11402 = ( GEOMETRIC_REPRESENTATION_CONTEXT(2) 
PARAMETRIC_REPRESENTATION_CONTEXT() REPRESENTATION_CONTEXT('2D SPACE',''
  ) );
#11403 = ORIENTED_EDGE('',*,*,#10203,.F.);
#11404 = ORIENTED_EDGE('',*,*,#11405,.F.);
#11405 = EDGE_CURVE('',#11336,#10204,#11406,.T.);
#11406 = SURFACE_CURVE('',#11407,(#11411,#11418),.PCURVE_S1.);
#11407 = LINE('',#11408,#11409);
#11408 = CARTESIAN_POINT('',(0.11685524,-0.28211526,0.E+000));
#11409 = VECTOR('',#11410,1.);
#11410 = DIRECTION('',(-0.980785942744,-0.195086992176,0.E+000));
#11411 = PCURVE('',#10226,#11412);
#11412 = DEFINITIONAL_REPRESENTATION('',(#11413),#11417);
#11413 = LINE('',#11414,#11415);
#11414 = CARTESIAN_POINT('',(0.E+000,0.E+000));
#11415 = VECTOR('',#11416,1.);
#11416 = DIRECTION('',(1.,0.E+000));
#11417 = ( GEOMETRIC_REPRESENTATION_CONTEXT(2) 
PARAMETRIC_REPRESENTATION_CONTEXT() REPRESENTATION_CONTEXT('2D SPACE',''
  ) );
#11418 = PCURVE('',#10308,#11419);
#11419 = DEFINITIONAL_REPRESENTATION('',(#11420),#11424);
#11420 = LINE('',#11421,#11422);
#11421 = CARTESIAN_POINT('',(0.11685524,2.324354E-002));
#11422 = VECTOR('',#11423,1.);
#11423 = DIRECTION('',(-0.980785942744,-0.195086992176));
#11424 = ( GEOMETRIC_REPRESENTATION_CONTEXT(2) 
PARAMETRIC_REPRESENTATION_CONTEXT() REPRESENTATION_CONTEXT('2D SPACE',''
  ) );
#11425 = ADVANCED_FACE('',(#11426),#10308,.F.);
#11426 = FACE_BOUND('',#11427,.T.);
#11427 = EDGE_LOOP('',(#11428,#11429,#11430,#11431,#11432,#11433,#11434,
    #11435,#11436,#11437,#11438,#11439,#11440,#11441,#11442,#11443));
#11428 = ORIENTED_EDGE('',*,*,#10294,.T.);
#11429 = ORIENTED_EDGE('',*,*,#10375,.T.);
#11430 = ORIENTED_EDGE('',*,*,#10451,.T.);
#11431 = ORIENTED_EDGE('',*,*,#10527,.T.);
#11432 = ORIENTED_EDGE('',*,*,#10603,.T.);
#11433 = ORIENTED_EDGE('',*,*,#10679,.T.);
#11434 = ORIENTED_EDGE('',*,*,#10755,.T.);
#11435 = ORIENTED_EDGE('',*,*,#10831,.T.);
#11436 = ORIENTED_EDGE('',*,*,#10907,.T.);
#11437 = ORIENTED_EDGE('',*,*,#10983,.T.);
#11438 = ORIENTED_EDGE('',*,*,#11059,.T.);
#11439 = ORIENTED_EDGE('',*,*,#11135,.T.);
#11440 = ORIENTED_EDGE('',*,*,#11211,.T.);
#11441 = ORIENTED_EDGE('',*,*,#11287,.T.);
#11442 = ORIENTED_EDGE('',*,*,#11358,.T.);
#11443 = ORIENTED_EDGE('',*,*,#11405,.T.);
#11444 = ADVANCED_FACE('',(#11445),#10254,.T.);
#11445 = FACE_BOUND('',#11446,.F.);
#11446 = EDGE_LOOP('',(#11447,#11448,#11449,#11450,#11451,#11452,#11453,
    #11454,#11455,#11456,#11457,#11458,#11459,#11460,#11461,#11462));
#11447 = ORIENTED_EDGE('',*,*,#10238,.T.);
#11448 = ORIENTED_EDGE('',*,*,#10324,.T.);
#11449 = ORIENTED_EDGE('',*,*,#10400,.T.);
#11450 = ORIENTED_EDGE('',*,*,#10476,.T.);
#11451 = ORIENTED_EDGE('',*,*,#10552,.T.);
#11452 = ORIENTED_EDGE('',*,*,#10628,.T.);
#11453 = ORIENTED_EDGE('',*,*,#10704,.T.);
#11454 = ORIENTED_EDGE('',*,*,#10780,.T.);
#11455 = ORIENTED_EDGE('',*,*,#10856,.T.);
#11456 = ORIENTED_EDGE('',*,*,#10932,.T.);
#11457 = ORIENTED_EDGE('',*,*,#11008,.T.);
#11458 = ORIENTED_EDGE('',*,*,#11084,.T.);
#11459 = ORIENTED_EDGE('',*,*,#11160,.T.);
#11460 = ORIENTED_EDGE('',*,*,#11236,.T.);
#11461 = ORIENTED_EDGE('',*,*,#11312,.T.);
#11462 = ORIENTED_EDGE('',*,*,#11383,.T.);
#11463 = ( GEOMETRIC_REPRESENTATION_CONTEXT(3) 
GLOBAL_UNCERTAINTY_ASSIGNED_CONTEXT((#11467)) 
GLOBAL_UNIT_ASSIGNED_CONTEXT((#11464,#11465,#11466)) 
REPRESENTATION_CONTEXT('Context #1',
  '3D Context with UNIT and UNCERTAINTY') );
#11464 = ( LENGTH_UNIT() NAMED_UNIT(*) SI_UNIT(.MILLI.,.METRE.) );
#11465 = ( NAMED_UNIT(*) PLANE_ANGLE_UNIT() SI_UNIT($,.RADIAN.) );
#11466 = ( NAMED_UNIT(*) SI_UNIT($,.STERADIAN.) SOLID_ANGLE_UNIT() );
#11467 = UNCERTAINTY_MEASURE_WITH_UNIT(LENGTH_MEASURE(1.E-007),#11464,
  'distance_accuracy_value','confusion accuracy');
#11468 = SHAPE_DEFINITION_REPRESENTATION(#11469,#10196);
#11469 = PRODUCT_DEFINITION_SHAPE('','',#11470);
#11470 = PRODUCT_DEFINITION('design','',#11471,#11474);
#11471 = PRODUCT_DEFINITION_FORMATION('','',#11472);
#11472 = PRODUCT('Extruded','Extruded','',(#11473));
#11473 = PRODUCT_CONTEXT('',#2,'mechanical');
#11474 = PRODUCT_DEFINITION_CONTEXT('part definition',#2,'design');
#11475 = CONTEXT_DEPENDENT_SHAPE_REPRESENTATION(#11476,#11478);
#11476 = ( REPRESENTATION_RELATIONSHIP('','',#10196,#10186) 
REPRESENTATION_RELATIONSHIP_WITH_TRANSFORMATION(#11477) 
SHAPE_REPRESENTATION_RELATIONSHIP() );
#11477 = ITEM_DEFINED_TRANSFORMATION('','',#11,#10187);
#11478 = PRODUCT_DEFINITION_SHAPE('Placement','Placement of an item',
  #11479);
#11479 = NEXT_ASSEMBLY_USAGE_OCCURRENCE('68','=>[0:1:1:2]','',#10181,
  #11470,$);
#11480 = PRODUCT_RELATED_PRODUCT_CATEGORY('part',$,(#11472));
#11481 = CONTEXT_DEPENDENT_SHAPE_REPRESENTATION(#11482,#11484);
#11482 = ( REPRESENTATION_RELATIONSHIP('','',#10186,#10165) 
REPRESENTATION_RELATIONSHIP_WITH_TRANSFORMATION(#11483) 
SHAPE_REPRESENTATION_RELATIONSHIP() );
#11483 = ITEM_DEFINED_TRANSFORMATION('','',#11,#10166);
#11484 = PRODUCT_DEFINITION_SHAPE('Placement','Placement of an item',
  #11485);
#11485 = NEXT_ASSEMBLY_USAGE_OCCURRENCE('69','=>[0:1:1:31]','',#10160,
  #10181,$);
#11486 = PRODUCT_RELATED_PRODUCT_CATEGORY('part',$,(#10183));
#11487 = SHAPE_DEFINITION_REPRESENTATION(#11488,#11494);
#11488 = PRODUCT_DEFINITION_SHAPE('','',#11489);
#11489 = PRODUCT_DEFINITION('design','',#11490,#11493);
#11490 = PRODUCT_DEFINITION_FORMATION('','',#11491);
#11491 = PRODUCT('868858896','868858896','',(#11492));
#11492 = PRODUCT_CONTEXT('',#2,'mechanical');
#11493 = PRODUCT_DEFINITION_CONTEXT('part definition',#2,'design');
#11494 = SHAPE_REPRESENTATION('',(#11,#11495),#11499);
#11495 = AXIS2_PLACEMENT_3D('',#11496,#11497,#11498);
#11496 = CARTESIAN_POINT('',(0.E+000,0.E+000,0.E+000));
#11497 = DIRECTION('',(0.E+000,0.E+000,1.));
#11498 = DIRECTION('',(1.,0.E+000,0.E+000));
#11499 = ( GEOMETRIC_REPRESENTATION_CONTEXT(3) 
GLOBAL_UNCERTAINTY_ASSIGNED_CONTEXT((#11503)) 
GLOBAL_UNIT_ASSIGNED_CONTEXT((#11500,#11501,#11502)) 
REPRESENTATION_CONTEXT('Context #1',
  '3D Context with UNIT and UNCERTAINTY') );
#11500 = ( LENGTH_UNIT() NAMED_UNIT(*) SI_UNIT(.MILLI.,.METRE.) );
#11501 = ( NAMED_UNIT(*) PLANE_ANGLE_UNIT() SI_UNIT($,.RADIAN.) );
#11502 = ( NAMED_UNIT(*) SI_UNIT($,.STERADIAN.) SOLID_ANGLE_UNIT() );
#11503 = UNCERTAINTY_MEASURE_WITH_UNIT(LENGTH_MEASURE(1.E-007),#11500,
  'distance_accuracy_value','confusion accuracy');
#11504 = ADVANCED_BREP_SHAPE_REPRESENTATION('',(#11,#11505),#11835);
#11505 = MANIFOLD_SOLID_BREP('',#11506);
#11506 = CLOSED_SHELL('',(#11507,#11627,#11703,#11774,#11821,#11828));
#11507 = ADVANCED_FACE('',(#11508),#11522,.T.);
#11508 = FACE_BOUND('',#11509,.T.);
#11509 = EDGE_LOOP('',(#11510,#11545,#11573,#11601));
#11510 = ORIENTED_EDGE('',*,*,#11511,.T.);
#11511 = EDGE_CURVE('',#11512,#11514,#11516,.T.);
#11512 = VERTEX_POINT('',#11513);
#11513 = CARTESIAN_POINT('',(-1.82500016,2.3250017,0.E+000));
#11514 = VERTEX_POINT('',#11515);
#11515 = CARTESIAN_POINT('',(-1.82500016,2.3250017,1.00000054));
#11516 = SURFACE_CURVE('',#11517,(#11521,#11533),.PCURVE_S1.);
#11517 = LINE('',#11518,#11519);
#11518 = CARTESIAN_POINT('',(-1.82500016,2.3250017,0.E+000));
#11519 = VECTOR('',#11520,1.);
#11520 = DIRECTION('',(0.E+000,0.E+000,1.));
#11521 = PCURVE('',#11522,#11527);
#11522 = PLANE('',#11523);
#11523 = AXIS2_PLACEMENT_3D('',#11524,#11525,#11526);
#11524 = CARTESIAN_POINT('',(-1.82500016,2.3250017,0.E+000));
#11525 = DIRECTION('',(0.E+000,1.,0.E+000));
#11526 = DIRECTION('',(1.,0.E+000,0.E+000));
#11527 = DEFINITIONAL_REPRESENTATION('',(#11528),#11532);
#11528 = LINE('',#11529,#11530);
#11529 = CARTESIAN_POINT('',(0.E+000,0.E+000));
#11530 = VECTOR('',#11531,1.);
#11531 = DIRECTION('',(0.E+000,-1.));
#11532 = ( GEOMETRIC_REPRESENTATION_CONTEXT(2) 
PARAMETRIC_REPRESENTATION_CONTEXT() REPRESENTATION_CONTEXT('2D SPACE',''
  ) );
#11533 = PCURVE('',#11534,#11539);
#11534 = PLANE('',#11535);
#11535 = AXIS2_PLACEMENT_3D('',#11536,#11537,#11538);
#11536 = CARTESIAN_POINT('',(-1.82500016,-2.32499916,0.E+000));
#11537 = DIRECTION('',(-1.,0.E+000,0.E+000));
#11538 = DIRECTION('',(0.E+000,1.,0.E+000));
#11539 = DEFINITIONAL_REPRESENTATION('',(#11540),#11544);
#11540 = LINE('',#11541,#11542);
#11541 = CARTESIAN_POINT('',(4.65000086,0.E+000));
#11542 = VECTOR('',#11543,1.);
#11543 = DIRECTION('',(0.E+000,-1.));
#11544 = ( GEOMETRIC_REPRESENTATION_CONTEXT(2) 
PARAMETRIC_REPRESENTATION_CONTEXT() REPRESENTATION_CONTEXT('2D SPACE',''
  ) );
#11545 = ORIENTED_EDGE('',*,*,#11546,.T.);
#11546 = EDGE_CURVE('',#11514,#11547,#11549,.T.);
#11547 = VERTEX_POINT('',#11548);
#11548 = CARTESIAN_POINT('',(1.82500016,2.3250017,1.00000054));
#11549 = SURFACE_CURVE('',#11550,(#11554,#11561),.PCURVE_S1.);
#11550 = LINE('',#11551,#11552);
#11551 = CARTESIAN_POINT('',(-1.82500016,2.3250017,1.00000054));
#11552 = VECTOR('',#11553,1.);
#11553 = DIRECTION('',(1.,0.E+000,0.E+000));
#11554 = PCURVE('',#11522,#11555);
#11555 = DEFINITIONAL_REPRESENTATION('',(#11556),#11560);
#11556 = LINE('',#11557,#11558);
#11557 = CARTESIAN_POINT('',(0.E+000,-1.00000054));
#11558 = VECTOR('',#11559,1.);
#11559 = DIRECTION('',(1.,0.E+000));
#11560 = ( GEOMETRIC_REPRESENTATION_CONTEXT(2) 
PARAMETRIC_REPRESENTATION_CONTEXT() REPRESENTATION_CONTEXT('2D SPACE',''
  ) );
#11561 = PCURVE('',#11562,#11567);
#11562 = PLANE('',#11563);
#11563 = AXIS2_PLACEMENT_3D('',#11564,#11565,#11566);
#11564 = CARTESIAN_POINT('',(-1.82500016,2.3250017,1.00000054));
#11565 = DIRECTION('',(-0.E+000,0.E+000,1.));
#11566 = DIRECTION('',(1.,0.E+000,0.E+000));
#11567 = DEFINITIONAL_REPRESENTATION('',(#11568),#11572);
#11568 = LINE('',#11569,#11570);
#11569 = CARTESIAN_POINT('',(0.E+000,0.E+000));
#11570 = VECTOR('',#11571,1.);
#11571 = DIRECTION('',(1.,0.E+000));
#11572 = ( GEOMETRIC_REPRESENTATION_CONTEXT(2) 
PARAMETRIC_REPRESENTATION_CONTEXT() REPRESENTATION_CONTEXT('2D SPACE',''
  ) );
#11573 = ORIENTED_EDGE('',*,*,#11574,.F.);
#11574 = EDGE_CURVE('',#11575,#11547,#11577,.T.);
#11575 = VERTEX_POINT('',#11576);
#11576 = CARTESIAN_POINT('',(1.82500016,2.3250017,0.E+000));
#11577 = SURFACE_CURVE('',#11578,(#11582,#11589),.PCURVE_S1.);
#11578 = LINE('',#11579,#11580);
#11579 = CARTESIAN_POINT('',(1.82500016,2.3250017,0.E+000));
#11580 = VECTOR('',#11581,1.);
#11581 = DIRECTION('',(0.E+000,0.E+000,1.));
#11582 = PCURVE('',#11522,#11583);
#11583 = DEFINITIONAL_REPRESENTATION('',(#11584),#11588);
#11584 = LINE('',#11585,#11586);
#11585 = CARTESIAN_POINT('',(3.65000032,0.E+000));
#11586 = VECTOR('',#11587,1.);
#11587 = DIRECTION('',(0.E+000,-1.));
#11588 = ( GEOMETRIC_REPRESENTATION_CONTEXT(2) 
PARAMETRIC_REPRESENTATION_CONTEXT() REPRESENTATION_CONTEXT('2D SPACE',''
  ) );
#11589 = PCURVE('',#11590,#11595);
#11590 = PLANE('',#11591);
#11591 = AXIS2_PLACEMENT_3D('',#11592,#11593,#11594);
#11592 = CARTESIAN_POINT('',(1.82500016,2.3250017,0.E+000));
#11593 = DIRECTION('',(1.,0.E+000,-0.E+000));
#11594 = DIRECTION('',(0.E+000,-1.,0.E+000));
#11595 = DEFINITIONAL_REPRESENTATION('',(#11596),#11600);
#11596 = LINE('',#11597,#11598);
#11597 = CARTESIAN_POINT('',(0.E+000,0.E+000));
#11598 = VECTOR('',#11599,1.);
#11599 = DIRECTION('',(0.E+000,-1.));
#11600 = ( GEOMETRIC_REPRESENTATION_CONTEXT(2) 
PARAMETRIC_REPRESENTATION_CONTEXT() REPRESENTATION_CONTEXT('2D SPACE',''
  ) );
#11601 = ORIENTED_EDGE('',*,*,#11602,.F.);
#11602 = EDGE_CURVE('',#11512,#11575,#11603,.T.);
#11603 = SURFACE_CURVE('',#11604,(#11608,#11615),.PCURVE_S1.);
#11604 = LINE('',#11605,#11606);
#11605 = CARTESIAN_POINT('',(-1.82500016,2.3250017,0.E+000));
#11606 = VECTOR('',#11607,1.);
#11607 = DIRECTION('',(1.,0.E+000,0.E+000));
#11608 = PCURVE('',#11522,#11609);
#11609 = DEFINITIONAL_REPRESENTATION('',(#11610),#11614);
#11610 = LINE('',#11611,#11612);
#11611 = CARTESIAN_POINT('',(0.E+000,0.E+000));
#11612 = VECTOR('',#11613,1.);
#11613 = DIRECTION('',(1.,0.E+000));
#11614 = ( GEOMETRIC_REPRESENTATION_CONTEXT(2) 
PARAMETRIC_REPRESENTATION_CONTEXT() REPRESENTATION_CONTEXT('2D SPACE',''
  ) );
#11615 = PCURVE('',#11616,#11621);
#11616 = PLANE('',#11617);
#11617 = AXIS2_PLACEMENT_3D('',#11618,#11619,#11620);
#11618 = CARTESIAN_POINT('',(-1.82500016,2.3250017,0.E+000));
#11619 = DIRECTION('',(-0.E+000,0.E+000,1.));
#11620 = DIRECTION('',(1.,0.E+000,0.E+000));
#11621 = DEFINITIONAL_REPRESENTATION('',(#11622),#11626);
#11622 = LINE('',#11623,#11624);
#11623 = CARTESIAN_POINT('',(0.E+000,0.E+000));
#11624 = VECTOR('',#11625,1.);
#11625 = DIRECTION('',(1.,0.E+000));
#11626 = ( GEOMETRIC_REPRESENTATION_CONTEXT(2) 
PARAMETRIC_REPRESENTATION_CONTEXT() REPRESENTATION_CONTEXT('2D SPACE',''
  ) );
#11627 = ADVANCED_FACE('',(#11628),#11590,.T.);
#11628 = FACE_BOUND('',#11629,.T.);
#11629 = EDGE_LOOP('',(#11630,#11631,#11654,#11682));
#11630 = ORIENTED_EDGE('',*,*,#11574,.T.);
#11631 = ORIENTED_EDGE('',*,*,#11632,.T.);
#11632 = EDGE_CURVE('',#11547,#11633,#11635,.T.);
#11633 = VERTEX_POINT('',#11634);
#11634 = CARTESIAN_POINT('',(1.82500016,-2.32499916,1.00000054));
#11635 = SURFACE_CURVE('',#11636,(#11640,#11647),.PCURVE_S1.);
#11636 = LINE('',#11637,#11638);
#11637 = CARTESIAN_POINT('',(1.82500016,2.3250017,1.00000054));
#11638 = VECTOR('',#11639,1.);
#11639 = DIRECTION('',(0.E+000,-1.,0.E+000));
#11640 = PCURVE('',#11590,#11641);
#11641 = DEFINITIONAL_REPRESENTATION('',(#11642),#11646);
#11642 = LINE('',#11643,#11644);
#11643 = CARTESIAN_POINT('',(0.E+000,-1.00000054));
#11644 = VECTOR('',#11645,1.);
#11645 = DIRECTION('',(1.,0.E+000));
#11646 = ( GEOMETRIC_REPRESENTATION_CONTEXT(2) 
PARAMETRIC_REPRESENTATION_CONTEXT() REPRESENTATION_CONTEXT('2D SPACE',''
  ) );
#11647 = PCURVE('',#11562,#11648);
#11648 = DEFINITIONAL_REPRESENTATION('',(#11649),#11653);
#11649 = LINE('',#11650,#11651);
#11650 = CARTESIAN_POINT('',(3.65000032,0.E+000));
#11651 = VECTOR('',#11652,1.);
#11652 = DIRECTION('',(0.E+000,-1.));
#11653 = ( GEOMETRIC_REPRESENTATION_CONTEXT(2) 
PARAMETRIC_REPRESENTATION_CONTEXT() REPRESENTATION_CONTEXT('2D SPACE',''
  ) );
#11654 = ORIENTED_EDGE('',*,*,#11655,.F.);
#11655 = EDGE_CURVE('',#11656,#11633,#11658,.T.);
#11656 = VERTEX_POINT('',#11657);
#11657 = CARTESIAN_POINT('',(1.82500016,-2.32499916,0.E+000));
#11658 = SURFACE_CURVE('',#11659,(#11663,#11670),.PCURVE_S1.);
#11659 = LINE('',#11660,#11661);
#11660 = CARTESIAN_POINT('',(1.82500016,-2.32499916,0.E+000));
#11661 = VECTOR('',#11662,1.);
#11662 = DIRECTION('',(0.E+000,0.E+000,1.));
#11663 = PCURVE('',#11590,#11664);
#11664 = DEFINITIONAL_REPRESENTATION('',(#11665),#11669);
#11665 = LINE('',#11666,#11667);
#11666 = CARTESIAN_POINT('',(4.65000086,0.E+000));
#11667 = VECTOR('',#11668,1.);
#11668 = DIRECTION('',(0.E+000,-1.));
#11669 = ( GEOMETRIC_REPRESENTATION_CONTEXT(2) 
PARAMETRIC_REPRESENTATION_CONTEXT() REPRESENTATION_CONTEXT('2D SPACE',''
  ) );
#11670 = PCURVE('',#11671,#11676);
#11671 = PLANE('',#11672);
#11672 = AXIS2_PLACEMENT_3D('',#11673,#11674,#11675);
#11673 = CARTESIAN_POINT('',(1.82500016,-2.32499916,0.E+000));
#11674 = DIRECTION('',(0.E+000,-1.,0.E+000));
#11675 = DIRECTION('',(-1.,0.E+000,0.E+000));
#11676 = DEFINITIONAL_REPRESENTATION('',(#11677),#11681);
#11677 = LINE('',#11678,#11679);
#11678 = CARTESIAN_POINT('',(0.E+000,-0.E+000));
#11679 = VECTOR('',#11680,1.);
#11680 = DIRECTION('',(0.E+000,-1.));
#11681 = ( GEOMETRIC_REPRESENTATION_CONTEXT(2) 
PARAMETRIC_REPRESENTATION_CONTEXT() REPRESENTATION_CONTEXT('2D SPACE',''
  ) );
#11682 = ORIENTED_EDGE('',*,*,#11683,.F.);
#11683 = EDGE_CURVE('',#11575,#11656,#11684,.T.);
#11684 = SURFACE_CURVE('',#11685,(#11689,#11696),.PCURVE_S1.);
#11685 = LINE('',#11686,#11687);
#11686 = CARTESIAN_POINT('',(1.82500016,2.3250017,0.E+000));
#11687 = VECTOR('',#11688,1.);
#11688 = DIRECTION('',(0.E+000,-1.,0.E+000));
#11689 = PCURVE('',#11590,#11690);
#11690 = DEFINITIONAL_REPRESENTATION('',(#11691),#11695);
#11691 = LINE('',#11692,#11693);
#11692 = CARTESIAN_POINT('',(0.E+000,0.E+000));
#11693 = VECTOR('',#11694,1.);
#11694 = DIRECTION('',(1.,0.E+000));
#11695 = ( GEOMETRIC_REPRESENTATION_CONTEXT(2) 
PARAMETRIC_REPRESENTATION_CONTEXT() REPRESENTATION_CONTEXT('2D SPACE',''
  ) );
#11696 = PCURVE('',#11616,#11697);
#11697 = DEFINITIONAL_REPRESENTATION('',(#11698),#11702);
#11698 = LINE('',#11699,#11700);
#11699 = CARTESIAN_POINT('',(3.65000032,0.E+000));
#11700 = VECTOR('',#11701,1.);
#11701 = DIRECTION('',(0.E+000,-1.));
#11702 = ( GEOMETRIC_REPRESENTATION_CONTEXT(2) 
PARAMETRIC_REPRESENTATION_CONTEXT() REPRESENTATION_CONTEXT('2D SPACE',''
  ) );
#11703 = ADVANCED_FACE('',(#11704),#11671,.T.);
#11704 = FACE_BOUND('',#11705,.T.);
#11705 = EDGE_LOOP('',(#11706,#11707,#11730,#11753));
#11706 = ORIENTED_EDGE('',*,*,#11655,.T.);
#11707 = ORIENTED_EDGE('',*,*,#11708,.T.);
#11708 = EDGE_CURVE('',#11633,#11709,#11711,.T.);
#11709 = VERTEX_POINT('',#11710);
#11710 = CARTESIAN_POINT('',(-1.82500016,-2.32499916,1.00000054));
#11711 = SURFACE_CURVE('',#11712,(#11716,#11723),.PCURVE_S1.);
#11712 = LINE('',#11713,#11714);
#11713 = CARTESIAN_POINT('',(1.82500016,-2.32499916,1.00000054));
#11714 = VECTOR('',#11715,1.);
#11715 = DIRECTION('',(-1.,0.E+000,0.E+000));
#11716 = PCURVE('',#11671,#11717);
#11717 = DEFINITIONAL_REPRESENTATION('',(#11718),#11722);
#11718 = LINE('',#11719,#11720);
#11719 = CARTESIAN_POINT('',(0.E+000,-1.00000054));
#11720 = VECTOR('',#11721,1.);
#11721 = DIRECTION('',(1.,0.E+000));
#11722 = ( GEOMETRIC_REPRESENTATION_CONTEXT(2) 
PARAMETRIC_REPRESENTATION_CONTEXT() REPRESENTATION_CONTEXT('2D SPACE',''
  ) );
#11723 = PCURVE('',#11562,#11724);
#11724 = DEFINITIONAL_REPRESENTATION('',(#11725),#11729);
#11725 = LINE('',#11726,#11727);
#11726 = CARTESIAN_POINT('',(3.65000032,-4.65000086));
#11727 = VECTOR('',#11728,1.);
#11728 = DIRECTION('',(-1.,0.E+000));
#11729 = ( GEOMETRIC_REPRESENTATION_CONTEXT(2) 
PARAMETRIC_REPRESENTATION_CONTEXT() REPRESENTATION_CONTEXT('2D SPACE',''
  ) );
#11730 = ORIENTED_EDGE('',*,*,#11731,.F.);
#11731 = EDGE_CURVE('',#11732,#11709,#11734,.T.);
#11732 = VERTEX_POINT('',#11733);
#11733 = CARTESIAN_POINT('',(-1.82500016,-2.32499916,0.E+000));
#11734 = SURFACE_CURVE('',#11735,(#11739,#11746),.PCURVE_S1.);
#11735 = LINE('',#11736,#11737);
#11736 = CARTESIAN_POINT('',(-1.82500016,-2.32499916,0.E+000));
#11737 = VECTOR('',#11738,1.);
#11738 = DIRECTION('',(0.E+000,0.E+000,1.));
#11739 = PCURVE('',#11671,#11740);
#11740 = DEFINITIONAL_REPRESENTATION('',(#11741),#11745);
#11741 = LINE('',#11742,#11743);
#11742 = CARTESIAN_POINT('',(3.65000032,0.E+000));
#11743 = VECTOR('',#11744,1.);
#11744 = DIRECTION('',(0.E+000,-1.));
#11745 = ( GEOMETRIC_REPRESENTATION_CONTEXT(2) 
PARAMETRIC_REPRESENTATION_CONTEXT() REPRESENTATION_CONTEXT('2D SPACE',''
  ) );
#11746 = PCURVE('',#11534,#11747);
#11747 = DEFINITIONAL_REPRESENTATION('',(#11748),#11752);
#11748 = LINE('',#11749,#11750);
#11749 = CARTESIAN_POINT('',(0.E+000,0.E+000));
#11750 = VECTOR('',#11751,1.);
#11751 = DIRECTION('',(0.E+000,-1.));
#11752 = ( GEOMETRIC_REPRESENTATION_CONTEXT(2) 
PARAMETRIC_REPRESENTATION_CONTEXT() REPRESENTATION_CONTEXT('2D SPACE',''
  ) );
#11753 = ORIENTED_EDGE('',*,*,#11754,.F.);
#11754 = EDGE_CURVE('',#11656,#11732,#11755,.T.);
#11755 = SURFACE_CURVE('',#11756,(#11760,#11767),.PCURVE_S1.);
#11756 = LINE('',#11757,#11758);
#11757 = CARTESIAN_POINT('',(1.82500016,-2.32499916,0.E+000));
#11758 = VECTOR('',#11759,1.);
#11759 = DIRECTION('',(-1.,0.E+000,0.E+000));
#11760 = PCURVE('',#11671,#11761);
#11761 = DEFINITIONAL_REPRESENTATION('',(#11762),#11766);
#11762 = LINE('',#11763,#11764);
#11763 = CARTESIAN_POINT('',(0.E+000,-0.E+000));
#11764 = VECTOR('',#11765,1.);
#11765 = DIRECTION('',(1.,0.E+000));
#11766 = ( GEOMETRIC_REPRESENTATION_CONTEXT(2) 
PARAMETRIC_REPRESENTATION_CONTEXT() REPRESENTATION_CONTEXT('2D SPACE',''
  ) );
#11767 = PCURVE('',#11616,#11768);
#11768 = DEFINITIONAL_REPRESENTATION('',(#11769),#11773);
#11769 = LINE('',#11770,#11771);
#11770 = CARTESIAN_POINT('',(3.65000032,-4.65000086));
#11771 = VECTOR('',#11772,1.);
#11772 = DIRECTION('',(-1.,0.E+000));
#11773 = ( GEOMETRIC_REPRESENTATION_CONTEXT(2) 
PARAMETRIC_REPRESENTATION_CONTEXT() REPRESENTATION_CONTEXT('2D SPACE',''
  ) );
#11774 = ADVANCED_FACE('',(#11775),#11534,.T.);
#11775 = FACE_BOUND('',#11776,.T.);
#11776 = EDGE_LOOP('',(#11777,#11778,#11799,#11800));
#11777 = ORIENTED_EDGE('',*,*,#11731,.T.);
#11778 = ORIENTED_EDGE('',*,*,#11779,.T.);
#11779 = EDGE_CURVE('',#11709,#11514,#11780,.T.);
#11780 = SURFACE_CURVE('',#11781,(#11785,#11792),.PCURVE_S1.);
#11781 = LINE('',#11782,#11783);
#11782 = CARTESIAN_POINT('',(-1.82500016,-2.32499916,1.00000054));
#11783 = VECTOR('',#11784,1.);
#11784 = DIRECTION('',(0.E+000,1.,0.E+000));
#11785 = PCURVE('',#11534,#11786);
#11786 = DEFINITIONAL_REPRESENTATION('',(#11787),#11791);
#11787 = LINE('',#11788,#11789);
#11788 = CARTESIAN_POINT('',(0.E+000,-1.00000054));
#11789 = VECTOR('',#11790,1.);
#11790 = DIRECTION('',(1.,0.E+000));
#11791 = ( GEOMETRIC_REPRESENTATION_CONTEXT(2) 
PARAMETRIC_REPRESENTATION_CONTEXT() REPRESENTATION_CONTEXT('2D SPACE',''
  ) );
#11792 = PCURVE('',#11562,#11793);
#11793 = DEFINITIONAL_REPRESENTATION('',(#11794),#11798);
#11794 = LINE('',#11795,#11796);
#11795 = CARTESIAN_POINT('',(0.E+000,-4.65000086));
#11796 = VECTOR('',#11797,1.);
#11797 = DIRECTION('',(0.E+000,1.));
#11798 = ( GEOMETRIC_REPRESENTATION_CONTEXT(2) 
PARAMETRIC_REPRESENTATION_CONTEXT() REPRESENTATION_CONTEXT('2D SPACE',''
  ) );
#11799 = ORIENTED_EDGE('',*,*,#11511,.F.);
#11800 = ORIENTED_EDGE('',*,*,#11801,.F.);
#11801 = EDGE_CURVE('',#11732,#11512,#11802,.T.);
#11802 = SURFACE_CURVE('',#11803,(#11807,#11814),.PCURVE_S1.);
#11803 = LINE('',#11804,#11805);
#11804 = CARTESIAN_POINT('',(-1.82500016,-2.32499916,0.E+000));
#11805 = VECTOR('',#11806,1.);
#11806 = DIRECTION('',(0.E+000,1.,0.E+000));
#11807 = PCURVE('',#11534,#11808);
#11808 = DEFINITIONAL_REPRESENTATION('',(#11809),#11813);
#11809 = LINE('',#11810,#11811);
#11810 = CARTESIAN_POINT('',(0.E+000,0.E+000));
#11811 = VECTOR('',#11812,1.);
#11812 = DIRECTION('',(1.,0.E+000));
#11813 = ( GEOMETRIC_REPRESENTATION_CONTEXT(2) 
PARAMETRIC_REPRESENTATION_CONTEXT() REPRESENTATION_CONTEXT('2D SPACE',''
  ) );
#11814 = PCURVE('',#11616,#11815);
#11815 = DEFINITIONAL_REPRESENTATION('',(#11816),#11820);
#11816 = LINE('',#11817,#11818);
#11817 = CARTESIAN_POINT('',(0.E+000,-4.65000086));
#11818 = VECTOR('',#11819,1.);
#11819 = DIRECTION('',(0.E+000,1.));
#11820 = ( GEOMETRIC_REPRESENTATION_CONTEXT(2) 
PARAMETRIC_REPRESENTATION_CONTEXT() REPRESENTATION_CONTEXT('2D SPACE',''
  ) );
#11821 = ADVANCED_FACE('',(#11822),#11616,.F.);
#11822 = FACE_BOUND('',#11823,.T.);
#11823 = EDGE_LOOP('',(#11824,#11825,#11826,#11827));
#11824 = ORIENTED_EDGE('',*,*,#11602,.T.);
#11825 = ORIENTED_EDGE('',*,*,#11683,.T.);
#11826 = ORIENTED_EDGE('',*,*,#11754,.T.);
#11827 = ORIENTED_EDGE('',*,*,#11801,.T.);
#11828 = ADVANCED_FACE('',(#11829),#11562,.T.);
#11829 = FACE_BOUND('',#11830,.F.);
#11830 = EDGE_LOOP('',(#11831,#11832,#11833,#11834));
#11831 = ORIENTED_EDGE('',*,*,#11546,.T.);
#11832 = ORIENTED_EDGE('',*,*,#11632,.T.);
#11833 = ORIENTED_EDGE('',*,*,#11708,.T.);
#11834 = ORIENTED_EDGE('',*,*,#11779,.T.);
#11835 = ( GEOMETRIC_REPRESENTATION_CONTEXT(3) 
GLOBAL_UNCERTAINTY_ASSIGNED_CONTEXT((#11839)) 
GLOBAL_UNIT_ASSIGNED_CONTEXT((#11836,#11837,#11838)) 
REPRESENTATION_CONTEXT('Context #1',
  '3D Context with UNIT and UNCERTAINTY') );
#11836 = ( LENGTH_UNIT() NAMED_UNIT(*) SI_UNIT(.MILLI.,.METRE.) );
#11837 = ( NAMED_UNIT(*) PLANE_ANGLE_UNIT() SI_UNIT($,.RADIAN.) );
#11838 = ( NAMED_UNIT(*) SI_UNIT($,.STERADIAN.) SOLID_ANGLE_UNIT() );
#11839 = UNCERTAINTY_MEASURE_WITH_UNIT(LENGTH_MEASURE(1.E-007),#11836,
  'distance_accuracy_value','confusion accuracy');
#11840 = SHAPE_DEFINITION_REPRESENTATION(#11841,#11504);
#11841 = PRODUCT_DEFINITION_SHAPE('','',#11842);
#11842 = PRODUCT_DEFINITION('design','',#11843,#11846);
#11843 = PRODUCT_DEFINITION_FORMATION('','',#11844);
#11844 = PRODUCT('Extruded','Extruded','',(#11845));
#11845 = PRODUCT_CONTEXT('',#2,'mechanical');
#11846 = PRODUCT_DEFINITION_CONTEXT('part definition',#2,'design');
#11847 = CONTEXT_DEPENDENT_SHAPE_REPRESENTATION(#11848,#11850);
#11848 = ( REPRESENTATION_RELATIONSHIP('','',#11504,#11494) 
REPRESENTATION_RELATIONSHIP_WITH_TRANSFORMATION(#11849) 
SHAPE_REPRESENTATION_RELATIONSHIP() );
#11849 = ITEM_DEFINED_TRANSFORMATION('','',#11,#11495);
#11850 = PRODUCT_DEFINITION_SHAPE('Placement','Placement of an item',
  #11851);
#11851 = NEXT_ASSEMBLY_USAGE_OCCURRENCE('70','=>[0:1:1:2]','',#11489,
  #11842,$);
#11852 = PRODUCT_RELATED_PRODUCT_CATEGORY('part',$,(#11844));
#11853 = CONTEXT_DEPENDENT_SHAPE_REPRESENTATION(#11854,#11856);
#11854 = ( REPRESENTATION_RELATIONSHIP('','',#11494,#10165) 
REPRESENTATION_RELATIONSHIP_WITH_TRANSFORMATION(#11855) 
SHAPE_REPRESENTATION_RELATIONSHIP() );
#11855 = ITEM_DEFINED_TRANSFORMATION('','',#11,#10170);
#11856 = PRODUCT_DEFINITION_SHAPE('Placement','Placement of an item',
  #11857);
#11857 = NEXT_ASSEMBLY_USAGE_OCCURRENCE('71','=>[0:1:1:33]','',#10160,
  #11489,$);
#11858 = PRODUCT_RELATED_PRODUCT_CATEGORY('part',$,(#11491));
#11859 = CONTEXT_DEPENDENT_SHAPE_REPRESENTATION(#11860,#11862);
#11860 = ( REPRESENTATION_RELATIONSHIP('','',#10165,#10) 
REPRESENTATION_RELATIONSHIP_WITH_TRANSFORMATION(#11861) 
SHAPE_REPRESENTATION_RELATIONSHIP() );
#11861 = ITEM_DEFINED_TRANSFORMATION('','',#11,#79);
#11862 = PRODUCT_DEFINITION_SHAPE('Placement','Placement of an item',
  #11863);
#11863 = NEXT_ASSEMBLY_USAGE_OCCURRENCE('72','=>[0:1:1:30]','',#5,#10160
  ,$);
#11864 = PRODUCT_RELATED_PRODUCT_CATEGORY('part',$,(#10162));
#11865 = SHAPE_DEFINITION_REPRESENTATION(#11866,#11872);
#11866 = PRODUCT_DEFINITION_SHAPE('','',#11867);
#11867 = PRODUCT_DEFINITION('design','',#11868,#11871);
#11868 = PRODUCT_DEFINITION_FORMATION('','',#11869);
#11869 = PRODUCT('C14','C14','',(#11870));
#11870 = PRODUCT_CONTEXT('',#2,'mechanical');
#11871 = PRODUCT_DEFINITION_CONTEXT('part definition',#2,'design');
#11872 = SHAPE_REPRESENTATION('',(#11,#11873,#11877,#11881),#11885);
#11873 = AXIS2_PLACEMENT_3D('',#11874,#11875,#11876);
#11874 = CARTESIAN_POINT('',(44.516344859766,18.668991063896,
    -0.861478745937));
#11875 = DIRECTION('',(0.E+000,0.E+000,1.));
#11876 = DIRECTION('',(1.,0.E+000,0.E+000));
#11877 = AXIS2_PLACEMENT_3D('',#11878,#11879,#11880);
#11878 = CARTESIAN_POINT('',(45.202158763574,18.668991063896,
    -0.871478736401));
#11879 = DIRECTION('',(0.E+000,0.E+000,1.));
#11880 = DIRECTION('',(1.,0.E+000,0.E+000));
#11881 = AXIS2_PLACEMENT_3D('',#11882,#11883,#11884);
#11882 = CARTESIAN_POINT('',(43.830599620508,18.668991063896,
    -0.871478736401));
#11883 = DIRECTION('',(0.E+000,0.E+000,1.));
#11884 = DIRECTION('',(1.,0.E+000,0.E+000));
#11885 = ( GEOMETRIC_REPRESENTATION_CONTEXT(3) 
GLOBAL_UNCERTAINTY_ASSIGNED_CONTEXT((#11889)) 
GLOBAL_UNIT_ASSIGNED_CONTEXT((#11886,#11887,#11888)) 
REPRESENTATION_CONTEXT('Context #1',
  '3D Context with UNIT and UNCERTAINTY') );
#11886 = ( LENGTH_UNIT() NAMED_UNIT(*) SI_UNIT(.MILLI.,.METRE.) );
#11887 = ( NAMED_UNIT(*) PLANE_ANGLE_UNIT() SI_UNIT($,.RADIAN.) );
#11888 = ( NAMED_UNIT(*) SI_UNIT($,.STERADIAN.) SOLID_ANGLE_UNIT() );
#11889 = UNCERTAINTY_MEASURE_WITH_UNIT(LENGTH_MEASURE(1.E-007),#11886,
  'distance_accuracy_value','confusion accuracy');
#11890 = CONTEXT_DEPENDENT_SHAPE_REPRESENTATION(#11891,#11893);
#11891 = ( REPRESENTATION_RELATIONSHIP('','',#8996,#11872) 
REPRESENTATION_RELATIONSHIP_WITH_TRANSFORMATION(#11892) 
SHAPE_REPRESENTATION_RELATIONSHIP() );
#11892 = ITEM_DEFINED_TRANSFORMATION('','',#11,#11873);
#11893 = PRODUCT_DEFINITION_SHAPE('Placement','Placement of an item',
  #11894);
#11894 = NEXT_ASSEMBLY_USAGE_OCCURRENCE('73','=>[0:1:1:17]','',#11867,
  #8991,$);
#11895 = CONTEXT_DEPENDENT_SHAPE_REPRESENTATION(#11896,#11898);
#11896 = ( REPRESENTATION_RELATIONSHIP('','',#9368,#11872) 
REPRESENTATION_RELATIONSHIP_WITH_TRANSFORMATION(#11897) 
SHAPE_REPRESENTATION_RELATIONSHIP() );
#11897 = ITEM_DEFINED_TRANSFORMATION('','',#11,#11877);
#11898 = PRODUCT_DEFINITION_SHAPE('Placement','Placement of an item',
  #11899);
#11899 = NEXT_ASSEMBLY_USAGE_OCCURRENCE('74','=>[0:1:1:19]','',#11867,
  #9363,$);
#11900 = CONTEXT_DEPENDENT_SHAPE_REPRESENTATION(#11901,#11903);
#11901 = ( REPRESENTATION_RELATIONSHIP('','',#9368,#11872) 
REPRESENTATION_RELATIONSHIP_WITH_TRANSFORMATION(#11902) 
SHAPE_REPRESENTATION_RELATIONSHIP() );
#11902 = ITEM_DEFINED_TRANSFORMATION('','',#11,#11881);
#11903 = PRODUCT_DEFINITION_SHAPE('Placement','Placement of an item',
  #11904);
#11904 = NEXT_ASSEMBLY_USAGE_OCCURRENCE('75','=>[0:1:1:19]','',#11867,
  #9363,$);
#11905 = CONTEXT_DEPENDENT_SHAPE_REPRESENTATION(#11906,#11908);
#11906 = ( REPRESENTATION_RELATIONSHIP('','',#11872,#10) 
REPRESENTATION_RELATIONSHIP_WITH_TRANSFORMATION(#11907) 
SHAPE_REPRESENTATION_RELATIONSHIP() );
#11907 = ITEM_DEFINED_TRANSFORMATION('','',#11,#83);
#11908 = PRODUCT_DEFINITION_SHAPE('Placement','Placement of an item',
  #11909);
#11909 = NEXT_ASSEMBLY_USAGE_OCCURRENCE('76','=>[0:1:1:35]','',#5,#11867
  ,$);
#11910 = PRODUCT_RELATED_PRODUCT_CATEGORY('part',$,(#11869));
#11911 = SHAPE_DEFINITION_REPRESENTATION(#11912,#11918);
#11912 = PRODUCT_DEFINITION_SHAPE('','',#11913);
#11913 = PRODUCT_DEFINITION('design','',#11914,#11917);
#11914 = PRODUCT_DEFINITION_FORMATION('','',#11915);
#11915 = PRODUCT('C1','C1','',(#11916));
#11916 = PRODUCT_CONTEXT('',#2,'mechanical');
#11917 = PRODUCT_DEFINITION_CONTEXT('part definition',#2,'design');
#11918 = SHAPE_REPRESENTATION('',(#11,#11919,#11923,#11927),#11931);
#11919 = AXIS2_PLACEMENT_3D('',#11920,#11921,#11922);
#11920 = CARTESIAN_POINT('',(44.526209666895,16.789401983086,
    -0.861478745937));
#11921 = DIRECTION('',(0.E+000,0.E+000,1.));
#11922 = DIRECTION('',(1.,0.E+000,0.E+000));
#11923 = AXIS2_PLACEMENT_3D('',#11924,#11925,#11926);
#11924 = CARTESIAN_POINT('',(45.212031200098,16.789401983086,
    -0.871478736401));
#11925 = DIRECTION('',(0.E+000,0.E+000,1.));
#11926 = DIRECTION('',(1.,0.E+000,0.E+000));
#11927 = AXIS2_PLACEMENT_3D('',#11928,#11929,#11930);
#11928 = CARTESIAN_POINT('',(43.840472057031,16.789401983086,
    -0.871478736401));
#11929 = DIRECTION('',(0.E+000,0.E+000,1.));
#11930 = DIRECTION('',(1.,0.E+000,0.E+000));
#11931 = ( GEOMETRIC_REPRESENTATION_CONTEXT(3) 
GLOBAL_UNCERTAINTY_ASSIGNED_CONTEXT((#11935)) 
GLOBAL_UNIT_ASSIGNED_CONTEXT((#11932,#11933,#11934)) 
REPRESENTATION_CONTEXT('Context #1',
  '3D Context with UNIT and UNCERTAINTY') );
#11932 = ( LENGTH_UNIT() NAMED_UNIT(*) SI_UNIT(.MILLI.,.METRE.) );
#11933 = ( NAMED_UNIT(*) PLANE_ANGLE_UNIT() SI_UNIT($,.RADIAN.) );
#11934 = ( NAMED_UNIT(*) SI_UNIT($,.STERADIAN.) SOLID_ANGLE_UNIT() );
#11935 = UNCERTAINTY_MEASURE_WITH_UNIT(LENGTH_MEASURE(1.E-007),#11932,
  'distance_accuracy_value','confusion accuracy');
#11936 = CONTEXT_DEPENDENT_SHAPE_REPRESENTATION(#11937,#11939);
#11937 = ( REPRESENTATION_RELATIONSHIP('','',#8996,#11918) 
REPRESENTATION_RELATIONSHIP_WITH_TRANSFORMATION(#11938) 
SHAPE_REPRESENTATION_RELATIONSHIP() );
#11938 = ITEM_DEFINED_TRANSFORMATION('','',#11,#11919);
#11939 = PRODUCT_DEFINITION_SHAPE('Placement','Placement of an item',
  #11940);
#11940 = NEXT_ASSEMBLY_USAGE_OCCURRENCE('77','=>[0:1:1:17]','',#11913,
  #8991,$);
#11941 = CONTEXT_DEPENDENT_SHAPE_REPRESENTATION(#11942,#11944);
#11942 = ( REPRESENTATION_RELATIONSHIP('','',#9368,#11918) 
REPRESENTATION_RELATIONSHIP_WITH_TRANSFORMATION(#11943) 
SHAPE_REPRESENTATION_RELATIONSHIP() );
#11943 = ITEM_DEFINED_TRANSFORMATION('','',#11,#11923);
#11944 = PRODUCT_DEFINITION_SHAPE('Placement','Placement of an item',
  #11945);
#11945 = NEXT_ASSEMBLY_USAGE_OCCURRENCE('78','=>[0:1:1:19]','',#11913,
  #9363,$);
#11946 = CONTEXT_DEPENDENT_SHAPE_REPRESENTATION(#11947,#11949);
#11947 = ( REPRESENTATION_RELATIONSHIP('','',#9368,#11918) 
REPRESENTATION_RELATIONSHIP_WITH_TRANSFORMATION(#11948) 
SHAPE_REPRESENTATION_RELATIONSHIP() );
#11948 = ITEM_DEFINED_TRANSFORMATION('','',#11,#11927);
#11949 = PRODUCT_DEFINITION_SHAPE('Placement','Placement of an item',
  #11950);
#11950 = NEXT_ASSEMBLY_USAGE_OCCURRENCE('79','=>[0:1:1:19]','',#11913,
  #9363,$);
#11951 = CONTEXT_DEPENDENT_SHAPE_REPRESENTATION(#11952,#11954);
#11952 = ( REPRESENTATION_RELATIONSHIP('','',#11918,#10) 
REPRESENTATION_RELATIONSHIP_WITH_TRANSFORMATION(#11953) 
SHAPE_REPRESENTATION_RELATIONSHIP() );
#11953 = ITEM_DEFINED_TRANSFORMATION('','',#11,#87);
#11954 = PRODUCT_DEFINITION_SHAPE('Placement','Placement of an item',
  #11955);
#11955 = NEXT_ASSEMBLY_USAGE_OCCURRENCE('80','=>[0:1:1:36]','',#5,#11913
  ,$);
#11956 = PRODUCT_RELATED_PRODUCT_CATEGORY('part',$,(#11915));
#11957 = SHAPE_DEFINITION_REPRESENTATION(#11958,#11964);
#11958 = PRODUCT_DEFINITION_SHAPE('','',#11959);
#11959 = PRODUCT_DEFINITION('design','',#11960,#11963);
#11960 = PRODUCT_DEFINITION_FORMATION('','',#11961);
#11961 = PRODUCT('C3','C3','',(#11962));
#11962 = PRODUCT_CONTEXT('',#2,'mechanical');
#11963 = PRODUCT_DEFINITION_CONTEXT('part definition',#2,'design');
#11964 = SHAPE_REPRESENTATION('',(#11,#11965,#11969,#11973),#11977);
#11965 = AXIS2_PLACEMENT_3D('',#11966,#11967,#11968);
#11966 = CARTESIAN_POINT('',(45.847010448145,3.327402089897,
    2.500120922923E-002));
#11967 = DIRECTION('',(0.E+000,0.E+000,1.));
#11968 = DIRECTION('',(1.,0.E+000,0.E+000));
#11969 = AXIS2_PLACEMENT_3D('',#11970,#11971,#11972);
#11970 = CARTESIAN_POINT('',(45.857096507715,4.8225154627,
    1.000759541057E-003));
#11971 = DIRECTION('',(0.E+000,0.E+000,1.));
#11972 = DIRECTION('',(1.,0.E+000,0.E+000));
#11973 = AXIS2_PLACEMENT_3D('',#11974,#11975,#11976);
#11974 = CARTESIAN_POINT('',(45.857096507715,1.802291845146,
    1.000759541057E-003));
#11975 = DIRECTION('',(0.E+000,0.E+000,1.));
#11976 = DIRECTION('',(1.,0.E+000,0.E+000));
#11977 = ( GEOMETRIC_REPRESENTATION_CONTEXT(3) 
GLOBAL_UNCERTAINTY_ASSIGNED_CONTEXT((#11981)) 
GLOBAL_UNIT_ASSIGNED_CONTEXT((#11978,#11979,#11980)) 
REPRESENTATION_CONTEXT('Context #1',
  '3D Context with UNIT and UNCERTAINTY') );
#11978 = ( LENGTH_UNIT() NAMED_UNIT(*) SI_UNIT(.MILLI.,.METRE.) );
#11979 = ( NAMED_UNIT(*) PLANE_ANGLE_UNIT() SI_UNIT($,.RADIAN.) );
#11980 = ( NAMED_UNIT(*) SI_UNIT($,.STERADIAN.) SOLID_ANGLE_UNIT() );
#11981 = UNCERTAINTY_MEASURE_WITH_UNIT(LENGTH_MEASURE(1.E-007),#11978,
  'distance_accuracy_value','confusion accuracy');
#11982 = CONTEXT_DEPENDENT_SHAPE_REPRESENTATION(#11983,#11985);
#11983 = ( REPRESENTATION_RELATIONSHIP('','',#7298,#11964) 
REPRESENTATION_RELATIONSHIP_WITH_TRANSFORMATION(#11984) 
SHAPE_REPRESENTATION_RELATIONSHIP() );
#11984 = ITEM_DEFINED_TRANSFORMATION('','',#11,#11965);
#11985 = PRODUCT_DEFINITION_SHAPE('Placement','Placement of an item',
  #11986);
#11986 = NEXT_ASSEMBLY_USAGE_OCCURRENCE('81','=>[0:1:1:4]','',#11959,
  #7293,$);
#11987 = CONTEXT_DEPENDENT_SHAPE_REPRESENTATION(#11988,#11990);
#11988 = ( REPRESENTATION_RELATIONSHIP('','',#7670,#11964) 
REPRESENTATION_RELATIONSHIP_WITH_TRANSFORMATION(#11989) 
SHAPE_REPRESENTATION_RELATIONSHIP() );
#11989 = ITEM_DEFINED_TRANSFORMATION('','',#11,#11969);
#11990 = PRODUCT_DEFINITION_SHAPE('Placement','Placement of an item',
  #11991);
#11991 = NEXT_ASSEMBLY_USAGE_OCCURRENCE('82','=>[0:1:1:6]','',#11959,
  #7665,$);
#11992 = CONTEXT_DEPENDENT_SHAPE_REPRESENTATION(#11993,#11995);
#11993 = ( REPRESENTATION_RELATIONSHIP('','',#7670,#11964) 
REPRESENTATION_RELATIONSHIP_WITH_TRANSFORMATION(#11994) 
SHAPE_REPRESENTATION_RELATIONSHIP() );
#11994 = ITEM_DEFINED_TRANSFORMATION('','',#11,#11973);
#11995 = PRODUCT_DEFINITION_SHAPE('Placement','Placement of an item',
  #11996);
#11996 = NEXT_ASSEMBLY_USAGE_OCCURRENCE('83','=>[0:1:1:6]','',#11959,
  #7665,$);
#11997 = CONTEXT_DEPENDENT_SHAPE_REPRESENTATION(#11998,#12000);
#11998 = ( REPRESENTATION_RELATIONSHIP('','',#11964,#10) 
REPRESENTATION_RELATIONSHIP_WITH_TRANSFORMATION(#11999) 
SHAPE_REPRESENTATION_RELATIONSHIP() );
#11999 = ITEM_DEFINED_TRANSFORMATION('','',#11,#91);
#12000 = PRODUCT_DEFINITION_SHAPE('Placement','Placement of an item',
  #12001);
#12001 = NEXT_ASSEMBLY_USAGE_OCCURRENCE('84','=>[0:1:1:37]','',#5,#11959
  ,$);
#12002 = PRODUCT_RELATED_PRODUCT_CATEGORY('part',$,(#11961));
#12003 = SHAPE_DEFINITION_REPRESENTATION(#12004,#12010);
#12004 = PRODUCT_DEFINITION_SHAPE('','',#12005);
#12005 = PRODUCT_DEFINITION('design','',#12006,#12009);
#12006 = PRODUCT_DEFINITION_FORMATION('','',#12007);
#12007 = PRODUCT('C10','C10','',(#12008));
#12008 = PRODUCT_CONTEXT('',#2,'mechanical');
#12009 = PRODUCT_DEFINITION_CONTEXT('part definition',#2,'design');
#12010 = SHAPE_REPRESENTATION('',(#11,#12011,#12015,#12019),#12023);
#12011 = AXIS2_PLACEMENT_3D('',#12012,#12013,#12014);
#12012 = CARTESIAN_POINT('',(58.319514110254,7.268520330254,
    -0.91147851944));
#12013 = DIRECTION('',(0.E+000,0.E+000,1.));
#12014 = DIRECTION('',(1.,0.E+000,0.E+000));
#12015 = AXIS2_PLACEMENT_3D('',#12016,#12017,#12018);
#12016 = CARTESIAN_POINT('',(55.299288585352,7.268520330254,
    -0.91147851944));
#12017 = DIRECTION('',(0.E+000,0.E+000,1.));
#12018 = DIRECTION('',(1.,0.E+000,0.E+000));
#12019 = AXIS2_PLACEMENT_3D('',#12020,#12021,#12022);
#12020 = CARTESIAN_POINT('',(56.794398143457,7.278602575127,
    -0.861478745937));
#12021 = DIRECTION('',(0.E+000,0.E+000,1.));
#12022 = DIRECTION('',(1.,0.E+000,0.E+000));
#12023 = ( GEOMETRIC_REPRESENTATION_CONTEXT(3) 
GLOBAL_UNCERTAINTY_ASSIGNED_CONTEXT((#12027)) 
GLOBAL_UNIT_ASSIGNED_CONTEXT((#12024,#12025,#12026)) 
REPRESENTATION_CONTEXT('Context #1',
  '3D Context with UNIT and UNCERTAINTY') );
#12024 = ( LENGTH_UNIT() NAMED_UNIT(*) SI_UNIT(.MILLI.,.METRE.) );
#12025 = ( NAMED_UNIT(*) PLANE_ANGLE_UNIT() SI_UNIT($,.RADIAN.) );
#12026 = ( NAMED_UNIT(*) SI_UNIT($,.STERADIAN.) SOLID_ANGLE_UNIT() );
#12027 = UNCERTAINTY_MEASURE_WITH_UNIT(LENGTH_MEASURE(1.E-007),#12024,
  'distance_accuracy_value','confusion accuracy');
#12028 = SHAPE_DEFINITION_REPRESENTATION(#12029,#12035);
#12029 = PRODUCT_DEFINITION_SHAPE('','',#12030);
#12030 = PRODUCT_DEFINITION('design','',#12031,#12034);
#12031 = PRODUCT_DEFINITION_FORMATION('','',#12032);
#12032 = PRODUCT('868862224','868862224','',(#12033));
#12033 = PRODUCT_CONTEXT('',#2,'mechanical');
#12034 = PRODUCT_DEFINITION_CONTEXT('part definition',#2,'design');
#12035 = SHAPE_REPRESENTATION('',(#11,#12036),#12040);
#12036 = AXIS2_PLACEMENT_3D('',#12037,#12038,#12039);
#12037 = CARTESIAN_POINT('',(0.E+000,0.E+000,0.E+000));
#12038 = DIRECTION('',(0.E+000,0.E+000,1.));
#12039 = DIRECTION('',(1.,0.E+000,0.E+000));
#12040 = ( GEOMETRIC_REPRESENTATION_CONTEXT(3) 
GLOBAL_UNCERTAINTY_ASSIGNED_CONTEXT((#12044)) 
GLOBAL_UNIT_ASSIGNED_CONTEXT((#12041,#12042,#12043)) 
REPRESENTATION_CONTEXT('Context #1',
  '3D Context with UNIT and UNCERTAINTY') );
#12041 = ( LENGTH_UNIT() NAMED_UNIT(*) SI_UNIT(.MILLI.,.METRE.) );
#12042 = ( NAMED_UNIT(*) PLANE_ANGLE_UNIT() SI_UNIT($,.RADIAN.) );
#12043 = ( NAMED_UNIT(*) SI_UNIT($,.STERADIAN.) SOLID_ANGLE_UNIT() );
#12044 = UNCERTAINTY_MEASURE_WITH_UNIT(LENGTH_MEASURE(1.E-007),#12041,
  'distance_accuracy_value','confusion accuracy');
#12045 = ADVANCED_BREP_SHAPE_REPRESENTATION('',(#11,#12046),#12376);
#12046 = MANIFOLD_SOLID_BREP('',#12047);
#12047 = CLOSED_SHELL('',(#12048,#12168,#12244,#12315,#12362,#12369));
#12048 = ADVANCED_FACE('',(#12049),#12063,.T.);
#12049 = FACE_BOUND('',#12050,.T.);
#12050 = EDGE_LOOP('',(#12051,#12086,#12114,#12142));
#12051 = ORIENTED_EDGE('',*,*,#12052,.T.);
#12052 = EDGE_CURVE('',#12053,#12055,#12057,.T.);
#12053 = VERTEX_POINT('',#12054);
#12054 = CARTESIAN_POINT('',(-0.13750036,-0.74000106,0.E+000));
#12055 = VERTEX_POINT('',#12056);
#12056 = CARTESIAN_POINT('',(-0.13750036,-0.74000106,0.49899824));
#12057 = SURFACE_CURVE('',#12058,(#12062,#12074),.PCURVE_S1.);
#12058 = LINE('',#12059,#12060);
#12059 = CARTESIAN_POINT('',(-0.13750036,-0.74000106,0.E+000));
#12060 = VECTOR('',#12061,1.);
#12061 = DIRECTION('',(0.E+000,0.E+000,1.));
#12062 = PCURVE('',#12063,#12068);
#12063 = PLANE('',#12064);
#12064 = AXIS2_PLACEMENT_3D('',#12065,#12066,#12067);
#12065 = CARTESIAN_POINT('',(-0.13750036,-0.74000106,0.E+000));
#12066 = DIRECTION('',(-1.,0.E+000,0.E+000));
#12067 = DIRECTION('',(0.E+000,1.,0.E+000));
#12068 = DEFINITIONAL_REPRESENTATION('',(#12069),#12073);
#12069 = LINE('',#12070,#12071);
#12070 = CARTESIAN_POINT('',(0.E+000,0.E+000));
#12071 = VECTOR('',#12072,1.);
#12072 = DIRECTION('',(0.E+000,-1.));
#12073 = ( GEOMETRIC_REPRESENTATION_CONTEXT(2) 
PARAMETRIC_REPRESENTATION_CONTEXT() REPRESENTATION_CONTEXT('2D SPACE',''
  ) );
#12074 = PCURVE('',#12075,#12080);
#12075 = PLANE('',#12076);
#12076 = AXIS2_PLACEMENT_3D('',#12077,#12078,#12079);
#12077 = CARTESIAN_POINT('',(0.13750036,-0.74000106,0.E+000));
#12078 = DIRECTION('',(0.E+000,-1.,0.E+000));
#12079 = DIRECTION('',(-1.,0.E+000,0.E+000));
#12080 = DEFINITIONAL_REPRESENTATION('',(#12081),#12085);
#12081 = LINE('',#12082,#12083);
#12082 = CARTESIAN_POINT('',(0.27500072,0.E+000));
#12083 = VECTOR('',#12084,1.);
#12084 = DIRECTION('',(0.E+000,-1.));
#12085 = ( GEOMETRIC_REPRESENTATION_CONTEXT(2) 
PARAMETRIC_REPRESENTATION_CONTEXT() REPRESENTATION_CONTEXT('2D SPACE',''
  ) );
#12086 = ORIENTED_EDGE('',*,*,#12087,.T.);
#12087 = EDGE_CURVE('',#12055,#12088,#12090,.T.);
#12088 = VERTEX_POINT('',#12089);
#12089 = CARTESIAN_POINT('',(-0.13750036,0.74000106,0.49899824));
#12090 = SURFACE_CURVE('',#12091,(#12095,#12102),.PCURVE_S1.);
#12091 = LINE('',#12092,#12093);
#12092 = CARTESIAN_POINT('',(-0.13750036,-0.74000106,0.49899824));
#12093 = VECTOR('',#12094,1.);
#12094 = DIRECTION('',(0.E+000,1.,0.E+000));
#12095 = PCURVE('',#12063,#12096);
#12096 = DEFINITIONAL_REPRESENTATION('',(#12097),#12101);
#12097 = LINE('',#12098,#12099);
#12098 = CARTESIAN_POINT('',(0.E+000,-0.49899824));
#12099 = VECTOR('',#12100,1.);
#12100 = DIRECTION('',(1.,0.E+000));
#12101 = ( GEOMETRIC_REPRESENTATION_CONTEXT(2) 
PARAMETRIC_REPRESENTATION_CONTEXT() REPRESENTATION_CONTEXT('2D SPACE',''
  ) );
#12102 = PCURVE('',#12103,#12108);
#12103 = PLANE('',#12104);
#12104 = AXIS2_PLACEMENT_3D('',#12105,#12106,#12107);
#12105 = CARTESIAN_POINT('',(-0.13750036,-0.74000106,0.49899824));
#12106 = DIRECTION('',(0.E+000,0.E+000,1.));
#12107 = DIRECTION('',(1.,0.E+000,-0.E+000));
#12108 = DEFINITIONAL_REPRESENTATION('',(#12109),#12113);
#12109 = LINE('',#12110,#12111);
#12110 = CARTESIAN_POINT('',(0.E+000,0.E+000));
#12111 = VECTOR('',#12112,1.);
#12112 = DIRECTION('',(0.E+000,1.));
#12113 = ( GEOMETRIC_REPRESENTATION_CONTEXT(2) 
PARAMETRIC_REPRESENTATION_CONTEXT() REPRESENTATION_CONTEXT('2D SPACE',''
  ) );
#12114 = ORIENTED_EDGE('',*,*,#12115,.F.);
#12115 = EDGE_CURVE('',#12116,#12088,#12118,.T.);
#12116 = VERTEX_POINT('',#12117);
#12117 = CARTESIAN_POINT('',(-0.13750036,0.74000106,0.E+000));
#12118 = SURFACE_CURVE('',#12119,(#12123,#12130),.PCURVE_S1.);
#12119 = LINE('',#12120,#12121);
#12120 = CARTESIAN_POINT('',(-0.13750036,0.74000106,0.E+000));
#12121 = VECTOR('',#12122,1.);
#12122 = DIRECTION('',(0.E+000,0.E+000,1.));
#12123 = PCURVE('',#12063,#12124);
#12124 = DEFINITIONAL_REPRESENTATION('',(#12125),#12129);
#12125 = LINE('',#12126,#12127);
#12126 = CARTESIAN_POINT('',(1.48000212,0.E+000));
#12127 = VECTOR('',#12128,1.);
#12128 = DIRECTION('',(0.E+000,-1.));
#12129 = ( GEOMETRIC_REPRESENTATION_CONTEXT(2) 
PARAMETRIC_REPRESENTATION_CONTEXT() REPRESENTATION_CONTEXT('2D SPACE',''
  ) );
#12130 = PCURVE('',#12131,#12136);
#12131 = PLANE('',#12132);
#12132 = AXIS2_PLACEMENT_3D('',#12133,#12134,#12135);
#12133 = CARTESIAN_POINT('',(-0.13750036,0.74000106,0.E+000));
#12134 = DIRECTION('',(0.E+000,1.,0.E+000));
#12135 = DIRECTION('',(1.,0.E+000,0.E+000));
#12136 = DEFINITIONAL_REPRESENTATION('',(#12137),#12141);
#12137 = LINE('',#12138,#12139);
#12138 = CARTESIAN_POINT('',(0.E+000,0.E+000));
#12139 = VECTOR('',#12140,1.);
#12140 = DIRECTION('',(0.E+000,-1.));
#12141 = ( GEOMETRIC_REPRESENTATION_CONTEXT(2) 
PARAMETRIC_REPRESENTATION_CONTEXT() REPRESENTATION_CONTEXT('2D SPACE',''
  ) );
#12142 = ORIENTED_EDGE('',*,*,#12143,.F.);
#12143 = EDGE_CURVE('',#12053,#12116,#12144,.T.);
#12144 = SURFACE_CURVE('',#12145,(#12149,#12156),.PCURVE_S1.);
#12145 = LINE('',#12146,#12147);
#12146 = CARTESIAN_POINT('',(-0.13750036,-0.74000106,0.E+000));
#12147 = VECTOR('',#12148,1.);
#12148 = DIRECTION('',(0.E+000,1.,0.E+000));
#12149 = PCURVE('',#12063,#12150);
#12150 = DEFINITIONAL_REPRESENTATION('',(#12151),#12155);
#12151 = LINE('',#12152,#12153);
#12152 = CARTESIAN_POINT('',(0.E+000,0.E+000));
#12153 = VECTOR('',#12154,1.);
#12154 = DIRECTION('',(1.,0.E+000));
#12155 = ( GEOMETRIC_REPRESENTATION_CONTEXT(2) 
PARAMETRIC_REPRESENTATION_CONTEXT() REPRESENTATION_CONTEXT('2D SPACE',''
  ) );
#12156 = PCURVE('',#12157,#12162);
#12157 = PLANE('',#12158);
#12158 = AXIS2_PLACEMENT_3D('',#12159,#12160,#12161);
#12159 = CARTESIAN_POINT('',(-0.13750036,-0.74000106,0.E+000));
#12160 = DIRECTION('',(0.E+000,0.E+000,1.));
#12161 = DIRECTION('',(1.,0.E+000,-0.E+000));
#12162 = DEFINITIONAL_REPRESENTATION('',(#12163),#12167);
#12163 = LINE('',#12164,#12165);
#12164 = CARTESIAN_POINT('',(0.E+000,0.E+000));
#12165 = VECTOR('',#12166,1.);
#12166 = DIRECTION('',(0.E+000,1.));
#12167 = ( GEOMETRIC_REPRESENTATION_CONTEXT(2) 
PARAMETRIC_REPRESENTATION_CONTEXT() REPRESENTATION_CONTEXT('2D SPACE',''
  ) );
#12168 = ADVANCED_FACE('',(#12169),#12131,.T.);
#12169 = FACE_BOUND('',#12170,.T.);
#12170 = EDGE_LOOP('',(#12171,#12172,#12195,#12223));
#12171 = ORIENTED_EDGE('',*,*,#12115,.T.);
#12172 = ORIENTED_EDGE('',*,*,#12173,.T.);
#12173 = EDGE_CURVE('',#12088,#12174,#12176,.T.);
#12174 = VERTEX_POINT('',#12175);
#12175 = CARTESIAN_POINT('',(0.13750036,0.74000106,0.49899824));
#12176 = SURFACE_CURVE('',#12177,(#12181,#12188),.PCURVE_S1.);
#12177 = LINE('',#12178,#12179);
#12178 = CARTESIAN_POINT('',(-0.13750036,0.74000106,0.49899824));
#12179 = VECTOR('',#12180,1.);
#12180 = DIRECTION('',(1.,0.E+000,0.E+000));
#12181 = PCURVE('',#12131,#12182);
#12182 = DEFINITIONAL_REPRESENTATION('',(#12183),#12187);
#12183 = LINE('',#12184,#12185);
#12184 = CARTESIAN_POINT('',(0.E+000,-0.49899824));
#12185 = VECTOR('',#12186,1.);
#12186 = DIRECTION('',(1.,0.E+000));
#12187 = ( GEOMETRIC_REPRESENTATION_CONTEXT(2) 
PARAMETRIC_REPRESENTATION_CONTEXT() REPRESENTATION_CONTEXT('2D SPACE',''
  ) );
#12188 = PCURVE('',#12103,#12189);
#12189 = DEFINITIONAL_REPRESENTATION('',(#12190),#12194);
#12190 = LINE('',#12191,#12192);
#12191 = CARTESIAN_POINT('',(0.E+000,1.48000212));
#12192 = VECTOR('',#12193,1.);
#12193 = DIRECTION('',(1.,0.E+000));
#12194 = ( GEOMETRIC_REPRESENTATION_CONTEXT(2) 
PARAMETRIC_REPRESENTATION_CONTEXT() REPRESENTATION_CONTEXT('2D SPACE',''
  ) );
#12195 = ORIENTED_EDGE('',*,*,#12196,.F.);
#12196 = EDGE_CURVE('',#12197,#12174,#12199,.T.);
#12197 = VERTEX_POINT('',#12198);
#12198 = CARTESIAN_POINT('',(0.13750036,0.74000106,0.E+000));
#12199 = SURFACE_CURVE('',#12200,(#12204,#12211),.PCURVE_S1.);
#12200 = LINE('',#12201,#12202);
#12201 = CARTESIAN_POINT('',(0.13750036,0.74000106,0.E+000));
#12202 = VECTOR('',#12203,1.);
#12203 = DIRECTION('',(0.E+000,0.E+000,1.));
#12204 = PCURVE('',#12131,#12205);
#12205 = DEFINITIONAL_REPRESENTATION('',(#12206),#12210);
#12206 = LINE('',#12207,#12208);
#12207 = CARTESIAN_POINT('',(0.27500072,0.E+000));
#12208 = VECTOR('',#12209,1.);
#12209 = DIRECTION('',(0.E+000,-1.));
#12210 = ( GEOMETRIC_REPRESENTATION_CONTEXT(2) 
PARAMETRIC_REPRESENTATION_CONTEXT() REPRESENTATION_CONTEXT('2D SPACE',''
  ) );
#12211 = PCURVE('',#12212,#12217);
#12212 = PLANE('',#12213);
#12213 = AXIS2_PLACEMENT_3D('',#12214,#12215,#12216);
#12214 = CARTESIAN_POINT('',(0.13750036,0.74000106,0.E+000));
#12215 = DIRECTION('',(1.,0.E+000,-0.E+000));
#12216 = DIRECTION('',(0.E+000,-1.,0.E+000));
#12217 = DEFINITIONAL_REPRESENTATION('',(#12218),#12222);
#12218 = LINE('',#12219,#12220);
#12219 = CARTESIAN_POINT('',(0.E+000,0.E+000));
#12220 = VECTOR('',#12221,1.);
#12221 = DIRECTION('',(0.E+000,-1.));
#12222 = ( GEOMETRIC_REPRESENTATION_CONTEXT(2) 
PARAMETRIC_REPRESENTATION_CONTEXT() REPRESENTATION_CONTEXT('2D SPACE',''
  ) );
#12223 = ORIENTED_EDGE('',*,*,#12224,.F.);
#12224 = EDGE_CURVE('',#12116,#12197,#12225,.T.);
#12225 = SURFACE_CURVE('',#12226,(#12230,#12237),.PCURVE_S1.);
#12226 = LINE('',#12227,#12228);
#12227 = CARTESIAN_POINT('',(-0.13750036,0.74000106,0.E+000));
#12228 = VECTOR('',#12229,1.);
#12229 = DIRECTION('',(1.,0.E+000,0.E+000));
#12230 = PCURVE('',#12131,#12231);
#12231 = DEFINITIONAL_REPRESENTATION('',(#12232),#12236);
#12232 = LINE('',#12233,#12234);
#12233 = CARTESIAN_POINT('',(0.E+000,0.E+000));
#12234 = VECTOR('',#12235,1.);
#12235 = DIRECTION('',(1.,0.E+000));
#12236 = ( GEOMETRIC_REPRESENTATION_CONTEXT(2) 
PARAMETRIC_REPRESENTATION_CONTEXT() REPRESENTATION_CONTEXT('2D SPACE',''
  ) );
#12237 = PCURVE('',#12157,#12238);
#12238 = DEFINITIONAL_REPRESENTATION('',(#12239),#12243);
#12239 = LINE('',#12240,#12241);
#12240 = CARTESIAN_POINT('',(0.E+000,1.48000212));
#12241 = VECTOR('',#12242,1.);
#12242 = DIRECTION('',(1.,0.E+000));
#12243 = ( GEOMETRIC_REPRESENTATION_CONTEXT(2) 
PARAMETRIC_REPRESENTATION_CONTEXT() REPRESENTATION_CONTEXT('2D SPACE',''
  ) );
#12244 = ADVANCED_FACE('',(#12245),#12212,.T.);
#12245 = FACE_BOUND('',#12246,.T.);
#12246 = EDGE_LOOP('',(#12247,#12248,#12271,#12294));
#12247 = ORIENTED_EDGE('',*,*,#12196,.T.);
#12248 = ORIENTED_EDGE('',*,*,#12249,.T.);
#12249 = EDGE_CURVE('',#12174,#12250,#12252,.T.);
#12250 = VERTEX_POINT('',#12251);
#12251 = CARTESIAN_POINT('',(0.13750036,-0.74000106,0.49899824));
#12252 = SURFACE_CURVE('',#12253,(#12257,#12264),.PCURVE_S1.);
#12253 = LINE('',#12254,#12255);
#12254 = CARTESIAN_POINT('',(0.13750036,0.74000106,0.49899824));
#12255 = VECTOR('',#12256,1.);
#12256 = DIRECTION('',(0.E+000,-1.,0.E+000));
#12257 = PCURVE('',#12212,#12258);
#12258 = DEFINITIONAL_REPRESENTATION('',(#12259),#12263);
#12259 = LINE('',#12260,#12261);
#12260 = CARTESIAN_POINT('',(0.E+000,-0.49899824));
#12261 = VECTOR('',#12262,1.);
#12262 = DIRECTION('',(1.,0.E+000));
#12263 = ( GEOMETRIC_REPRESENTATION_CONTEXT(2) 
PARAMETRIC_REPRESENTATION_CONTEXT() REPRESENTATION_CONTEXT('2D SPACE',''
  ) );
#12264 = PCURVE('',#12103,#12265);
#12265 = DEFINITIONAL_REPRESENTATION('',(#12266),#12270);
#12266 = LINE('',#12267,#12268);
#12267 = CARTESIAN_POINT('',(0.27500072,1.48000212));
#12268 = VECTOR('',#12269,1.);
#12269 = DIRECTION('',(0.E+000,-1.));
#12270 = ( GEOMETRIC_REPRESENTATION_CONTEXT(2) 
PARAMETRIC_REPRESENTATION_CONTEXT() REPRESENTATION_CONTEXT('2D SPACE',''
  ) );
#12271 = ORIENTED_EDGE('',*,*,#12272,.F.);
#12272 = EDGE_CURVE('',#12273,#12250,#12275,.T.);
#12273 = VERTEX_POINT('',#12274);
#12274 = CARTESIAN_POINT('',(0.13750036,-0.74000106,0.E+000));
#12275 = SURFACE_CURVE('',#12276,(#12280,#12287),.PCURVE_S1.);
#12276 = LINE('',#12277,#12278);
#12277 = CARTESIAN_POINT('',(0.13750036,-0.74000106,0.E+000));
#12278 = VECTOR('',#12279,1.);
#12279 = DIRECTION('',(0.E+000,0.E+000,1.));
#12280 = PCURVE('',#12212,#12281);
#12281 = DEFINITIONAL_REPRESENTATION('',(#12282),#12286);
#12282 = LINE('',#12283,#12284);
#12283 = CARTESIAN_POINT('',(1.48000212,0.E+000));
#12284 = VECTOR('',#12285,1.);
#12285 = DIRECTION('',(0.E+000,-1.));
#12286 = ( GEOMETRIC_REPRESENTATION_CONTEXT(2) 
PARAMETRIC_REPRESENTATION_CONTEXT() REPRESENTATION_CONTEXT('2D SPACE',''
  ) );
#12287 = PCURVE('',#12075,#12288);
#12288 = DEFINITIONAL_REPRESENTATION('',(#12289),#12293);
#12289 = LINE('',#12290,#12291);
#12290 = CARTESIAN_POINT('',(0.E+000,-0.E+000));
#12291 = VECTOR('',#12292,1.);
#12292 = DIRECTION('',(0.E+000,-1.));
#12293 = ( GEOMETRIC_REPRESENTATION_CONTEXT(2) 
PARAMETRIC_REPRESENTATION_CONTEXT() REPRESENTATION_CONTEXT('2D SPACE',''
  ) );
#12294 = ORIENTED_EDGE('',*,*,#12295,.F.);
#12295 = EDGE_CURVE('',#12197,#12273,#12296,.T.);
#12296 = SURFACE_CURVE('',#12297,(#12301,#12308),.PCURVE_S1.);
#12297 = LINE('',#12298,#12299);
#12298 = CARTESIAN_POINT('',(0.13750036,0.74000106,0.E+000));
#12299 = VECTOR('',#12300,1.);
#12300 = DIRECTION('',(0.E+000,-1.,0.E+000));
#12301 = PCURVE('',#12212,#12302);
#12302 = DEFINITIONAL_REPRESENTATION('',(#12303),#12307);
#12303 = LINE('',#12304,#12305);
#12304 = CARTESIAN_POINT('',(0.E+000,0.E+000));
#12305 = VECTOR('',#12306,1.);
#12306 = DIRECTION('',(1.,0.E+000));
#12307 = ( GEOMETRIC_REPRESENTATION_CONTEXT(2) 
PARAMETRIC_REPRESENTATION_CONTEXT() REPRESENTATION_CONTEXT('2D SPACE',''
  ) );
#12308 = PCURVE('',#12157,#12309);
#12309 = DEFINITIONAL_REPRESENTATION('',(#12310),#12314);
#12310 = LINE('',#12311,#12312);
#12311 = CARTESIAN_POINT('',(0.27500072,1.48000212));
#12312 = VECTOR('',#12313,1.);
#12313 = DIRECTION('',(0.E+000,-1.));
#12314 = ( GEOMETRIC_REPRESENTATION_CONTEXT(2) 
PARAMETRIC_REPRESENTATION_CONTEXT() REPRESENTATION_CONTEXT('2D SPACE',''
  ) );
#12315 = ADVANCED_FACE('',(#12316),#12075,.T.);
#12316 = FACE_BOUND('',#12317,.T.);
#12317 = EDGE_LOOP('',(#12318,#12319,#12340,#12341));
#12318 = ORIENTED_EDGE('',*,*,#12272,.T.);
#12319 = ORIENTED_EDGE('',*,*,#12320,.T.);
#12320 = EDGE_CURVE('',#12250,#12055,#12321,.T.);
#12321 = SURFACE_CURVE('',#12322,(#12326,#12333),.PCURVE_S1.);
#12322 = LINE('',#12323,#12324);
#12323 = CARTESIAN_POINT('',(0.13750036,-0.74000106,0.49899824));
#12324 = VECTOR('',#12325,1.);
#12325 = DIRECTION('',(-1.,0.E+000,0.E+000));
#12326 = PCURVE('',#12075,#12327);
#12327 = DEFINITIONAL_REPRESENTATION('',(#12328),#12332);
#12328 = LINE('',#12329,#12330);
#12329 = CARTESIAN_POINT('',(0.E+000,-0.49899824));
#12330 = VECTOR('',#12331,1.);
#12331 = DIRECTION('',(1.,0.E+000));
#12332 = ( GEOMETRIC_REPRESENTATION_CONTEXT(2) 
PARAMETRIC_REPRESENTATION_CONTEXT() REPRESENTATION_CONTEXT('2D SPACE',''
  ) );
#12333 = PCURVE('',#12103,#12334);
#12334 = DEFINITIONAL_REPRESENTATION('',(#12335),#12339);
#12335 = LINE('',#12336,#12337);
#12336 = CARTESIAN_POINT('',(0.27500072,0.E+000));
#12337 = VECTOR('',#12338,1.);
#12338 = DIRECTION('',(-1.,0.E+000));
#12339 = ( GEOMETRIC_REPRESENTATION_CONTEXT(2) 
PARAMETRIC_REPRESENTATION_CONTEXT() REPRESENTATION_CONTEXT('2D SPACE',''
  ) );
#12340 = ORIENTED_EDGE('',*,*,#12052,.F.);
#12341 = ORIENTED_EDGE('',*,*,#12342,.F.);
#12342 = EDGE_CURVE('',#12273,#12053,#12343,.T.);
#12343 = SURFACE_CURVE('',#12344,(#12348,#12355),.PCURVE_S1.);
#12344 = LINE('',#12345,#12346);
#12345 = CARTESIAN_POINT('',(0.13750036,-0.74000106,0.E+000));
#12346 = VECTOR('',#12347,1.);
#12347 = DIRECTION('',(-1.,0.E+000,0.E+000));
#12348 = PCURVE('',#12075,#12349);
#12349 = DEFINITIONAL_REPRESENTATION('',(#12350),#12354);
#12350 = LINE('',#12351,#12352);
#12351 = CARTESIAN_POINT('',(0.E+000,-0.E+000));
#12352 = VECTOR('',#12353,1.);
#12353 = DIRECTION('',(1.,0.E+000));
#12354 = ( GEOMETRIC_REPRESENTATION_CONTEXT(2) 
PARAMETRIC_REPRESENTATION_CONTEXT() REPRESENTATION_CONTEXT('2D SPACE',''
  ) );
#12355 = PCURVE('',#12157,#12356);
#12356 = DEFINITIONAL_REPRESENTATION('',(#12357),#12361);
#12357 = LINE('',#12358,#12359);
#12358 = CARTESIAN_POINT('',(0.27500072,0.E+000));
#12359 = VECTOR('',#12360,1.);
#12360 = DIRECTION('',(-1.,0.E+000));
#12361 = ( GEOMETRIC_REPRESENTATION_CONTEXT(2) 
PARAMETRIC_REPRESENTATION_CONTEXT() REPRESENTATION_CONTEXT('2D SPACE',''
  ) );
#12362 = ADVANCED_FACE('',(#12363),#12157,.F.);
#12363 = FACE_BOUND('',#12364,.T.);
#12364 = EDGE_LOOP('',(#12365,#12366,#12367,#12368));
#12365 = ORIENTED_EDGE('',*,*,#12143,.T.);
#12366 = ORIENTED_EDGE('',*,*,#12224,.T.);
#12367 = ORIENTED_EDGE('',*,*,#12295,.T.);
#12368 = ORIENTED_EDGE('',*,*,#12342,.T.);
#12369 = ADVANCED_FACE('',(#12370),#12103,.T.);
#12370 = FACE_BOUND('',#12371,.F.);
#12371 = EDGE_LOOP('',(#12372,#12373,#12374,#12375));
#12372 = ORIENTED_EDGE('',*,*,#12087,.T.);
#12373 = ORIENTED_EDGE('',*,*,#12173,.T.);
#12374 = ORIENTED_EDGE('',*,*,#12249,.T.);
#12375 = ORIENTED_EDGE('',*,*,#12320,.T.);
#12376 = ( GEOMETRIC_REPRESENTATION_CONTEXT(3) 
GLOBAL_UNCERTAINTY_ASSIGNED_CONTEXT((#12380)) 
GLOBAL_UNIT_ASSIGNED_CONTEXT((#12377,#12378,#12379)) 
REPRESENTATION_CONTEXT('Context #1',
  '3D Context with UNIT and UNCERTAINTY') );
#12377 = ( LENGTH_UNIT() NAMED_UNIT(*) SI_UNIT(.MILLI.,.METRE.) );
#12378 = ( NAMED_UNIT(*) PLANE_ANGLE_UNIT() SI_UNIT($,.RADIAN.) );
#12379 = ( NAMED_UNIT(*) SI_UNIT($,.STERADIAN.) SOLID_ANGLE_UNIT() );
#12380 = UNCERTAINTY_MEASURE_WITH_UNIT(LENGTH_MEASURE(1.E-007),#12377,
  'distance_accuracy_value','confusion accuracy');
#12381 = SHAPE_DEFINITION_REPRESENTATION(#12382,#12045);
#12382 = PRODUCT_DEFINITION_SHAPE('','',#12383);
#12383 = PRODUCT_DEFINITION('design','',#12384,#12387);
#12384 = PRODUCT_DEFINITION_FORMATION('','',#12385);
#12385 = PRODUCT('Extruded','Extruded','',(#12386));
#12386 = PRODUCT_CONTEXT('',#2,'mechanical');
#12387 = PRODUCT_DEFINITION_CONTEXT('part definition',#2,'design');
#12388 = CONTEXT_DEPENDENT_SHAPE_REPRESENTATION(#12389,#12391);
#12389 = ( REPRESENTATION_RELATIONSHIP('','',#12045,#12035) 
REPRESENTATION_RELATIONSHIP_WITH_TRANSFORMATION(#12390) 
SHAPE_REPRESENTATION_RELATIONSHIP() );
#12390 = ITEM_DEFINED_TRANSFORMATION('','',#11,#12036);
#12391 = PRODUCT_DEFINITION_SHAPE('Placement','Placement of an item',
  #12392);
#12392 = NEXT_ASSEMBLY_USAGE_OCCURRENCE('85','=>[0:1:1:2]','',#12030,
  #12383,$);
#12393 = PRODUCT_RELATED_PRODUCT_CATEGORY('part',$,(#12385));
#12394 = CONTEXT_DEPENDENT_SHAPE_REPRESENTATION(#12395,#12397);
#12395 = ( REPRESENTATION_RELATIONSHIP('','',#12035,#12010) 
REPRESENTATION_RELATIONSHIP_WITH_TRANSFORMATION(#12396) 
SHAPE_REPRESENTATION_RELATIONSHIP() );
#12396 = ITEM_DEFINED_TRANSFORMATION('','',#11,#12011);
#12397 = PRODUCT_DEFINITION_SHAPE('Placement','Placement of an item',
  #12398);
#12398 = NEXT_ASSEMBLY_USAGE_OCCURRENCE('86','=>[0:1:1:39]','',#12005,
  #12030,$);
#12399 = PRODUCT_RELATED_PRODUCT_CATEGORY('part',$,(#12032));
#12400 = CONTEXT_DEPENDENT_SHAPE_REPRESENTATION(#12401,#12403);
#12401 = ( REPRESENTATION_RELATIONSHIP('','',#12035,#12010) 
REPRESENTATION_RELATIONSHIP_WITH_TRANSFORMATION(#12402) 
SHAPE_REPRESENTATION_RELATIONSHIP() );
#12402 = ITEM_DEFINED_TRANSFORMATION('','',#11,#12015);
#12403 = PRODUCT_DEFINITION_SHAPE('Placement','Placement of an item',
  #12404);
#12404 = NEXT_ASSEMBLY_USAGE_OCCURRENCE('87','=>[0:1:1:39]','',#12005,
  #12030,$);
#12405 = SHAPE_DEFINITION_REPRESENTATION(#12406,#12412);
#12406 = PRODUCT_DEFINITION_SHAPE('','',#12407);
#12407 = PRODUCT_DEFINITION('design','',#12408,#12411);
#12408 = PRODUCT_DEFINITION_FORMATION('','',#12409);
#12409 = PRODUCT('868862096','868862096','',(#12410));
#12410 = PRODUCT_CONTEXT('',#2,'mechanical');
#12411 = PRODUCT_DEFINITION_CONTEXT('part definition',#2,'design');
#12412 = SHAPE_REPRESENTATION('',(#11,#12413),#12417);
#12413 = AXIS2_PLACEMENT_3D('',#12414,#12415,#12416);
#12414 = CARTESIAN_POINT('',(0.E+000,0.E+000,0.E+000));
#12415 = DIRECTION('',(0.E+000,0.E+000,1.));
#12416 = DIRECTION('',(1.,0.E+000,0.E+000));
#12417 = ( GEOMETRIC_REPRESENTATION_CONTEXT(3) 
GLOBAL_UNCERTAINTY_ASSIGNED_CONTEXT((#12421)) 
GLOBAL_UNIT_ASSIGNED_CONTEXT((#12418,#12419,#12420)) 
REPRESENTATION_CONTEXT('Context #1',
  '3D Context with UNIT and UNCERTAINTY') );
#12418 = ( LENGTH_UNIT() NAMED_UNIT(*) SI_UNIT(.MILLI.,.METRE.) );
#12419 = ( NAMED_UNIT(*) PLANE_ANGLE_UNIT() SI_UNIT($,.RADIAN.) );
#12420 = ( NAMED_UNIT(*) SI_UNIT($,.STERADIAN.) SOLID_ANGLE_UNIT() );
#12421 = UNCERTAINTY_MEASURE_WITH_UNIT(LENGTH_MEASURE(1.E-007),#12418,
  'distance_accuracy_value','confusion accuracy');
#12422 = ADVANCED_BREP_SHAPE_REPRESENTATION('',(#11,#12423),#12753);
#12423 = MANIFOLD_SOLID_BREP('',#12424);
#12424 = CLOSED_SHELL('',(#12425,#12545,#12621,#12692,#12739,#12746));
#12425 = ADVANCED_FACE('',(#12426),#12440,.T.);
#12426 = FACE_BOUND('',#12427,.T.);
#12427 = EDGE_LOOP('',(#12428,#12463,#12491,#12519));
#12428 = ORIENTED_EDGE('',*,*,#12429,.T.);
#12429 = EDGE_CURVE('',#12430,#12432,#12434,.T.);
#12430 = VERTEX_POINT('',#12431);
#12431 = CARTESIAN_POINT('',(-1.634998,0.70000114,0.E+000));
#12432 = VERTEX_POINT('',#12433);
#12433 = CARTESIAN_POINT('',(-1.634998,0.70000114,0.42499788));
#12434 = SURFACE_CURVE('',#12435,(#12439,#12451),.PCURVE_S1.);
#12435 = LINE('',#12436,#12437);
#12436 = CARTESIAN_POINT('',(-1.634998,0.70000114,0.E+000));
#12437 = VECTOR('',#12438,1.);
#12438 = DIRECTION('',(0.E+000,0.E+000,1.));
#12439 = PCURVE('',#12440,#12445);
#12440 = PLANE('',#12441);
#12441 = AXIS2_PLACEMENT_3D('',#12442,#12443,#12444);
#12442 = CARTESIAN_POINT('',(-1.634998,0.70000114,0.E+000));
#12443 = DIRECTION('',(0.E+000,1.,0.E+000));
#12444 = DIRECTION('',(1.,0.E+000,0.E+000));
#12445 = DEFINITIONAL_REPRESENTATION('',(#12446),#12450);
#12446 = LINE('',#12447,#12448);
#12447 = CARTESIAN_POINT('',(0.E+000,0.E+000));
#12448 = VECTOR('',#12449,1.);
#12449 = DIRECTION('',(0.E+000,-1.));
#12450 = ( GEOMETRIC_REPRESENTATION_CONTEXT(2) 
PARAMETRIC_REPRESENTATION_CONTEXT() REPRESENTATION_CONTEXT('2D SPACE',''
  ) );
#12451 = PCURVE('',#12452,#12457);
#12452 = PLANE('',#12453);
#12453 = AXIS2_PLACEMENT_3D('',#12454,#12455,#12456);
#12454 = CARTESIAN_POINT('',(-1.634998,-0.70000114,0.E+000));
#12455 = DIRECTION('',(-1.,0.E+000,0.E+000));
#12456 = DIRECTION('',(0.E+000,1.,0.E+000));
#12457 = DEFINITIONAL_REPRESENTATION('',(#12458),#12462);
#12458 = LINE('',#12459,#12460);
#12459 = CARTESIAN_POINT('',(1.40000228,0.E+000));
#12460 = VECTOR('',#12461,1.);
#12461 = DIRECTION('',(0.E+000,-1.));
#12462 = ( GEOMETRIC_REPRESENTATION_CONTEXT(2) 
PARAMETRIC_REPRESENTATION_CONTEXT() REPRESENTATION_CONTEXT('2D SPACE',''
  ) );
#12463 = ORIENTED_EDGE('',*,*,#12464,.T.);
#12464 = EDGE_CURVE('',#12432,#12465,#12467,.T.);
#12465 = VERTEX_POINT('',#12466);
#12466 = CARTESIAN_POINT('',(1.63500054,0.70000114,0.42499788));
#12467 = SURFACE_CURVE('',#12468,(#12472,#12479),.PCURVE_S1.);
#12468 = LINE('',#12469,#12470);
#12469 = CARTESIAN_POINT('',(-1.634998,0.70000114,0.42499788));
#12470 = VECTOR('',#12471,1.);
#12471 = DIRECTION('',(1.,0.E+000,0.E+000));
#12472 = PCURVE('',#12440,#12473);
#12473 = DEFINITIONAL_REPRESENTATION('',(#12474),#12478);
#12474 = LINE('',#12475,#12476);
#12475 = CARTESIAN_POINT('',(0.E+000,-0.42499788));
#12476 = VECTOR('',#12477,1.);
#12477 = DIRECTION('',(1.,0.E+000));
#12478 = ( GEOMETRIC_REPRESENTATION_CONTEXT(2) 
PARAMETRIC_REPRESENTATION_CONTEXT() REPRESENTATION_CONTEXT('2D SPACE',''
  ) );
#12479 = PCURVE('',#12480,#12485);
#12480 = PLANE('',#12481);
#12481 = AXIS2_PLACEMENT_3D('',#12482,#12483,#12484);
#12482 = CARTESIAN_POINT('',(-1.634998,0.70000114,0.42499788));
#12483 = DIRECTION('',(-0.E+000,0.E+000,1.));
#12484 = DIRECTION('',(1.,0.E+000,0.E+000));
#12485 = DEFINITIONAL_REPRESENTATION('',(#12486),#12490);
#12486 = LINE('',#12487,#12488);
#12487 = CARTESIAN_POINT('',(0.E+000,0.E+000));
#12488 = VECTOR('',#12489,1.);
#12489 = DIRECTION('',(1.,0.E+000));
#12490 = ( GEOMETRIC_REPRESENTATION_CONTEXT(2) 
PARAMETRIC_REPRESENTATION_CONTEXT() REPRESENTATION_CONTEXT('2D SPACE',''
  ) );
#12491 = ORIENTED_EDGE('',*,*,#12492,.F.);
#12492 = EDGE_CURVE('',#12493,#12465,#12495,.T.);
#12493 = VERTEX_POINT('',#12494);
#12494 = CARTESIAN_POINT('',(1.63500054,0.70000114,0.E+000));
#12495 = SURFACE_CURVE('',#12496,(#12500,#12507),.PCURVE_S1.);
#12496 = LINE('',#12497,#12498);
#12497 = CARTESIAN_POINT('',(1.63500054,0.70000114,0.E+000));
#12498 = VECTOR('',#12499,1.);
#12499 = DIRECTION('',(0.E+000,0.E+000,1.));
#12500 = PCURVE('',#12440,#12501);
#12501 = DEFINITIONAL_REPRESENTATION('',(#12502),#12506);
#12502 = LINE('',#12503,#12504);
#12503 = CARTESIAN_POINT('',(3.26999854,0.E+000));
#12504 = VECTOR('',#12505,1.);
#12505 = DIRECTION('',(0.E+000,-1.));
#12506 = ( GEOMETRIC_REPRESENTATION_CONTEXT(2) 
PARAMETRIC_REPRESENTATION_CONTEXT() REPRESENTATION_CONTEXT('2D SPACE',''
  ) );
#12507 = PCURVE('',#12508,#12513);
#12508 = PLANE('',#12509);
#12509 = AXIS2_PLACEMENT_3D('',#12510,#12511,#12512);
#12510 = CARTESIAN_POINT('',(1.63500054,0.70000114,0.E+000));
#12511 = DIRECTION('',(1.,0.E+000,-0.E+000));
#12512 = DIRECTION('',(0.E+000,-1.,0.E+000));
#12513 = DEFINITIONAL_REPRESENTATION('',(#12514),#12518);
#12514 = LINE('',#12515,#12516);
#12515 = CARTESIAN_POINT('',(0.E+000,0.E+000));
#12516 = VECTOR('',#12517,1.);
#12517 = DIRECTION('',(0.E+000,-1.));
#12518 = ( GEOMETRIC_REPRESENTATION_CONTEXT(2) 
PARAMETRIC_REPRESENTATION_CONTEXT() REPRESENTATION_CONTEXT('2D SPACE',''
  ) );
#12519 = ORIENTED_EDGE('',*,*,#12520,.F.);
#12520 = EDGE_CURVE('',#12430,#12493,#12521,.T.);
#12521 = SURFACE_CURVE('',#12522,(#12526,#12533),.PCURVE_S1.);
#12522 = LINE('',#12523,#12524);
#12523 = CARTESIAN_POINT('',(-1.634998,0.70000114,0.E+000));
#12524 = VECTOR('',#12525,1.);
#12525 = DIRECTION('',(1.,0.E+000,0.E+000));
#12526 = PCURVE('',#12440,#12527);
#12527 = DEFINITIONAL_REPRESENTATION('',(#12528),#12532);
#12528 = LINE('',#12529,#12530);
#12529 = CARTESIAN_POINT('',(0.E+000,0.E+000));
#12530 = VECTOR('',#12531,1.);
#12531 = DIRECTION('',(1.,0.E+000));
#12532 = ( GEOMETRIC_REPRESENTATION_CONTEXT(2) 
PARAMETRIC_REPRESENTATION_CONTEXT() REPRESENTATION_CONTEXT('2D SPACE',''
  ) );
#12533 = PCURVE('',#12534,#12539);
#12534 = PLANE('',#12535);
#12535 = AXIS2_PLACEMENT_3D('',#12536,#12537,#12538);
#12536 = CARTESIAN_POINT('',(-1.634998,0.70000114,0.E+000));
#12537 = DIRECTION('',(-0.E+000,0.E+000,1.));
#12538 = DIRECTION('',(1.,0.E+000,0.E+000));
#12539 = DEFINITIONAL_REPRESENTATION('',(#12540),#12544);
#12540 = LINE('',#12541,#12542);
#12541 = CARTESIAN_POINT('',(0.E+000,0.E+000));
#12542 = VECTOR('',#12543,1.);
#12543 = DIRECTION('',(1.,0.E+000));
#12544 = ( GEOMETRIC_REPRESENTATION_CONTEXT(2) 
PARAMETRIC_REPRESENTATION_CONTEXT() REPRESENTATION_CONTEXT('2D SPACE',''
  ) );
#12545 = ADVANCED_FACE('',(#12546),#12508,.T.);
#12546 = FACE_BOUND('',#12547,.T.);
#12547 = EDGE_LOOP('',(#12548,#12549,#12572,#12600));
#12548 = ORIENTED_EDGE('',*,*,#12492,.T.);
#12549 = ORIENTED_EDGE('',*,*,#12550,.T.);
#12550 = EDGE_CURVE('',#12465,#12551,#12553,.T.);
#12551 = VERTEX_POINT('',#12552);
#12552 = CARTESIAN_POINT('',(1.63500054,-0.70000114,0.42499788));
#12553 = SURFACE_CURVE('',#12554,(#12558,#12565),.PCURVE_S1.);
#12554 = LINE('',#12555,#12556);
#12555 = CARTESIAN_POINT('',(1.63500054,0.70000114,0.42499788));
#12556 = VECTOR('',#12557,1.);
#12557 = DIRECTION('',(0.E+000,-1.,0.E+000));
#12558 = PCURVE('',#12508,#12559);
#12559 = DEFINITIONAL_REPRESENTATION('',(#12560),#12564);
#12560 = LINE('',#12561,#12562);
#12561 = CARTESIAN_POINT('',(0.E+000,-0.42499788));
#12562 = VECTOR('',#12563,1.);
#12563 = DIRECTION('',(1.,0.E+000));
#12564 = ( GEOMETRIC_REPRESENTATION_CONTEXT(2) 
PARAMETRIC_REPRESENTATION_CONTEXT() REPRESENTATION_CONTEXT('2D SPACE',''
  ) );
#12565 = PCURVE('',#12480,#12566);
#12566 = DEFINITIONAL_REPRESENTATION('',(#12567),#12571);
#12567 = LINE('',#12568,#12569);
#12568 = CARTESIAN_POINT('',(3.26999854,0.E+000));
#12569 = VECTOR('',#12570,1.);
#12570 = DIRECTION('',(0.E+000,-1.));
#12571 = ( GEOMETRIC_REPRESENTATION_CONTEXT(2) 
PARAMETRIC_REPRESENTATION_CONTEXT() REPRESENTATION_CONTEXT('2D SPACE',''
  ) );
#12572 = ORIENTED_EDGE('',*,*,#12573,.F.);
#12573 = EDGE_CURVE('',#12574,#12551,#12576,.T.);
#12574 = VERTEX_POINT('',#12575);
#12575 = CARTESIAN_POINT('',(1.63500054,-0.70000114,0.E+000));
#12576 = SURFACE_CURVE('',#12577,(#12581,#12588),.PCURVE_S1.);
#12577 = LINE('',#12578,#12579);
#12578 = CARTESIAN_POINT('',(1.63500054,-0.70000114,0.E+000));
#12579 = VECTOR('',#12580,1.);
#12580 = DIRECTION('',(0.E+000,0.E+000,1.));
#12581 = PCURVE('',#12508,#12582);
#12582 = DEFINITIONAL_REPRESENTATION('',(#12583),#12587);
#12583 = LINE('',#12584,#12585);
#12584 = CARTESIAN_POINT('',(1.40000228,0.E+000));
#12585 = VECTOR('',#12586,1.);
#12586 = DIRECTION('',(0.E+000,-1.));
#12587 = ( GEOMETRIC_REPRESENTATION_CONTEXT(2) 
PARAMETRIC_REPRESENTATION_CONTEXT() REPRESENTATION_CONTEXT('2D SPACE',''
  ) );
#12588 = PCURVE('',#12589,#12594);
#12589 = PLANE('',#12590);
#12590 = AXIS2_PLACEMENT_3D('',#12591,#12592,#12593);
#12591 = CARTESIAN_POINT('',(1.63500054,-0.70000114,0.E+000));
#12592 = DIRECTION('',(0.E+000,-1.,0.E+000));
#12593 = DIRECTION('',(-1.,0.E+000,0.E+000));
#12594 = DEFINITIONAL_REPRESENTATION('',(#12595),#12599);
#12595 = LINE('',#12596,#12597);
#12596 = CARTESIAN_POINT('',(0.E+000,-0.E+000));
#12597 = VECTOR('',#12598,1.);
#12598 = DIRECTION('',(0.E+000,-1.));
#12599 = ( GEOMETRIC_REPRESENTATION_CONTEXT(2) 
PARAMETRIC_REPRESENTATION_CONTEXT() REPRESENTATION_CONTEXT('2D SPACE',''
  ) );
#12600 = ORIENTED_EDGE('',*,*,#12601,.F.);
#12601 = EDGE_CURVE('',#12493,#12574,#12602,.T.);
#12602 = SURFACE_CURVE('',#12603,(#12607,#12614),.PCURVE_S1.);
#12603 = LINE('',#12604,#12605);
#12604 = CARTESIAN_POINT('',(1.63500054,0.70000114,0.E+000));
#12605 = VECTOR('',#12606,1.);
#12606 = DIRECTION('',(0.E+000,-1.,0.E+000));
#12607 = PCURVE('',#12508,#12608);
#12608 = DEFINITIONAL_REPRESENTATION('',(#12609),#12613);
#12609 = LINE('',#12610,#12611);
#12610 = CARTESIAN_POINT('',(0.E+000,0.E+000));
#12611 = VECTOR('',#12612,1.);
#12612 = DIRECTION('',(1.,0.E+000));
#12613 = ( GEOMETRIC_REPRESENTATION_CONTEXT(2) 
PARAMETRIC_REPRESENTATION_CONTEXT() REPRESENTATION_CONTEXT('2D SPACE',''
  ) );
#12614 = PCURVE('',#12534,#12615);
#12615 = DEFINITIONAL_REPRESENTATION('',(#12616),#12620);
#12616 = LINE('',#12617,#12618);
#12617 = CARTESIAN_POINT('',(3.26999854,0.E+000));
#12618 = VECTOR('',#12619,1.);
#12619 = DIRECTION('',(0.E+000,-1.));
#12620 = ( GEOMETRIC_REPRESENTATION_CONTEXT(2) 
PARAMETRIC_REPRESENTATION_CONTEXT() REPRESENTATION_CONTEXT('2D SPACE',''
  ) );
#12621 = ADVANCED_FACE('',(#12622),#12589,.T.);
#12622 = FACE_BOUND('',#12623,.T.);
#12623 = EDGE_LOOP('',(#12624,#12625,#12648,#12671));
#12624 = ORIENTED_EDGE('',*,*,#12573,.T.);
#12625 = ORIENTED_EDGE('',*,*,#12626,.T.);
#12626 = EDGE_CURVE('',#12551,#12627,#12629,.T.);
#12627 = VERTEX_POINT('',#12628);
#12628 = CARTESIAN_POINT('',(-1.634998,-0.70000114,0.42499788));
#12629 = SURFACE_CURVE('',#12630,(#12634,#12641),.PCURVE_S1.);
#12630 = LINE('',#12631,#12632);
#12631 = CARTESIAN_POINT('',(1.63500054,-0.70000114,0.42499788));
#12632 = VECTOR('',#12633,1.);
#12633 = DIRECTION('',(-1.,0.E+000,0.E+000));
#12634 = PCURVE('',#12589,#12635);
#12635 = DEFINITIONAL_REPRESENTATION('',(#12636),#12640);
#12636 = LINE('',#12637,#12638);
#12637 = CARTESIAN_POINT('',(0.E+000,-0.42499788));
#12638 = VECTOR('',#12639,1.);
#12639 = DIRECTION('',(1.,0.E+000));
#12640 = ( GEOMETRIC_REPRESENTATION_CONTEXT(2) 
PARAMETRIC_REPRESENTATION_CONTEXT() REPRESENTATION_CONTEXT('2D SPACE',''
  ) );
#12641 = PCURVE('',#12480,#12642);
#12642 = DEFINITIONAL_REPRESENTATION('',(#12643),#12647);
#12643 = LINE('',#12644,#12645);
#12644 = CARTESIAN_POINT('',(3.26999854,-1.40000228));
#12645 = VECTOR('',#12646,1.);
#12646 = DIRECTION('',(-1.,0.E+000));
#12647 = ( GEOMETRIC_REPRESENTATION_CONTEXT(2) 
PARAMETRIC_REPRESENTATION_CONTEXT() REPRESENTATION_CONTEXT('2D SPACE',''
  ) );
#12648 = ORIENTED_EDGE('',*,*,#12649,.F.);
#12649 = EDGE_CURVE('',#12650,#12627,#12652,.T.);
#12650 = VERTEX_POINT('',#12651);
#12651 = CARTESIAN_POINT('',(-1.634998,-0.70000114,0.E+000));
#12652 = SURFACE_CURVE('',#12653,(#12657,#12664),.PCURVE_S1.);
#12653 = LINE('',#12654,#12655);
#12654 = CARTESIAN_POINT('',(-1.634998,-0.70000114,0.E+000));
#12655 = VECTOR('',#12656,1.);
#12656 = DIRECTION('',(0.E+000,0.E+000,1.));
#12657 = PCURVE('',#12589,#12658);
#12658 = DEFINITIONAL_REPRESENTATION('',(#12659),#12663);
#12659 = LINE('',#12660,#12661);
#12660 = CARTESIAN_POINT('',(3.26999854,0.E+000));
#12661 = VECTOR('',#12662,1.);
#12662 = DIRECTION('',(0.E+000,-1.));
#12663 = ( GEOMETRIC_REPRESENTATION_CONTEXT(2) 
PARAMETRIC_REPRESENTATION_CONTEXT() REPRESENTATION_CONTEXT('2D SPACE',''
  ) );
#12664 = PCURVE('',#12452,#12665);
#12665 = DEFINITIONAL_REPRESENTATION('',(#12666),#12670);
#12666 = LINE('',#12667,#12668);
#12667 = CARTESIAN_POINT('',(0.E+000,0.E+000));
#12668 = VECTOR('',#12669,1.);
#12669 = DIRECTION('',(0.E+000,-1.));
#12670 = ( GEOMETRIC_REPRESENTATION_CONTEXT(2) 
PARAMETRIC_REPRESENTATION_CONTEXT() REPRESENTATION_CONTEXT('2D SPACE',''
  ) );
#12671 = ORIENTED_EDGE('',*,*,#12672,.F.);
#12672 = EDGE_CURVE('',#12574,#12650,#12673,.T.);
#12673 = SURFACE_CURVE('',#12674,(#12678,#12685),.PCURVE_S1.);
#12674 = LINE('',#12675,#12676);
#12675 = CARTESIAN_POINT('',(1.63500054,-0.70000114,0.E+000));
#12676 = VECTOR('',#12677,1.);
#12677 = DIRECTION('',(-1.,0.E+000,0.E+000));
#12678 = PCURVE('',#12589,#12679);
#12679 = DEFINITIONAL_REPRESENTATION('',(#12680),#12684);
#12680 = LINE('',#12681,#12682);
#12681 = CARTESIAN_POINT('',(0.E+000,-0.E+000));
#12682 = VECTOR('',#12683,1.);
#12683 = DIRECTION('',(1.,0.E+000));
#12684 = ( GEOMETRIC_REPRESENTATION_CONTEXT(2) 
PARAMETRIC_REPRESENTATION_CONTEXT() REPRESENTATION_CONTEXT('2D SPACE',''
  ) );
#12685 = PCURVE('',#12534,#12686);
#12686 = DEFINITIONAL_REPRESENTATION('',(#12687),#12691);
#12687 = LINE('',#12688,#12689);
#12688 = CARTESIAN_POINT('',(3.26999854,-1.40000228));
#12689 = VECTOR('',#12690,1.);
#12690 = DIRECTION('',(-1.,0.E+000));
#12691 = ( GEOMETRIC_REPRESENTATION_CONTEXT(2) 
PARAMETRIC_REPRESENTATION_CONTEXT() REPRESENTATION_CONTEXT('2D SPACE',''
  ) );
#12692 = ADVANCED_FACE('',(#12693),#12452,.T.);
#12693 = FACE_BOUND('',#12694,.T.);
#12694 = EDGE_LOOP('',(#12695,#12696,#12717,#12718));
#12695 = ORIENTED_EDGE('',*,*,#12649,.T.);
#12696 = ORIENTED_EDGE('',*,*,#12697,.T.);
#12697 = EDGE_CURVE('',#12627,#12432,#12698,.T.);
#12698 = SURFACE_CURVE('',#12699,(#12703,#12710),.PCURVE_S1.);
#12699 = LINE('',#12700,#12701);
#12700 = CARTESIAN_POINT('',(-1.634998,-0.70000114,0.42499788));
#12701 = VECTOR('',#12702,1.);
#12702 = DIRECTION('',(0.E+000,1.,0.E+000));
#12703 = PCURVE('',#12452,#12704);
#12704 = DEFINITIONAL_REPRESENTATION('',(#12705),#12709);
#12705 = LINE('',#12706,#12707);
#12706 = CARTESIAN_POINT('',(0.E+000,-0.42499788));
#12707 = VECTOR('',#12708,1.);
#12708 = DIRECTION('',(1.,0.E+000));
#12709 = ( GEOMETRIC_REPRESENTATION_CONTEXT(2) 
PARAMETRIC_REPRESENTATION_CONTEXT() REPRESENTATION_CONTEXT('2D SPACE',''
  ) );
#12710 = PCURVE('',#12480,#12711);
#12711 = DEFINITIONAL_REPRESENTATION('',(#12712),#12716);
#12712 = LINE('',#12713,#12714);
#12713 = CARTESIAN_POINT('',(0.E+000,-1.40000228));
#12714 = VECTOR('',#12715,1.);
#12715 = DIRECTION('',(0.E+000,1.));
#12716 = ( GEOMETRIC_REPRESENTATION_CONTEXT(2) 
PARAMETRIC_REPRESENTATION_CONTEXT() REPRESENTATION_CONTEXT('2D SPACE',''
  ) );
#12717 = ORIENTED_EDGE('',*,*,#12429,.F.);
#12718 = ORIENTED_EDGE('',*,*,#12719,.F.);
#12719 = EDGE_CURVE('',#12650,#12430,#12720,.T.);
#12720 = SURFACE_CURVE('',#12721,(#12725,#12732),.PCURVE_S1.);
#12721 = LINE('',#12722,#12723);
#12722 = CARTESIAN_POINT('',(-1.634998,-0.70000114,0.E+000));
#12723 = VECTOR('',#12724,1.);
#12724 = DIRECTION('',(0.E+000,1.,0.E+000));
#12725 = PCURVE('',#12452,#12726);
#12726 = DEFINITIONAL_REPRESENTATION('',(#12727),#12731);
#12727 = LINE('',#12728,#12729);
#12728 = CARTESIAN_POINT('',(0.E+000,0.E+000));
#12729 = VECTOR('',#12730,1.);
#12730 = DIRECTION('',(1.,0.E+000));
#12731 = ( GEOMETRIC_REPRESENTATION_CONTEXT(2) 
PARAMETRIC_REPRESENTATION_CONTEXT() REPRESENTATION_CONTEXT('2D SPACE',''
  ) );
#12732 = PCURVE('',#12534,#12733);
#12733 = DEFINITIONAL_REPRESENTATION('',(#12734),#12738);
#12734 = LINE('',#12735,#12736);
#12735 = CARTESIAN_POINT('',(0.E+000,-1.40000228));
#12736 = VECTOR('',#12737,1.);
#12737 = DIRECTION('',(0.E+000,1.));
#12738 = ( GEOMETRIC_REPRESENTATION_CONTEXT(2) 
PARAMETRIC_REPRESENTATION_CONTEXT() REPRESENTATION_CONTEXT('2D SPACE',''
  ) );
#12739 = ADVANCED_FACE('',(#12740),#12534,.F.);
#12740 = FACE_BOUND('',#12741,.T.);
#12741 = EDGE_LOOP('',(#12742,#12743,#12744,#12745));
#12742 = ORIENTED_EDGE('',*,*,#12520,.T.);
#12743 = ORIENTED_EDGE('',*,*,#12601,.T.);
#12744 = ORIENTED_EDGE('',*,*,#12672,.T.);
#12745 = ORIENTED_EDGE('',*,*,#12719,.T.);
#12746 = ADVANCED_FACE('',(#12747),#12480,.T.);
#12747 = FACE_BOUND('',#12748,.F.);
#12748 = EDGE_LOOP('',(#12749,#12750,#12751,#12752));
#12749 = ORIENTED_EDGE('',*,*,#12464,.T.);
#12750 = ORIENTED_EDGE('',*,*,#12550,.T.);
#12751 = ORIENTED_EDGE('',*,*,#12626,.T.);
#12752 = ORIENTED_EDGE('',*,*,#12697,.T.);
#12753 = ( GEOMETRIC_REPRESENTATION_CONTEXT(3) 
GLOBAL_UNCERTAINTY_ASSIGNED_CONTEXT((#12757)) 
GLOBAL_UNIT_ASSIGNED_CONTEXT((#12754,#12755,#12756)) 
REPRESENTATION_CONTEXT('Context #1',
  '3D Context with UNIT and UNCERTAINTY') );
#12754 = ( LENGTH_UNIT() NAMED_UNIT(*) SI_UNIT(.MILLI.,.METRE.) );
#12755 = ( NAMED_UNIT(*) PLANE_ANGLE_UNIT() SI_UNIT($,.RADIAN.) );
#12756 = ( NAMED_UNIT(*) SI_UNIT($,.STERADIAN.) SOLID_ANGLE_UNIT() );
#12757 = UNCERTAINTY_MEASURE_WITH_UNIT(LENGTH_MEASURE(1.E-007),#12754,
  'distance_accuracy_value','confusion accuracy');
#12758 = SHAPE_DEFINITION_REPRESENTATION(#12759,#12422);
#12759 = PRODUCT_DEFINITION_SHAPE('','',#12760);
#12760 = PRODUCT_DEFINITION('design','',#12761,#12764);
#12761 = PRODUCT_DEFINITION_FORMATION('','',#12762);
#12762 = PRODUCT('Extruded','Extruded','',(#12763));
#12763 = PRODUCT_CONTEXT('',#2,'mechanical');
#12764 = PRODUCT_DEFINITION_CONTEXT('part definition',#2,'design');
#12765 = CONTEXT_DEPENDENT_SHAPE_REPRESENTATION(#12766,#12768);
#12766 = ( REPRESENTATION_RELATIONSHIP('','',#12422,#12412) 
REPRESENTATION_RELATIONSHIP_WITH_TRANSFORMATION(#12767) 
SHAPE_REPRESENTATION_RELATIONSHIP() );
#12767 = ITEM_DEFINED_TRANSFORMATION('','',#11,#12413);
#12768 = PRODUCT_DEFINITION_SHAPE('Placement','Placement of an item',
  #12769);
#12769 = NEXT_ASSEMBLY_USAGE_OCCURRENCE('88','=>[0:1:1:2]','',#12407,
  #12760,$);
#12770 = PRODUCT_RELATED_PRODUCT_CATEGORY('part',$,(#12762));
#12771 = CONTEXT_DEPENDENT_SHAPE_REPRESENTATION(#12772,#12774);
#12772 = ( REPRESENTATION_RELATIONSHIP('','',#12412,#12010) 
REPRESENTATION_RELATIONSHIP_WITH_TRANSFORMATION(#12773) 
SHAPE_REPRESENTATION_RELATIONSHIP() );
#12773 = ITEM_DEFINED_TRANSFORMATION('','',#11,#12019);
#12774 = PRODUCT_DEFINITION_SHAPE('Placement','Placement of an item',
  #12775);
#12775 = NEXT_ASSEMBLY_USAGE_OCCURRENCE('89','=>[0:1:1:41]','',#12005,
  #12407,$);
#12776 = PRODUCT_RELATED_PRODUCT_CATEGORY('part',$,(#12409));
#12777 = CONTEXT_DEPENDENT_SHAPE_REPRESENTATION(#12778,#12780);
#12778 = ( REPRESENTATION_RELATIONSHIP('','',#12010,#10) 
REPRESENTATION_RELATIONSHIP_WITH_TRANSFORMATION(#12779) 
SHAPE_REPRESENTATION_RELATIONSHIP() );
#12779 = ITEM_DEFINED_TRANSFORMATION('','',#11,#95);
#12780 = PRODUCT_DEFINITION_SHAPE('Placement','Placement of an item',
  #12781);
#12781 = NEXT_ASSEMBLY_USAGE_OCCURRENCE('90','=>[0:1:1:38]','',#5,#12005
  ,$);
#12782 = PRODUCT_RELATED_PRODUCT_CATEGORY('part',$,(#12007));
#12783 = SHAPE_DEFINITION_REPRESENTATION(#12784,#12790);
#12784 = PRODUCT_DEFINITION_SHAPE('','',#12785);
#12785 = PRODUCT_DEFINITION('design','',#12786,#12789);
#12786 = PRODUCT_DEFINITION_FORMATION('','',#12787);
#12787 = PRODUCT('C11','C11','',(#12788));
#12788 = PRODUCT_CONTEXT('',#2,'mechanical');
#12789 = PRODUCT_DEFINITION_CONTEXT('part definition',#2,'design');
#12790 = SHAPE_REPRESENTATION('',(#11,#12791,#12795,#12799),#12803);
#12791 = AXIS2_PLACEMENT_3D('',#12792,#12793,#12794);
#12792 = CARTESIAN_POINT('',(61.239397838281,9.62502667791,
    2.500120922923E-002));
#12793 = DIRECTION('',(0.E+000,0.E+000,1.));
#12794 = DIRECTION('',(1.,0.E+000,0.E+000));
#12795 = AXIS2_PLACEMENT_3D('',#12796,#12797,#12798);
#12796 = CARTESIAN_POINT('',(61.249483897852,11.120140050713,
    1.000759541057E-003));
#12797 = DIRECTION('',(0.E+000,0.E+000,1.));
#12798 = DIRECTION('',(1.,0.E+000,0.E+000));
#12799 = AXIS2_PLACEMENT_3D('',#12800,#12801,#12802);
#12800 = CARTESIAN_POINT('',(61.249483897852,8.099918340508,
    1.000759541057E-003));
#12801 = DIRECTION('',(0.E+000,0.E+000,1.));
#12802 = DIRECTION('',(1.,0.E+000,0.E+000));
#12803 = ( GEOMETRIC_REPRESENTATION_CONTEXT(3) 
GLOBAL_UNCERTAINTY_ASSIGNED_CONTEXT((#12807)) 
GLOBAL_UNIT_ASSIGNED_CONTEXT((#12804,#12805,#12806)) 
REPRESENTATION_CONTEXT('Context #1',
  '3D Context with UNIT and UNCERTAINTY') );
#12804 = ( LENGTH_UNIT() NAMED_UNIT(*) SI_UNIT(.MILLI.,.METRE.) );
#12805 = ( NAMED_UNIT(*) PLANE_ANGLE_UNIT() SI_UNIT($,.RADIAN.) );
#12806 = ( NAMED_UNIT(*) SI_UNIT($,.STERADIAN.) SOLID_ANGLE_UNIT() );
#12807 = UNCERTAINTY_MEASURE_WITH_UNIT(LENGTH_MEASURE(1.E-007),#12804,
  'distance_accuracy_value','confusion accuracy');
#12808 = CONTEXT_DEPENDENT_SHAPE_REPRESENTATION(#12809,#12811);
#12809 = ( REPRESENTATION_RELATIONSHIP('','',#7298,#12790) 
REPRESENTATION_RELATIONSHIP_WITH_TRANSFORMATION(#12810) 
SHAPE_REPRESENTATION_RELATIONSHIP() );
#12810 = ITEM_DEFINED_TRANSFORMATION('','',#11,#12791);
#12811 = PRODUCT_DEFINITION_SHAPE('Placement','Placement of an item',
  #12812);
#12812 = NEXT_ASSEMBLY_USAGE_OCCURRENCE('91','=>[0:1:1:4]','',#12785,
  #7293,$);
#12813 = CONTEXT_DEPENDENT_SHAPE_REPRESENTATION(#12814,#12816);
#12814 = ( REPRESENTATION_RELATIONSHIP('','',#7670,#12790) 
REPRESENTATION_RELATIONSHIP_WITH_TRANSFORMATION(#12815) 
SHAPE_REPRESENTATION_RELATIONSHIP() );
#12815 = ITEM_DEFINED_TRANSFORMATION('','',#11,#12795);
#12816 = PRODUCT_DEFINITION_SHAPE('Placement','Placement of an item',
  #12817);
#12817 = NEXT_ASSEMBLY_USAGE_OCCURRENCE('92','=>[0:1:1:6]','',#12785,
  #7665,$);
#12818 = CONTEXT_DEPENDENT_SHAPE_REPRESENTATION(#12819,#12821);
#12819 = ( REPRESENTATION_RELATIONSHIP('','',#7670,#12790) 
REPRESENTATION_RELATIONSHIP_WITH_TRANSFORMATION(#12820) 
SHAPE_REPRESENTATION_RELATIONSHIP() );
#12820 = ITEM_DEFINED_TRANSFORMATION('','',#11,#12799);
#12821 = PRODUCT_DEFINITION_SHAPE('Placement','Placement of an item',
  #12822);
#12822 = NEXT_ASSEMBLY_USAGE_OCCURRENCE('93','=>[0:1:1:6]','',#12785,
  #7665,$);
#12823 = CONTEXT_DEPENDENT_SHAPE_REPRESENTATION(#12824,#12826);
#12824 = ( REPRESENTATION_RELATIONSHIP('','',#12790,#10) 
REPRESENTATION_RELATIONSHIP_WITH_TRANSFORMATION(#12825) 
SHAPE_REPRESENTATION_RELATIONSHIP() );
#12825 = ITEM_DEFINED_TRANSFORMATION('','',#11,#99);
#12826 = PRODUCT_DEFINITION_SHAPE('Placement','Placement of an item',
  #12827);
#12827 = NEXT_ASSEMBLY_USAGE_OCCURRENCE('94','=>[0:1:1:43]','',#5,#12785
  ,$);
#12828 = PRODUCT_RELATED_PRODUCT_CATEGORY('part',$,(#12787));
#12829 = SHAPE_DEFINITION_REPRESENTATION(#12830,#12836);
#12830 = PRODUCT_DEFINITION_SHAPE('','',#12831);
#12831 = PRODUCT_DEFINITION('design','',#12832,#12835);
#12832 = PRODUCT_DEFINITION_FORMATION('','',#12833);
#12833 = PRODUCT('C12','C12','',(#12834));
#12834 = PRODUCT_CONTEXT('',#2,'mechanical');
#12835 = PRODUCT_DEFINITION_CONTEXT('part definition',#2,'design');
#12836 = SHAPE_REPRESENTATION('',(#11,#12837,#12841,#12845),#12849);
#12837 = AXIS2_PLACEMENT_3D('',#12838,#12839,#12840);
#12838 = CARTESIAN_POINT('',(58.690401866602,9.610027288262,
    2.500120922923E-002));
#12839 = DIRECTION('',(0.E+000,0.E+000,1.));
#12840 = DIRECTION('',(1.,0.E+000,0.E+000));
#12841 = AXIS2_PLACEMENT_3D('',#12842,#12843,#12844);
#12842 = CARTESIAN_POINT('',(58.700480296777,11.105140661064,
    1.000759541057E-003));
#12843 = DIRECTION('',(0.E+000,0.E+000,1.));
#12844 = DIRECTION('',(1.,0.E+000,0.E+000));
#12845 = AXIS2_PLACEMENT_3D('',#12846,#12847,#12848);
#12846 = CARTESIAN_POINT('',(58.700480296777,8.084915136162,
    1.000759541057E-003));
#12847 = DIRECTION('',(0.E+000,0.E+000,1.));
#12848 = DIRECTION('',(1.,0.E+000,0.E+000));
#12849 = ( GEOMETRIC_REPRESENTATION_CONTEXT(3) 
GLOBAL_UNCERTAINTY_ASSIGNED_CONTEXT((#12853)) 
GLOBAL_UNIT_ASSIGNED_CONTEXT((#12850,#12851,#12852)) 
REPRESENTATION_CONTEXT('Context #1',
  '3D Context with UNIT and UNCERTAINTY') );
#12850 = ( LENGTH_UNIT() NAMED_UNIT(*) SI_UNIT(.MILLI.,.METRE.) );
#12851 = ( NAMED_UNIT(*) PLANE_ANGLE_UNIT() SI_UNIT($,.RADIAN.) );
#12852 = ( NAMED_UNIT(*) SI_UNIT($,.STERADIAN.) SOLID_ANGLE_UNIT() );
#12853 = UNCERTAINTY_MEASURE_WITH_UNIT(LENGTH_MEASURE(1.E-007),#12850,
  'distance_accuracy_value','confusion accuracy');
#12854 = CONTEXT_DEPENDENT_SHAPE_REPRESENTATION(#12855,#12857);
#12855 = ( REPRESENTATION_RELATIONSHIP('','',#7298,#12836) 
REPRESENTATION_RELATIONSHIP_WITH_TRANSFORMATION(#12856) 
SHAPE_REPRESENTATION_RELATIONSHIP() );
#12856 = ITEM_DEFINED_TRANSFORMATION('','',#11,#12837);
#12857 = PRODUCT_DEFINITION_SHAPE('Placement','Placement of an item',
  #12858);
#12858 = NEXT_ASSEMBLY_USAGE_OCCURRENCE('95','=>[0:1:1:4]','',#12831,
  #7293,$);
#12859 = CONTEXT_DEPENDENT_SHAPE_REPRESENTATION(#12860,#12862);
#12860 = ( REPRESENTATION_RELATIONSHIP('','',#7670,#12836) 
REPRESENTATION_RELATIONSHIP_WITH_TRANSFORMATION(#12861) 
SHAPE_REPRESENTATION_RELATIONSHIP() );
#12861 = ITEM_DEFINED_TRANSFORMATION('','',#11,#12841);
#12862 = PRODUCT_DEFINITION_SHAPE('Placement','Placement of an item',
  #12863);
#12863 = NEXT_ASSEMBLY_USAGE_OCCURRENCE('96','=>[0:1:1:6]','',#12831,
  #7665,$);
#12864 = CONTEXT_DEPENDENT_SHAPE_REPRESENTATION(#12865,#12867);
#12865 = ( REPRESENTATION_RELATIONSHIP('','',#7670,#12836) 
REPRESENTATION_RELATIONSHIP_WITH_TRANSFORMATION(#12866) 
SHAPE_REPRESENTATION_RELATIONSHIP() );
#12866 = ITEM_DEFINED_TRANSFORMATION('','',#11,#12845);
#12867 = PRODUCT_DEFINITION_SHAPE('Placement','Placement of an item',
  #12868);
#12868 = NEXT_ASSEMBLY_USAGE_OCCURRENCE('97','=>[0:1:1:6]','',#12831,
  #7665,$);
#12869 = CONTEXT_DEPENDENT_SHAPE_REPRESENTATION(#12870,#12872);
#12870 = ( REPRESENTATION_RELATIONSHIP('','',#12836,#10) 
REPRESENTATION_RELATIONSHIP_WITH_TRANSFORMATION(#12871) 
SHAPE_REPRESENTATION_RELATIONSHIP() );
#12871 = ITEM_DEFINED_TRANSFORMATION('','',#11,#103);
#12872 = PRODUCT_DEFINITION_SHAPE('Placement','Placement of an item',
  #12873);
#12873 = NEXT_ASSEMBLY_USAGE_OCCURRENCE('98','=>[0:1:1:44]','',#5,#12831
  ,$);
#12874 = PRODUCT_RELATED_PRODUCT_CATEGORY('part',$,(#12833));
#12875 = SHAPE_DEFINITION_REPRESENTATION(#12876,#12882);
#12876 = PRODUCT_DEFINITION_SHAPE('','',#12877);
#12877 = PRODUCT_DEFINITION('design','',#12878,#12881);
#12878 = PRODUCT_DEFINITION_FORMATION('','',#12879);
#12879 = PRODUCT('C2','C2','',(#12880));
#12880 = PRODUCT_CONTEXT('',#2,'mechanical');
#12881 = PRODUCT_DEFINITION_CONTEXT('part definition',#2,'design');
#12882 = SHAPE_REPRESENTATION('',(#11,#12883,#12887,#12891),#12895);
#12883 = AXIS2_PLACEMENT_3D('',#12884,#12885,#12886);
#12884 = CARTESIAN_POINT('',(45.120478465723,28.561111425225,
    -0.91147851944));
#12885 = DIRECTION('',(0.E+000,0.E+000,1.));
#12886 = DIRECTION('',(1.,0.E+000,0.E+000));
#12887 = AXIS2_PLACEMENT_3D('',#12888,#12889,#12890);
#12888 = CARTESIAN_POINT('',(45.120478465723,25.54088971502,
    -0.91147851944));
#12889 = DIRECTION('',(0.E+000,0.E+000,1.));
#12890 = DIRECTION('',(1.,0.E+000,0.E+000));
#12891 = AXIS2_PLACEMENT_3D('',#12892,#12893,#12894);
#12892 = CARTESIAN_POINT('',(45.110400035547,27.035999273125,
    -0.861478745937));
#12893 = DIRECTION('',(0.E+000,0.E+000,1.));
#12894 = DIRECTION('',(1.,0.E+000,0.E+000));
#12895 = ( GEOMETRIC_REPRESENTATION_CONTEXT(3) 
GLOBAL_UNCERTAINTY_ASSIGNED_CONTEXT((#12899)) 
GLOBAL_UNIT_ASSIGNED_CONTEXT((#12896,#12897,#12898)) 
REPRESENTATION_CONTEXT('Context #1',
  '3D Context with UNIT and UNCERTAINTY') );
#12896 = ( LENGTH_UNIT() NAMED_UNIT(*) SI_UNIT(.MILLI.,.METRE.) );
#12897 = ( NAMED_UNIT(*) PLANE_ANGLE_UNIT() SI_UNIT($,.RADIAN.) );
#12898 = ( NAMED_UNIT(*) SI_UNIT($,.STERADIAN.) SOLID_ANGLE_UNIT() );
#12899 = UNCERTAINTY_MEASURE_WITH_UNIT(LENGTH_MEASURE(1.E-007),#12896,
  'distance_accuracy_value','confusion accuracy');
#12900 = CONTEXT_DEPENDENT_SHAPE_REPRESENTATION(#12901,#12903);
#12901 = ( REPRESENTATION_RELATIONSHIP('','',#7670,#12882) 
REPRESENTATION_RELATIONSHIP_WITH_TRANSFORMATION(#12902) 
SHAPE_REPRESENTATION_RELATIONSHIP() );
#12902 = ITEM_DEFINED_TRANSFORMATION('','',#11,#12883);
#12903 = PRODUCT_DEFINITION_SHAPE('Placement','Placement of an item',
  #12904);
#12904 = NEXT_ASSEMBLY_USAGE_OCCURRENCE('99','=>[0:1:1:6]','',#12877,
  #7665,$);
#12905 = CONTEXT_DEPENDENT_SHAPE_REPRESENTATION(#12906,#12908);
#12906 = ( REPRESENTATION_RELATIONSHIP('','',#7670,#12882) 
REPRESENTATION_RELATIONSHIP_WITH_TRANSFORMATION(#12907) 
SHAPE_REPRESENTATION_RELATIONSHIP() );
#12907 = ITEM_DEFINED_TRANSFORMATION('','',#11,#12887);
#12908 = PRODUCT_DEFINITION_SHAPE('Placement','Placement of an item',
  #12909);
#12909 = NEXT_ASSEMBLY_USAGE_OCCURRENCE('100','=>[0:1:1:6]','',#12877,
  #7665,$);
#12910 = CONTEXT_DEPENDENT_SHAPE_REPRESENTATION(#12911,#12913);
#12911 = ( REPRESENTATION_RELATIONSHIP('','',#7298,#12882) 
REPRESENTATION_RELATIONSHIP_WITH_TRANSFORMATION(#12912) 
SHAPE_REPRESENTATION_RELATIONSHIP() );
#12912 = ITEM_DEFINED_TRANSFORMATION('','',#11,#12891);
#12913 = PRODUCT_DEFINITION_SHAPE('Placement','Placement of an item',
  #12914);
#12914 = NEXT_ASSEMBLY_USAGE_OCCURRENCE('101','=>[0:1:1:4]','',#12877,
  #7293,$);
#12915 = CONTEXT_DEPENDENT_SHAPE_REPRESENTATION(#12916,#12918);
#12916 = ( REPRESENTATION_RELATIONSHIP('','',#12882,#10) 
REPRESENTATION_RELATIONSHIP_WITH_TRANSFORMATION(#12917) 
SHAPE_REPRESENTATION_RELATIONSHIP() );
#12917 = ITEM_DEFINED_TRANSFORMATION('','',#11,#107);
#12918 = PRODUCT_DEFINITION_SHAPE('Placement','Placement of an item',
  #12919);
#12919 = NEXT_ASSEMBLY_USAGE_OCCURRENCE('102','=>[0:1:1:45]','',#5,
  #12877,$);
#12920 = PRODUCT_RELATED_PRODUCT_CATEGORY('part',$,(#12879));
#12921 = SHAPE_DEFINITION_REPRESENTATION(#12922,#12928);
#12922 = PRODUCT_DEFINITION_SHAPE('','',#12923);
#12923 = PRODUCT_DEFINITION('design','',#12924,#12927);
#12924 = PRODUCT_DEFINITION_FORMATION('','',#12925);
#12925 = PRODUCT('Led1','Led1','',(#12926));
#12926 = PRODUCT_CONTEXT('',#2,'mechanical');
#12927 = PRODUCT_DEFINITION_CONTEXT('part definition',#2,'design');
#12928 = SHAPE_REPRESENTATION('',(#11,#12929,#12933,#12937,#12941),
  #12945);
#12929 = AXIS2_PLACEMENT_3D('',#12930,#12931,#12932);
#12930 = CARTESIAN_POINT('',(63.754000499414,9.433898900811,
    0.507999777794));
#12931 = DIRECTION('',(0.E+000,0.E+000,1.));
#12932 = DIRECTION('',(1.,0.E+000,0.E+000));
#12933 = AXIS2_PLACEMENT_3D('',#12934,#12935,#12936);
#12934 = CARTESIAN_POINT('',(63.754000499414,9.433898900811,
    2.539998851717E-002));
#12935 = DIRECTION('',(0.E+000,0.E+000,1.));
#12936 = DIRECTION('',(1.,0.E+000,0.E+000));
#12937 = AXIS2_PLACEMENT_3D('',#12938,#12939,#12940);
#12938 = CARTESIAN_POINT('',(63.754000499414,8.468696569268,
    1.000759541057E-003));
#12939 = DIRECTION('',(0.E+000,0.E+000,1.));
#12940 = DIRECTION('',(1.,0.E+000,0.E+000));
#12941 = AXIS2_PLACEMENT_3D('',#12942,#12943,#12944);
#12942 = CARTESIAN_POINT('',(63.754000499414,10.399097417656,
    1.000759541057E-003));
#12943 = DIRECTION('',(0.E+000,0.E+000,1.));
#12944 = DIRECTION('',(1.,0.E+000,0.E+000));
#12945 = ( GEOMETRIC_REPRESENTATION_CONTEXT(3) 
GLOBAL_UNCERTAINTY_ASSIGNED_CONTEXT((#12949)) 
GLOBAL_UNIT_ASSIGNED_CONTEXT((#12946,#12947,#12948)) 
REPRESENTATION_CONTEXT('Context #1',
  '3D Context with UNIT and UNCERTAINTY') );
#12946 = ( LENGTH_UNIT() NAMED_UNIT(*) SI_UNIT(.MILLI.,.METRE.) );
#12947 = ( NAMED_UNIT(*) PLANE_ANGLE_UNIT() SI_UNIT($,.RADIAN.) );
#12948 = ( NAMED_UNIT(*) SI_UNIT($,.STERADIAN.) SOLID_ANGLE_UNIT() );
#12949 = UNCERTAINTY_MEASURE_WITH_UNIT(LENGTH_MEASURE(1.E-007),#12946,
  'distance_accuracy_value','confusion accuracy');
#12950 = SHAPE_DEFINITION_REPRESENTATION(#12951,#12957);
#12951 = PRODUCT_DEFINITION_SHAPE('','',#12952);
#12952 = PRODUCT_DEFINITION('design','',#12953,#12956);
#12953 = PRODUCT_DEFINITION_FORMATION('','',#12954);
#12954 = PRODUCT('868861200','868861200','',(#12955));
#12955 = PRODUCT_CONTEXT('',#2,'mechanical');
#12956 = PRODUCT_DEFINITION_CONTEXT('part definition',#2,'design');
#12957 = SHAPE_REPRESENTATION('',(#11,#12958),#12962);
#12958 = AXIS2_PLACEMENT_3D('',#12959,#12960,#12961);
#12959 = CARTESIAN_POINT('',(0.E+000,0.E+000,0.E+000));
#12960 = DIRECTION('',(0.E+000,0.E+000,1.));
#12961 = DIRECTION('',(1.,0.E+000,0.E+000));
#12962 = ( GEOMETRIC_REPRESENTATION_CONTEXT(3) 
GLOBAL_UNCERTAINTY_ASSIGNED_CONTEXT((#12966)) 
GLOBAL_UNIT_ASSIGNED_CONTEXT((#12963,#12964,#12965)) 
REPRESENTATION_CONTEXT('Context #1',
  '3D Context with UNIT and UNCERTAINTY') );
#12963 = ( LENGTH_UNIT() NAMED_UNIT(*) SI_UNIT(.MILLI.,.METRE.) );
#12964 = ( NAMED_UNIT(*) PLANE_ANGLE_UNIT() SI_UNIT($,.RADIAN.) );
#12965 = ( NAMED_UNIT(*) SI_UNIT($,.STERADIAN.) SOLID_ANGLE_UNIT() );
#12966 = UNCERTAINTY_MEASURE_WITH_UNIT(LENGTH_MEASURE(1.E-007),#12963,
  'distance_accuracy_value','confusion accuracy');
#12967 = ADVANCED_BREP_SHAPE_REPRESENTATION('',(#11,#12968),#13766);
#12968 = MANIFOLD_SOLID_BREP('',#12969);
#12969 = CLOSED_SHELL('',(#12970,#13090,#13166,#13242,#13318,#13394,
    #13470,#13546,#13622,#13693,#13740,#13753));
#12970 = ADVANCED_FACE('',(#12971),#12985,.F.);
#12971 = FACE_BOUND('',#12972,.F.);
#12972 = EDGE_LOOP('',(#12973,#13008,#13036,#13064));
#12973 = ORIENTED_EDGE('',*,*,#12974,.T.);
#12974 = EDGE_CURVE('',#12975,#12977,#12979,.T.);
#12975 = VERTEX_POINT('',#12976);
#12976 = CARTESIAN_POINT('',(-0.381,-0.2794,0.E+000));
#12977 = VERTEX_POINT('',#12978);
#12978 = CARTESIAN_POINT('',(-0.381,-0.2794,2.54E-004));
#12979 = SURFACE_CURVE('',#12980,(#12984,#12996),.PCURVE_S1.);
#12980 = LINE('',#12981,#12982);
#12981 = CARTESIAN_POINT('',(-0.381,-0.2794,0.E+000));
#12982 = VECTOR('',#12983,1.);
#12983 = DIRECTION('',(0.E+000,0.E+000,1.));
#12984 = PCURVE('',#12985,#12990);
#12985 = PLANE('',#12986);
#12986 = AXIS2_PLACEMENT_3D('',#12987,#12988,#12989);
#12987 = CARTESIAN_POINT('',(-0.381,-0.2794,0.E+000));
#12988 = DIRECTION('',(-0.554700196225,-0.832050294338,0.E+000));
#12989 = DIRECTION('',(-0.832050294338,0.554700196225,0.E+000));
#12990 = DEFINITIONAL_REPRESENTATION('',(#12991),#12995);
#12991 = LINE('',#12992,#12993);
#12992 = CARTESIAN_POINT('',(0.E+000,0.E+000));
#12993 = VECTOR('',#12994,1.);
#12994 = DIRECTION('',(0.E+000,-1.));
#12995 = ( GEOMETRIC_REPRESENTATION_CONTEXT(2) 
PARAMETRIC_REPRESENTATION_CONTEXT() REPRESENTATION_CONTEXT('2D SPACE',''
  ) );
#12996 = PCURVE('',#12997,#13002);
#12997 = PLANE('',#12998);
#12998 = AXIS2_PLACEMENT_3D('',#12999,#13000,#13001);
#12999 = CARTESIAN_POINT('',(0.3048,-0.2794,0.E+000));
#13000 = DIRECTION('',(0.E+000,-1.,0.E+000));
#13001 = DIRECTION('',(-1.,0.E+000,0.E+000));
#13002 = DEFINITIONAL_REPRESENTATION('',(#13003),#13007);
#13003 = LINE('',#13004,#13005);
#13004 = CARTESIAN_POINT('',(0.6858,0.E+000));
#13005 = VECTOR('',#13006,1.);
#13006 = DIRECTION('',(0.E+000,-1.));
#13007 = ( GEOMETRIC_REPRESENTATION_CONTEXT(2) 
PARAMETRIC_REPRESENTATION_CONTEXT() REPRESENTATION_CONTEXT('2D SPACE',''
  ) );
#13008 = ORIENTED_EDGE('',*,*,#13009,.T.);
#13009 = EDGE_CURVE('',#12977,#13010,#13012,.T.);
#13010 = VERTEX_POINT('',#13011);
#13011 = CARTESIAN_POINT('',(-0.4572,-0.2286,2.54E-004));
#13012 = SURFACE_CURVE('',#13013,(#13017,#13024),.PCURVE_S1.);
#13013 = LINE('',#13014,#13015);
#13014 = CARTESIAN_POINT('',(-0.381,-0.2794,2.54E-004));
#13015 = VECTOR('',#13016,1.);
#13016 = DIRECTION('',(-0.832050294338,0.554700196225,0.E+000));
#13017 = PCURVE('',#12985,#13018);
#13018 = DEFINITIONAL_REPRESENTATION('',(#13019),#13023);
#13019 = LINE('',#13020,#13021);
#13020 = CARTESIAN_POINT('',(0.E+000,-2.54E-004));
#13021 = VECTOR('',#13022,1.);
#13022 = DIRECTION('',(1.,0.E+000));
#13023 = ( GEOMETRIC_REPRESENTATION_CONTEXT(2) 
PARAMETRIC_REPRESENTATION_CONTEXT() REPRESENTATION_CONTEXT('2D SPACE',''
  ) );
#13024 = PCURVE('',#13025,#13030);
#13025 = PLANE('',#13026);
#13026 = AXIS2_PLACEMENT_3D('',#13027,#13028,#13029);
#13027 = CARTESIAN_POINT('',(-0.381,-0.2794,2.54E-004));
#13028 = DIRECTION('',(-0.E+000,0.E+000,-1.));
#13029 = DIRECTION('',(-1.,0.E+000,0.E+000));
#13030 = DEFINITIONAL_REPRESENTATION('',(#13031),#13035);
#13031 = LINE('',#13032,#13033);
#13032 = CARTESIAN_POINT('',(0.E+000,0.E+000));
#13033 = VECTOR('',#13034,1.);
#13034 = DIRECTION('',(0.832050294338,0.554700196225));
#13035 = ( GEOMETRIC_REPRESENTATION_CONTEXT(2) 
PARAMETRIC_REPRESENTATION_CONTEXT() REPRESENTATION_CONTEXT('2D SPACE',''
  ) );
#13036 = ORIENTED_EDGE('',*,*,#13037,.F.);
#13037 = EDGE_CURVE('',#13038,#13010,#13040,.T.);
#13038 = VERTEX_POINT('',#13039);
#13039 = CARTESIAN_POINT('',(-0.4572,-0.2286,0.E+000));
#13040 = SURFACE_CURVE('',#13041,(#13045,#13052),.PCURVE_S1.);
#13041 = LINE('',#13042,#13043);
#13042 = CARTESIAN_POINT('',(-0.4572,-0.2286,0.E+000));
#13043 = VECTOR('',#13044,1.);
#13044 = DIRECTION('',(0.E+000,0.E+000,1.));
#13045 = PCURVE('',#12985,#13046);
#13046 = DEFINITIONAL_REPRESENTATION('',(#13047),#13051);
#13047 = LINE('',#13048,#13049);
#13048 = CARTESIAN_POINT('',(9.158100239679E-002,0.E+000));
#13049 = VECTOR('',#13050,1.);
#13050 = DIRECTION('',(0.E+000,-1.));
#13051 = ( GEOMETRIC_REPRESENTATION_CONTEXT(2) 
PARAMETRIC_REPRESENTATION_CONTEXT() REPRESENTATION_CONTEXT('2D SPACE',''
  ) );
#13052 = PCURVE('',#13053,#13058);
#13053 = PLANE('',#13054);
#13054 = AXIS2_PLACEMENT_3D('',#13055,#13056,#13057);
#13055 = CARTESIAN_POINT('',(-0.4572,-0.2286,0.E+000));
#13056 = DIRECTION('',(1.,0.E+000,-0.E+000));
#13057 = DIRECTION('',(0.E+000,-1.,0.E+000));
#13058 = DEFINITIONAL_REPRESENTATION('',(#13059),#13063);
#13059 = LINE('',#13060,#13061);
#13060 = CARTESIAN_POINT('',(0.E+000,0.E+000));
#13061 = VECTOR('',#13062,1.);
#13062 = DIRECTION('',(0.E+000,-1.));
#13063 = ( GEOMETRIC_REPRESENTATION_CONTEXT(2) 
PARAMETRIC_REPRESENTATION_CONTEXT() REPRESENTATION_CONTEXT('2D SPACE',''
  ) );
#13064 = ORIENTED_EDGE('',*,*,#13065,.F.);
#13065 = EDGE_CURVE('',#12975,#13038,#13066,.T.);
#13066 = SURFACE_CURVE('',#13067,(#13071,#13078),.PCURVE_S1.);
#13067 = LINE('',#13068,#13069);
#13068 = CARTESIAN_POINT('',(-0.381,-0.2794,0.E+000));
#13069 = VECTOR('',#13070,1.);
#13070 = DIRECTION('',(-0.832050294338,0.554700196225,0.E+000));
#13071 = PCURVE('',#12985,#13072);
#13072 = DEFINITIONAL_REPRESENTATION('',(#13073),#13077);
#13073 = LINE('',#13074,#13075);
#13074 = CARTESIAN_POINT('',(0.E+000,0.E+000));
#13075 = VECTOR('',#13076,1.);
#13076 = DIRECTION('',(1.,0.E+000));
#13077 = ( GEOMETRIC_REPRESENTATION_CONTEXT(2) 
PARAMETRIC_REPRESENTATION_CONTEXT() REPRESENTATION_CONTEXT('2D SPACE',''
  ) );
#13078 = PCURVE('',#13079,#13084);
#13079 = PLANE('',#13080);
#13080 = AXIS2_PLACEMENT_3D('',#13081,#13082,#13083);
#13081 = CARTESIAN_POINT('',(-0.381,-0.2794,0.E+000));
#13082 = DIRECTION('',(-0.E+000,0.E+000,-1.));
#13083 = DIRECTION('',(-1.,0.E+000,0.E+000));
#13084 = DEFINITIONAL_REPRESENTATION('',(#13085),#13089);
#13085 = LINE('',#13086,#13087);
#13086 = CARTESIAN_POINT('',(0.E+000,0.E+000));
#13087 = VECTOR('',#13088,1.);
#13088 = DIRECTION('',(0.832050294338,0.554700196225));
#13089 = ( GEOMETRIC_REPRESENTATION_CONTEXT(2) 
PARAMETRIC_REPRESENTATION_CONTEXT() REPRESENTATION_CONTEXT('2D SPACE',''
  ) );
#13090 = ADVANCED_FACE('',(#13091),#13053,.F.);
#13091 = FACE_BOUND('',#13092,.F.);
#13092 = EDGE_LOOP('',(#13093,#13094,#13117,#13145));
#13093 = ORIENTED_EDGE('',*,*,#13037,.T.);
#13094 = ORIENTED_EDGE('',*,*,#13095,.T.);
#13095 = EDGE_CURVE('',#13010,#13096,#13098,.T.);
#13096 = VERTEX_POINT('',#13097);
#13097 = CARTESIAN_POINT('',(-0.4572,-0.381,2.54E-004));
#13098 = SURFACE_CURVE('',#13099,(#13103,#13110),.PCURVE_S1.);
#13099 = LINE('',#13100,#13101);
#13100 = CARTESIAN_POINT('',(-0.4572,-0.2286,2.54E-004));
#13101 = VECTOR('',#13102,1.);
#13102 = DIRECTION('',(0.E+000,-1.,0.E+000));
#13103 = PCURVE('',#13053,#13104);
#13104 = DEFINITIONAL_REPRESENTATION('',(#13105),#13109);
#13105 = LINE('',#13106,#13107);
#13106 = CARTESIAN_POINT('',(0.E+000,-2.54E-004));
#13107 = VECTOR('',#13108,1.);
#13108 = DIRECTION('',(1.,0.E+000));
#13109 = ( GEOMETRIC_REPRESENTATION_CONTEXT(2) 
PARAMETRIC_REPRESENTATION_CONTEXT() REPRESENTATION_CONTEXT('2D SPACE',''
  ) );
#13110 = PCURVE('',#13025,#13111);
#13111 = DEFINITIONAL_REPRESENTATION('',(#13112),#13116);
#13112 = LINE('',#13113,#13114);
#13113 = CARTESIAN_POINT('',(7.62E-002,5.08E-002));
#13114 = VECTOR('',#13115,1.);
#13115 = DIRECTION('',(0.E+000,-1.));
#13116 = ( GEOMETRIC_REPRESENTATION_CONTEXT(2) 
PARAMETRIC_REPRESENTATION_CONTEXT() REPRESENTATION_CONTEXT('2D SPACE',''
  ) );
#13117 = ORIENTED_EDGE('',*,*,#13118,.F.);
#13118 = EDGE_CURVE('',#13119,#13096,#13121,.T.);
#13119 = VERTEX_POINT('',#13120);
#13120 = CARTESIAN_POINT('',(-0.4572,-0.381,0.E+000));
#13121 = SURFACE_CURVE('',#13122,(#13126,#13133),.PCURVE_S1.);
#13122 = LINE('',#13123,#13124);
#13123 = CARTESIAN_POINT('',(-0.4572,-0.381,0.E+000));
#13124 = VECTOR('',#13125,1.);
#13125 = DIRECTION('',(0.E+000,0.E+000,1.));
#13126 = PCURVE('',#13053,#13127);
#13127 = DEFINITIONAL_REPRESENTATION('',(#13128),#13132);
#13128 = LINE('',#13129,#13130);
#13129 = CARTESIAN_POINT('',(0.1524,0.E+000));
#13130 = VECTOR('',#13131,1.);
#13131 = DIRECTION('',(0.E+000,-1.));
#13132 = ( GEOMETRIC_REPRESENTATION_CONTEXT(2) 
PARAMETRIC_REPRESENTATION_CONTEXT() REPRESENTATION_CONTEXT('2D SPACE',''
  ) );
#13133 = PCURVE('',#13134,#13139);
#13134 = PLANE('',#13135);
#13135 = AXIS2_PLACEMENT_3D('',#13136,#13137,#13138);
#13136 = CARTESIAN_POINT('',(-0.4572,-0.381,0.E+000));
#13137 = DIRECTION('',(0.E+000,1.,0.E+000));
#13138 = DIRECTION('',(1.,0.E+000,0.E+000));
#13139 = DEFINITIONAL_REPRESENTATION('',(#13140),#13144);
#13140 = LINE('',#13141,#13142);
#13141 = CARTESIAN_POINT('',(0.E+000,0.E+000));
#13142 = VECTOR('',#13143,1.);
#13143 = DIRECTION('',(0.E+000,-1.));
#13144 = ( GEOMETRIC_REPRESENTATION_CONTEXT(2) 
PARAMETRIC_REPRESENTATION_CONTEXT() REPRESENTATION_CONTEXT('2D SPACE',''
  ) );
#13145 = ORIENTED_EDGE('',*,*,#13146,.F.);
#13146 = EDGE_CURVE('',#13038,#13119,#13147,.T.);
#13147 = SURFACE_CURVE('',#13148,(#13152,#13159),.PCURVE_S1.);
#13148 = LINE('',#13149,#13150);
#13149 = CARTESIAN_POINT('',(-0.4572,-0.2286,0.E+000));
#13150 = VECTOR('',#13151,1.);
#13151 = DIRECTION('',(0.E+000,-1.,0.E+000));
#13152 = PCURVE('',#13053,#13153);
#13153 = DEFINITIONAL_REPRESENTATION('',(#13154),#13158);
#13154 = LINE('',#13155,#13156);
#13155 = CARTESIAN_POINT('',(0.E+000,0.E+000));
#13156 = VECTOR('',#13157,1.);
#13157 = DIRECTION('',(1.,0.E+000));
#13158 = ( GEOMETRIC_REPRESENTATION_CONTEXT(2) 
PARAMETRIC_REPRESENTATION_CONTEXT() REPRESENTATION_CONTEXT('2D SPACE',''
  ) );
#13159 = PCURVE('',#13079,#13160);
#13160 = DEFINITIONAL_REPRESENTATION('',(#13161),#13165);
#13161 = LINE('',#13162,#13163);
#13162 = CARTESIAN_POINT('',(7.62E-002,5.08E-002));
#13163 = VECTOR('',#13164,1.);
#13164 = DIRECTION('',(0.E+000,-1.));
#13165 = ( GEOMETRIC_REPRESENTATION_CONTEXT(2) 
PARAMETRIC_REPRESENTATION_CONTEXT() REPRESENTATION_CONTEXT('2D SPACE',''
  ) );
#13166 = ADVANCED_FACE('',(#13167),#13134,.F.);
#13167 = FACE_BOUND('',#13168,.F.);
#13168 = EDGE_LOOP('',(#13169,#13170,#13193,#13221));
#13169 = ORIENTED_EDGE('',*,*,#13118,.T.);
#13170 = ORIENTED_EDGE('',*,*,#13171,.T.);
#13171 = EDGE_CURVE('',#13096,#13172,#13174,.T.);
#13172 = VERTEX_POINT('',#13173);
#13173 = CARTESIAN_POINT('',(0.4572,-0.381,2.54E-004));
#13174 = SURFACE_CURVE('',#13175,(#13179,#13186),.PCURVE_S1.);
#13175 = LINE('',#13176,#13177);
#13176 = CARTESIAN_POINT('',(-0.4572,-0.381,2.54E-004));
#13177 = VECTOR('',#13178,1.);
#13178 = DIRECTION('',(1.,0.E+000,0.E+000));
#13179 = PCURVE('',#13134,#13180);
#13180 = DEFINITIONAL_REPRESENTATION('',(#13181),#13185);
#13181 = LINE('',#13182,#13183);
#13182 = CARTESIAN_POINT('',(0.E+000,-2.54E-004));
#13183 = VECTOR('',#13184,1.);
#13184 = DIRECTION('',(1.,0.E+000));
#13185 = ( GEOMETRIC_REPRESENTATION_CONTEXT(2) 
PARAMETRIC_REPRESENTATION_CONTEXT() REPRESENTATION_CONTEXT('2D SPACE',''
  ) );
#13186 = PCURVE('',#13025,#13187);
#13187 = DEFINITIONAL_REPRESENTATION('',(#13188),#13192);
#13188 = LINE('',#13189,#13190);
#13189 = CARTESIAN_POINT('',(7.62E-002,-0.1016));
#13190 = VECTOR('',#13191,1.);
#13191 = DIRECTION('',(-1.,0.E+000));
#13192 = ( GEOMETRIC_REPRESENTATION_CONTEXT(2) 
PARAMETRIC_REPRESENTATION_CONTEXT() REPRESENTATION_CONTEXT('2D SPACE',''
  ) );
#13193 = ORIENTED_EDGE('',*,*,#13194,.F.);
#13194 = EDGE_CURVE('',#13195,#13172,#13197,.T.);
#13195 = VERTEX_POINT('',#13196);
#13196 = CARTESIAN_POINT('',(0.4572,-0.381,0.E+000));
#13197 = SURFACE_CURVE('',#13198,(#13202,#13209),.PCURVE_S1.);
#13198 = LINE('',#13199,#13200);
#13199 = CARTESIAN_POINT('',(0.4572,-0.381,0.E+000));
#13200 = VECTOR('',#13201,1.);
#13201 = DIRECTION('',(0.E+000,0.E+000,1.));
#13202 = PCURVE('',#13134,#13203);
#13203 = DEFINITIONAL_REPRESENTATION('',(#13204),#13208);
#13204 = LINE('',#13205,#13206);
#13205 = CARTESIAN_POINT('',(0.9144,0.E+000));
#13206 = VECTOR('',#13207,1.);
#13207 = DIRECTION('',(0.E+000,-1.));
#13208 = ( GEOMETRIC_REPRESENTATION_CONTEXT(2) 
PARAMETRIC_REPRESENTATION_CONTEXT() REPRESENTATION_CONTEXT('2D SPACE',''
  ) );
#13209 = PCURVE('',#13210,#13215);
#13210 = PLANE('',#13211);
#13211 = AXIS2_PLACEMENT_3D('',#13212,#13213,#13214);
#13212 = CARTESIAN_POINT('',(0.4572,-0.381,0.E+000));
#13213 = DIRECTION('',(-1.,0.E+000,0.E+000));
#13214 = DIRECTION('',(0.E+000,1.,0.E+000));
#13215 = DEFINITIONAL_REPRESENTATION('',(#13216),#13220);
#13216 = LINE('',#13217,#13218);
#13217 = CARTESIAN_POINT('',(0.E+000,0.E+000));
#13218 = VECTOR('',#13219,1.);
#13219 = DIRECTION('',(0.E+000,-1.));
#13220 = ( GEOMETRIC_REPRESENTATION_CONTEXT(2) 
PARAMETRIC_REPRESENTATION_CONTEXT() REPRESENTATION_CONTEXT('2D SPACE',''
  ) );
#13221 = ORIENTED_EDGE('',*,*,#13222,.F.);
#13222 = EDGE_CURVE('',#13119,#13195,#13223,.T.);
#13223 = SURFACE_CURVE('',#13224,(#13228,#13235),.PCURVE_S1.);
#13224 = LINE('',#13225,#13226);
#13225 = CARTESIAN_POINT('',(-0.4572,-0.381,0.E+000));
#13226 = VECTOR('',#13227,1.);
#13227 = DIRECTION('',(1.,0.E+000,0.E+000));
#13228 = PCURVE('',#13134,#13229);
#13229 = DEFINITIONAL_REPRESENTATION('',(#13230),#13234);
#13230 = LINE('',#13231,#13232);
#13231 = CARTESIAN_POINT('',(0.E+000,0.E+000));
#13232 = VECTOR('',#13233,1.);
#13233 = DIRECTION('',(1.,0.E+000));
#13234 = ( GEOMETRIC_REPRESENTATION_CONTEXT(2) 
PARAMETRIC_REPRESENTATION_CONTEXT() REPRESENTATION_CONTEXT('2D SPACE',''
  ) );
#13235 = PCURVE('',#13079,#13236);
#13236 = DEFINITIONAL_REPRESENTATION('',(#13237),#13241);
#13237 = LINE('',#13238,#13239);
#13238 = CARTESIAN_POINT('',(7.62E-002,-0.1016));
#13239 = VECTOR('',#13240,1.);
#13240 = DIRECTION('',(-1.,0.E+000));
#13241 = ( GEOMETRIC_REPRESENTATION_CONTEXT(2) 
PARAMETRIC_REPRESENTATION_CONTEXT() REPRESENTATION_CONTEXT('2D SPACE',''
  ) );
#13242 = ADVANCED_FACE('',(#13243),#13210,.F.);
#13243 = FACE_BOUND('',#13244,.F.);
#13244 = EDGE_LOOP('',(#13245,#13246,#13269,#13297));
#13245 = ORIENTED_EDGE('',*,*,#13194,.T.);
#13246 = ORIENTED_EDGE('',*,*,#13247,.T.);
#13247 = EDGE_CURVE('',#13172,#13248,#13250,.T.);
#13248 = VERTEX_POINT('',#13249);
#13249 = CARTESIAN_POINT('',(0.4572,0.381,2.54E-004));
#13250 = SURFACE_CURVE('',#13251,(#13255,#13262),.PCURVE_S1.);
#13251 = LINE('',#13252,#13253);
#13252 = CARTESIAN_POINT('',(0.4572,-0.381,2.54E-004));
#13253 = VECTOR('',#13254,1.);
#13254 = DIRECTION('',(0.E+000,1.,0.E+000));
#13255 = PCURVE('',#13210,#13256);
#13256 = DEFINITIONAL_REPRESENTATION('',(#13257),#13261);
#13257 = LINE('',#13258,#13259);
#13258 = CARTESIAN_POINT('',(0.E+000,-2.54E-004));
#13259 = VECTOR('',#13260,1.);
#13260 = DIRECTION('',(1.,0.E+000));
#13261 = ( GEOMETRIC_REPRESENTATION_CONTEXT(2) 
PARAMETRIC_REPRESENTATION_CONTEXT() REPRESENTATION_CONTEXT('2D SPACE',''
  ) );
#13262 = PCURVE('',#13025,#13263);
#13263 = DEFINITIONAL_REPRESENTATION('',(#13264),#13268);
#13264 = LINE('',#13265,#13266);
#13265 = CARTESIAN_POINT('',(-0.8382,-0.1016));
#13266 = VECTOR('',#13267,1.);
#13267 = DIRECTION('',(0.E+000,1.));
#13268 = ( GEOMETRIC_REPRESENTATION_CONTEXT(2) 
PARAMETRIC_REPRESENTATION_CONTEXT() REPRESENTATION_CONTEXT('2D SPACE',''
  ) );
#13269 = ORIENTED_EDGE('',*,*,#13270,.F.);
#13270 = EDGE_CURVE('',#13271,#13248,#13273,.T.);
#13271 = VERTEX_POINT('',#13272);
#13272 = CARTESIAN_POINT('',(0.4572,0.381,0.E+000));
#13273 = SURFACE_CURVE('',#13274,(#13278,#13285),.PCURVE_S1.);
#13274 = LINE('',#13275,#13276);
#13275 = CARTESIAN_POINT('',(0.4572,0.381,0.E+000));
#13276 = VECTOR('',#13277,1.);
#13277 = DIRECTION('',(0.E+000,0.E+000,1.));
#13278 = PCURVE('',#13210,#13279);
#13279 = DEFINITIONAL_REPRESENTATION('',(#13280),#13284);
#13280 = LINE('',#13281,#13282);
#13281 = CARTESIAN_POINT('',(0.762,0.E+000));
#13282 = VECTOR('',#13283,1.);
#13283 = DIRECTION('',(0.E+000,-1.));
#13284 = ( GEOMETRIC_REPRESENTATION_CONTEXT(2) 
PARAMETRIC_REPRESENTATION_CONTEXT() REPRESENTATION_CONTEXT('2D SPACE',''
  ) );
#13285 = PCURVE('',#13286,#13291);
#13286 = PLANE('',#13287);
#13287 = AXIS2_PLACEMENT_3D('',#13288,#13289,#13290);
#13288 = CARTESIAN_POINT('',(0.4572,0.381,0.E+000));
#13289 = DIRECTION('',(0.E+000,-1.,0.E+000));
#13290 = DIRECTION('',(-1.,0.E+000,0.E+000));
#13291 = DEFINITIONAL_REPRESENTATION('',(#13292),#13296);
#13292 = LINE('',#13293,#13294);
#13293 = CARTESIAN_POINT('',(0.E+000,-0.E+000));
#13294 = VECTOR('',#13295,1.);
#13295 = DIRECTION('',(0.E+000,-1.));
#13296 = ( GEOMETRIC_REPRESENTATION_CONTEXT(2) 
PARAMETRIC_REPRESENTATION_CONTEXT() REPRESENTATION_CONTEXT('2D SPACE',''
  ) );
#13297 = ORIENTED_EDGE('',*,*,#13298,.F.);
#13298 = EDGE_CURVE('',#13195,#13271,#13299,.T.);
#13299 = SURFACE_CURVE('',#13300,(#13304,#13311),.PCURVE_S1.);
#13300 = LINE('',#13301,#13302);
#13301 = CARTESIAN_POINT('',(0.4572,-0.381,0.E+000));
#13302 = VECTOR('',#13303,1.);
#13303 = DIRECTION('',(0.E+000,1.,0.E+000));
#13304 = PCURVE('',#13210,#13305);
#13305 = DEFINITIONAL_REPRESENTATION('',(#13306),#13310);
#13306 = LINE('',#13307,#13308);
#13307 = CARTESIAN_POINT('',(0.E+000,0.E+000));
#13308 = VECTOR('',#13309,1.);
#13309 = DIRECTION('',(1.,0.E+000));
#13310 = ( GEOMETRIC_REPRESENTATION_CONTEXT(2) 
PARAMETRIC_REPRESENTATION_CONTEXT() REPRESENTATION_CONTEXT('2D SPACE',''
  ) );
#13311 = PCURVE('',#13079,#13312);
#13312 = DEFINITIONAL_REPRESENTATION('',(#13313),#13317);
#13313 = LINE('',#13314,#13315);
#13314 = CARTESIAN_POINT('',(-0.8382,-0.1016));
#13315 = VECTOR('',#13316,1.);
#13316 = DIRECTION('',(0.E+000,1.));
#13317 = ( GEOMETRIC_REPRESENTATION_CONTEXT(2) 
PARAMETRIC_REPRESENTATION_CONTEXT() REPRESENTATION_CONTEXT('2D SPACE',''
  ) );
#13318 = ADVANCED_FACE('',(#13319),#13286,.F.);
#13319 = FACE_BOUND('',#13320,.F.);
#13320 = EDGE_LOOP('',(#13321,#13322,#13345,#13373));
#13321 = ORIENTED_EDGE('',*,*,#13270,.T.);
#13322 = ORIENTED_EDGE('',*,*,#13323,.T.);
#13323 = EDGE_CURVE('',#13248,#13324,#13326,.T.);
#13324 = VERTEX_POINT('',#13325);
#13325 = CARTESIAN_POINT('',(0.3048,0.381,2.54E-004));
#13326 = SURFACE_CURVE('',#13327,(#13331,#13338),.PCURVE_S1.);
#13327 = LINE('',#13328,#13329);
#13328 = CARTESIAN_POINT('',(0.4572,0.381,2.54E-004));
#13329 = VECTOR('',#13330,1.);
#13330 = DIRECTION('',(-1.,0.E+000,0.E+000));
#13331 = PCURVE('',#13286,#13332);
#13332 = DEFINITIONAL_REPRESENTATION('',(#13333),#13337);
#13333 = LINE('',#13334,#13335);
#13334 = CARTESIAN_POINT('',(0.E+000,-2.54E-004));
#13335 = VECTOR('',#13336,1.);
#13336 = DIRECTION('',(1.,0.E+000));
#13337 = ( GEOMETRIC_REPRESENTATION_CONTEXT(2) 
PARAMETRIC_REPRESENTATION_CONTEXT() REPRESENTATION_CONTEXT('2D SPACE',''
  ) );
#13338 = PCURVE('',#13025,#13339);
#13339 = DEFINITIONAL_REPRESENTATION('',(#13340),#13344);
#13340 = LINE('',#13341,#13342);
#13341 = CARTESIAN_POINT('',(-0.8382,0.6604));
#13342 = VECTOR('',#13343,1.);
#13343 = DIRECTION('',(1.,0.E+000));
#13344 = ( GEOMETRIC_REPRESENTATION_CONTEXT(2) 
PARAMETRIC_REPRESENTATION_CONTEXT() REPRESENTATION_CONTEXT('2D SPACE',''
  ) );
#13345 = ORIENTED_EDGE('',*,*,#13346,.F.);
#13346 = EDGE_CURVE('',#13347,#13324,#13349,.T.);
#13347 = VERTEX_POINT('',#13348);
#13348 = CARTESIAN_POINT('',(0.3048,0.381,0.E+000));
#13349 = SURFACE_CURVE('',#13350,(#13354,#13361),.PCURVE_S1.);
#13350 = LINE('',#13351,#13352);
#13351 = CARTESIAN_POINT('',(0.3048,0.381,0.E+000));
#13352 = VECTOR('',#13353,1.);
#13353 = DIRECTION('',(0.E+000,0.E+000,1.));
#13354 = PCURVE('',#13286,#13355);
#13355 = DEFINITIONAL_REPRESENTATION('',(#13356),#13360);
#13356 = LINE('',#13357,#13358);
#13357 = CARTESIAN_POINT('',(0.1524,0.E+000));
#13358 = VECTOR('',#13359,1.);
#13359 = DIRECTION('',(0.E+000,-1.));
#13360 = ( GEOMETRIC_REPRESENTATION_CONTEXT(2) 
PARAMETRIC_REPRESENTATION_CONTEXT() REPRESENTATION_CONTEXT('2D SPACE',''
  ) );
#13361 = PCURVE('',#13362,#13367);
#13362 = PLANE('',#13363);
#13363 = AXIS2_PLACEMENT_3D('',#13364,#13365,#13366);
#13364 = CARTESIAN_POINT('',(0.3048,0.381,0.E+000));
#13365 = DIRECTION('',(1.,0.E+000,-0.E+000));
#13366 = DIRECTION('',(0.E+000,-1.,0.E+000));
#13367 = DEFINITIONAL_REPRESENTATION('',(#13368),#13372);
#13368 = LINE('',#13369,#13370);
#13369 = CARTESIAN_POINT('',(0.E+000,0.E+000));
#13370 = VECTOR('',#13371,1.);
#13371 = DIRECTION('',(0.E+000,-1.));
#13372 = ( GEOMETRIC_REPRESENTATION_CONTEXT(2) 
PARAMETRIC_REPRESENTATION_CONTEXT() REPRESENTATION_CONTEXT('2D SPACE',''
  ) );
#13373 = ORIENTED_EDGE('',*,*,#13374,.F.);
#13374 = EDGE_CURVE('',#13271,#13347,#13375,.T.);
#13375 = SURFACE_CURVE('',#13376,(#13380,#13387),.PCURVE_S1.);
#13376 = LINE('',#13377,#13378);
#13377 = CARTESIAN_POINT('',(0.4572,0.381,0.E+000));
#13378 = VECTOR('',#13379,1.);
#13379 = DIRECTION('',(-1.,0.E+000,0.E+000));
#13380 = PCURVE('',#13286,#13381);
#13381 = DEFINITIONAL_REPRESENTATION('',(#13382),#13386);
#13382 = LINE('',#13383,#13384);
#13383 = CARTESIAN_POINT('',(0.E+000,-0.E+000));
#13384 = VECTOR('',#13385,1.);
#13385 = DIRECTION('',(1.,0.E+000));
#13386 = ( GEOMETRIC_REPRESENTATION_CONTEXT(2) 
PARAMETRIC_REPRESENTATION_CONTEXT() REPRESENTATION_CONTEXT('2D SPACE',''
  ) );
#13387 = PCURVE('',#13079,#13388);
#13388 = DEFINITIONAL_REPRESENTATION('',(#13389),#13393);
#13389 = LINE('',#13390,#13391);
#13390 = CARTESIAN_POINT('',(-0.8382,0.6604));
#13391 = VECTOR('',#13392,1.);
#13392 = DIRECTION('',(1.,0.E+000));
#13393 = ( GEOMETRIC_REPRESENTATION_CONTEXT(2) 
PARAMETRIC_REPRESENTATION_CONTEXT() REPRESENTATION_CONTEXT('2D SPACE',''
  ) );
#13394 = ADVANCED_FACE('',(#13395),#13362,.F.);
#13395 = FACE_BOUND('',#13396,.F.);
#13396 = EDGE_LOOP('',(#13397,#13398,#13421,#13449));
#13397 = ORIENTED_EDGE('',*,*,#13346,.T.);
#13398 = ORIENTED_EDGE('',*,*,#13399,.T.);
#13399 = EDGE_CURVE('',#13324,#13400,#13402,.T.);
#13400 = VERTEX_POINT('',#13401);
#13401 = CARTESIAN_POINT('',(0.3048,0.3048,2.54E-004));
#13402 = SURFACE_CURVE('',#13403,(#13407,#13414),.PCURVE_S1.);
#13403 = LINE('',#13404,#13405);
#13404 = CARTESIAN_POINT('',(0.3048,0.381,2.54E-004));
#13405 = VECTOR('',#13406,1.);
#13406 = DIRECTION('',(0.E+000,-1.,0.E+000));
#13407 = PCURVE('',#13362,#13408);
#13408 = DEFINITIONAL_REPRESENTATION('',(#13409),#13413);
#13409 = LINE('',#13410,#13411);
#13410 = CARTESIAN_POINT('',(0.E+000,-2.54E-004));
#13411 = VECTOR('',#13412,1.);
#13412 = DIRECTION('',(1.,0.E+000));
#13413 = ( GEOMETRIC_REPRESENTATION_CONTEXT(2) 
PARAMETRIC_REPRESENTATION_CONTEXT() REPRESENTATION_CONTEXT('2D SPACE',''
  ) );
#13414 = PCURVE('',#13025,#13415);
#13415 = DEFINITIONAL_REPRESENTATION('',(#13416),#13420);
#13416 = LINE('',#13417,#13418);
#13417 = CARTESIAN_POINT('',(-0.6858,0.6604));
#13418 = VECTOR('',#13419,1.);
#13419 = DIRECTION('',(0.E+000,-1.));
#13420 = ( GEOMETRIC_REPRESENTATION_CONTEXT(2) 
PARAMETRIC_REPRESENTATION_CONTEXT() REPRESENTATION_CONTEXT('2D SPACE',''
  ) );
#13421 = ORIENTED_EDGE('',*,*,#13422,.F.);
#13422 = EDGE_CURVE('',#13423,#13400,#13425,.T.);
#13423 = VERTEX_POINT('',#13424);
#13424 = CARTESIAN_POINT('',(0.3048,0.3048,0.E+000));
#13425 = SURFACE_CURVE('',#13426,(#13430,#13437),.PCURVE_S1.);
#13426 = LINE('',#13427,#13428);
#13427 = CARTESIAN_POINT('',(0.3048,0.3048,0.E+000));
#13428 = VECTOR('',#13429,1.);
#13429 = DIRECTION('',(0.E+000,0.E+000,1.));
#13430 = PCURVE('',#13362,#13431);
#13431 = DEFINITIONAL_REPRESENTATION('',(#13432),#13436);
#13432 = LINE('',#13433,#13434);
#13433 = CARTESIAN_POINT('',(7.62E-002,0.E+000));
#13434 = VECTOR('',#13435,1.);
#13435 = DIRECTION('',(0.E+000,-1.));
#13436 = ( GEOMETRIC_REPRESENTATION_CONTEXT(2) 
PARAMETRIC_REPRESENTATION_CONTEXT() REPRESENTATION_CONTEXT('2D SPACE',''
  ) );
#13437 = PCURVE('',#13438,#13443);
#13438 = PLANE('',#13439);
#13439 = AXIS2_PLACEMENT_3D('',#13440,#13441,#13442);
#13440 = CARTESIAN_POINT('',(0.3048,0.3048,0.E+000));
#13441 = DIRECTION('',(0.4472135955,0.894427191,-0.E+000));
#13442 = DIRECTION('',(0.894427191,-0.4472135955,0.E+000));
#13443 = DEFINITIONAL_REPRESENTATION('',(#13444),#13448);
#13444 = LINE('',#13445,#13446);
#13445 = CARTESIAN_POINT('',(0.E+000,0.E+000));
#13446 = VECTOR('',#13447,1.);
#13447 = DIRECTION('',(0.E+000,-1.));
#13448 = ( GEOMETRIC_REPRESENTATION_CONTEXT(2) 
PARAMETRIC_REPRESENTATION_CONTEXT() REPRESENTATION_CONTEXT('2D SPACE',''
  ) );
#13449 = ORIENTED_EDGE('',*,*,#13450,.F.);
#13450 = EDGE_CURVE('',#13347,#13423,#13451,.T.);
#13451 = SURFACE_CURVE('',#13452,(#13456,#13463),.PCURVE_S1.);
#13452 = LINE('',#13453,#13454);
#13453 = CARTESIAN_POINT('',(0.3048,0.381,0.E+000));
#13454 = VECTOR('',#13455,1.);
#13455 = DIRECTION('',(0.E+000,-1.,0.E+000));
#13456 = PCURVE('',#13362,#13457);
#13457 = DEFINITIONAL_REPRESENTATION('',(#13458),#13462);
#13458 = LINE('',#13459,#13460);
#13459 = CARTESIAN_POINT('',(0.E+000,0.E+000));
#13460 = VECTOR('',#13461,1.);
#13461 = DIRECTION('',(1.,0.E+000));
#13462 = ( GEOMETRIC_REPRESENTATION_CONTEXT(2) 
PARAMETRIC_REPRESENTATION_CONTEXT() REPRESENTATION_CONTEXT('2D SPACE',''
  ) );
#13463 = PCURVE('',#13079,#13464);
#13464 = DEFINITIONAL_REPRESENTATION('',(#13465),#13469);
#13465 = LINE('',#13466,#13467);
#13466 = CARTESIAN_POINT('',(-0.6858,0.6604));
#13467 = VECTOR('',#13468,1.);
#13468 = DIRECTION('',(0.E+000,-1.));
#13469 = ( GEOMETRIC_REPRESENTATION_CONTEXT(2) 
PARAMETRIC_REPRESENTATION_CONTEXT() REPRESENTATION_CONTEXT('2D SPACE',''
  ) );
#13470 = ADVANCED_FACE('',(#13471),#13438,.F.);
#13471 = FACE_BOUND('',#13472,.F.);
#13472 = EDGE_LOOP('',(#13473,#13474,#13497,#13525));
#13473 = ORIENTED_EDGE('',*,*,#13422,.T.);
#13474 = ORIENTED_EDGE('',*,*,#13475,.T.);
#13475 = EDGE_CURVE('',#13400,#13476,#13478,.T.);
#13476 = VERTEX_POINT('',#13477);
#13477 = CARTESIAN_POINT('',(0.3556,0.2794,2.54E-004));
#13478 = SURFACE_CURVE('',#13479,(#13483,#13490),.PCURVE_S1.);
#13479 = LINE('',#13480,#13481);
#13480 = CARTESIAN_POINT('',(0.3048,0.3048,2.54E-004));
#13481 = VECTOR('',#13482,1.);
#13482 = DIRECTION('',(0.894427191,-0.4472135955,0.E+000));
#13483 = PCURVE('',#13438,#13484);
#13484 = DEFINITIONAL_REPRESENTATION('',(#13485),#13489);
#13485 = LINE('',#13486,#13487);
#13486 = CARTESIAN_POINT('',(0.E+000,-2.54E-004));
#13487 = VECTOR('',#13488,1.);
#13488 = DIRECTION('',(1.,0.E+000));
#13489 = ( GEOMETRIC_REPRESENTATION_CONTEXT(2) 
PARAMETRIC_REPRESENTATION_CONTEXT() REPRESENTATION_CONTEXT('2D SPACE',''
  ) );
#13490 = PCURVE('',#13025,#13491);
#13491 = DEFINITIONAL_REPRESENTATION('',(#13492),#13496);
#13492 = LINE('',#13493,#13494);
#13493 = CARTESIAN_POINT('',(-0.6858,0.5842));
#13494 = VECTOR('',#13495,1.);
#13495 = DIRECTION('',(-0.894427191,-0.4472135955));
#13496 = ( GEOMETRIC_REPRESENTATION_CONTEXT(2) 
PARAMETRIC_REPRESENTATION_CONTEXT() REPRESENTATION_CONTEXT('2D SPACE',''
  ) );
#13497 = ORIENTED_EDGE('',*,*,#13498,.F.);
#13498 = EDGE_CURVE('',#13499,#13476,#13501,.T.);
#13499 = VERTEX_POINT('',#13500);
#13500 = CARTESIAN_POINT('',(0.3556,0.2794,0.E+000));
#13501 = SURFACE_CURVE('',#13502,(#13506,#13513),.PCURVE_S1.);
#13502 = LINE('',#13503,#13504);
#13503 = CARTESIAN_POINT('',(0.3556,0.2794,0.E+000));
#13504 = VECTOR('',#13505,1.);
#13505 = DIRECTION('',(0.E+000,0.E+000,1.));
#13506 = PCURVE('',#13438,#13507);
#13507 = DEFINITIONAL_REPRESENTATION('',(#13508),#13512);
#13508 = LINE('',#13509,#13510);
#13509 = CARTESIAN_POINT('',(5.679612662849E-002,0.E+000));
#13510 = VECTOR('',#13511,1.);
#13511 = DIRECTION('',(0.E+000,-1.));
#13512 = ( GEOMETRIC_REPRESENTATION_CONTEXT(2) 
PARAMETRIC_REPRESENTATION_CONTEXT() REPRESENTATION_CONTEXT('2D SPACE',''
  ) );
#13513 = PCURVE('',#13514,#13519);
#13514 = PLANE('',#13515);
#13515 = AXIS2_PLACEMENT_3D('',#13516,#13517,#13518);
#13516 = CARTESIAN_POINT('',(0.3556,0.2794,0.E+000));
#13517 = DIRECTION('',(1.,0.E+000,-0.E+000));
#13518 = DIRECTION('',(0.E+000,-1.,0.E+000));
#13519 = DEFINITIONAL_REPRESENTATION('',(#13520),#13524);
#13520 = LINE('',#13521,#13522);
#13521 = CARTESIAN_POINT('',(0.E+000,0.E+000));
#13522 = VECTOR('',#13523,1.);
#13523 = DIRECTION('',(0.E+000,-1.));
#13524 = ( GEOMETRIC_REPRESENTATION_CONTEXT(2) 
PARAMETRIC_REPRESENTATION_CONTEXT() REPRESENTATION_CONTEXT('2D SPACE',''
  ) );
#13525 = ORIENTED_EDGE('',*,*,#13526,.F.);
#13526 = EDGE_CURVE('',#13423,#13499,#13527,.T.);
#13527 = SURFACE_CURVE('',#13528,(#13532,#13539),.PCURVE_S1.);
#13528 = LINE('',#13529,#13530);
#13529 = CARTESIAN_POINT('',(0.3048,0.3048,0.E+000));
#13530 = VECTOR('',#13531,1.);
#13531 = DIRECTION('',(0.894427191,-0.4472135955,0.E+000));
#13532 = PCURVE('',#13438,#13533);
#13533 = DEFINITIONAL_REPRESENTATION('',(#13534),#13538);
#13534 = LINE('',#13535,#13536);
#13535 = CARTESIAN_POINT('',(0.E+000,0.E+000));
#13536 = VECTOR('',#13537,1.);
#13537 = DIRECTION('',(1.,0.E+000));
#13538 = ( GEOMETRIC_REPRESENTATION_CONTEXT(2) 
PARAMETRIC_REPRESENTATION_CONTEXT() REPRESENTATION_CONTEXT('2D SPACE',''
  ) );
#13539 = PCURVE('',#13079,#13540);
#13540 = DEFINITIONAL_REPRESENTATION('',(#13541),#13545);
#13541 = LINE('',#13542,#13543);
#13542 = CARTESIAN_POINT('',(-0.6858,0.5842));
#13543 = VECTOR('',#13544,1.);
#13544 = DIRECTION('',(-0.894427191,-0.4472135955));
#13545 = ( GEOMETRIC_REPRESENTATION_CONTEXT(2) 
PARAMETRIC_REPRESENTATION_CONTEXT() REPRESENTATION_CONTEXT('2D SPACE',''
  ) );
#13546 = ADVANCED_FACE('',(#13547),#13514,.F.);
#13547 = FACE_BOUND('',#13548,.F.);
#13548 = EDGE_LOOP('',(#13549,#13550,#13573,#13601));
#13549 = ORIENTED_EDGE('',*,*,#13498,.T.);
#13550 = ORIENTED_EDGE('',*,*,#13551,.T.);
#13551 = EDGE_CURVE('',#13476,#13552,#13554,.T.);
#13552 = VERTEX_POINT('',#13553);
#13553 = CARTESIAN_POINT('',(0.3556,-0.2286,2.54E-004));
#13554 = SURFACE_CURVE('',#13555,(#13559,#13566),.PCURVE_S1.);
#13555 = LINE('',#13556,#13557);
#13556 = CARTESIAN_POINT('',(0.3556,0.2794,2.54E-004));
#13557 = VECTOR('',#13558,1.);
#13558 = DIRECTION('',(0.E+000,-1.,0.E+000));
#13559 = PCURVE('',#13514,#13560);
#13560 = DEFINITIONAL_REPRESENTATION('',(#13561),#13565);
#13561 = LINE('',#13562,#13563);
#13562 = CARTESIAN_POINT('',(0.E+000,-2.54E-004));
#13563 = VECTOR('',#13564,1.);
#13564 = DIRECTION('',(1.,0.E+000));
#13565 = ( GEOMETRIC_REPRESENTATION_CONTEXT(2) 
PARAMETRIC_REPRESENTATION_CONTEXT() REPRESENTATION_CONTEXT('2D SPACE',''
  ) );
#13566 = PCURVE('',#13025,#13567);
#13567 = DEFINITIONAL_REPRESENTATION('',(#13568),#13572);
#13568 = LINE('',#13569,#13570);
#13569 = CARTESIAN_POINT('',(-0.7366,0.5588));
#13570 = VECTOR('',#13571,1.);
#13571 = DIRECTION('',(0.E+000,-1.));
#13572 = ( GEOMETRIC_REPRESENTATION_CONTEXT(2) 
PARAMETRIC_REPRESENTATION_CONTEXT() REPRESENTATION_CONTEXT('2D SPACE',''
  ) );
#13573 = ORIENTED_EDGE('',*,*,#13574,.F.);
#13574 = EDGE_CURVE('',#13575,#13552,#13577,.T.);
#13575 = VERTEX_POINT('',#13576);
#13576 = CARTESIAN_POINT('',(0.3556,-0.2286,0.E+000));
#13577 = SURFACE_CURVE('',#13578,(#13582,#13589),.PCURVE_S1.);
#13578 = LINE('',#13579,#13580);
#13579 = CARTESIAN_POINT('',(0.3556,-0.2286,0.E+000));
#13580 = VECTOR('',#13581,1.);
#13581 = DIRECTION('',(0.E+000,0.E+000,1.));
#13582 = PCURVE('',#13514,#13583);
#13583 = DEFINITIONAL_REPRESENTATION('',(#13584),#13588);
#13584 = LINE('',#13585,#13586);
#13585 = CARTESIAN_POINT('',(0.508,0.E+000));
#13586 = VECTOR('',#13587,1.);
#13587 = DIRECTION('',(0.E+000,-1.));
#13588 = ( GEOMETRIC_REPRESENTATION_CONTEXT(2) 
PARAMETRIC_REPRESENTATION_CONTEXT() REPRESENTATION_CONTEXT('2D SPACE',''
  ) );
#13589 = PCURVE('',#13590,#13595);
#13590 = PLANE('',#13591);
#13591 = AXIS2_PLACEMENT_3D('',#13592,#13593,#13594);
#13592 = CARTESIAN_POINT('',(0.3556,-0.2286,0.E+000));
#13593 = DIRECTION('',(0.707106781187,-0.707106781187,0.E+000));
#13594 = DIRECTION('',(-0.707106781187,-0.707106781187,0.E+000));
#13595 = DEFINITIONAL_REPRESENTATION('',(#13596),#13600);
#13596 = LINE('',#13597,#13598);
#13597 = CARTESIAN_POINT('',(0.E+000,0.E+000));
#13598 = VECTOR('',#13599,1.);
#13599 = DIRECTION('',(0.E+000,-1.));
#13600 = ( GEOMETRIC_REPRESENTATION_CONTEXT(2) 
PARAMETRIC_REPRESENTATION_CONTEXT() REPRESENTATION_CONTEXT('2D SPACE',''
  ) );
#13601 = ORIENTED_EDGE('',*,*,#13602,.F.);
#13602 = EDGE_CURVE('',#13499,#13575,#13603,.T.);
#13603 = SURFACE_CURVE('',#13604,(#13608,#13615),.PCURVE_S1.);
#13604 = LINE('',#13605,#13606);
#13605 = CARTESIAN_POINT('',(0.3556,0.2794,0.E+000));
#13606 = VECTOR('',#13607,1.);
#13607 = DIRECTION('',(0.E+000,-1.,0.E+000));
#13608 = PCURVE('',#13514,#13609);
#13609 = DEFINITIONAL_REPRESENTATION('',(#13610),#13614);
#13610 = LINE('',#13611,#13612);
#13611 = CARTESIAN_POINT('',(0.E+000,0.E+000));
#13612 = VECTOR('',#13613,1.);
#13613 = DIRECTION('',(1.,0.E+000));
#13614 = ( GEOMETRIC_REPRESENTATION_CONTEXT(2) 
PARAMETRIC_REPRESENTATION_CONTEXT() REPRESENTATION_CONTEXT('2D SPACE',''
  ) );
#13615 = PCURVE('',#13079,#13616);
#13616 = DEFINITIONAL_REPRESENTATION('',(#13617),#13621);
#13617 = LINE('',#13618,#13619);
#13618 = CARTESIAN_POINT('',(-0.7366,0.5588));
#13619 = VECTOR('',#13620,1.);
#13620 = DIRECTION('',(0.E+000,-1.));
#13621 = ( GEOMETRIC_REPRESENTATION_CONTEXT(2) 
PARAMETRIC_REPRESENTATION_CONTEXT() REPRESENTATION_CONTEXT('2D SPACE',''
  ) );
#13622 = ADVANCED_FACE('',(#13623),#13590,.F.);
#13623 = FACE_BOUND('',#13624,.F.);
#13624 = EDGE_LOOP('',(#13625,#13626,#13649,#13672));
#13625 = ORIENTED_EDGE('',*,*,#13574,.T.);
#13626 = ORIENTED_EDGE('',*,*,#13627,.T.);
#13627 = EDGE_CURVE('',#13552,#13628,#13630,.T.);
#13628 = VERTEX_POINT('',#13629);
#13629 = CARTESIAN_POINT('',(0.3048,-0.2794,2.54E-004));
#13630 = SURFACE_CURVE('',#13631,(#13635,#13642),.PCURVE_S1.);
#13631 = LINE('',#13632,#13633);
#13632 = CARTESIAN_POINT('',(0.3556,-0.2286,2.54E-004));
#13633 = VECTOR('',#13634,1.);
#13634 = DIRECTION('',(-0.707106781187,-0.707106781187,0.E+000));
#13635 = PCURVE('',#13590,#13636);
#13636 = DEFINITIONAL_REPRESENTATION('',(#13637),#13641);
#13637 = LINE('',#13638,#13639);
#13638 = CARTESIAN_POINT('',(0.E+000,-2.54E-004));
#13639 = VECTOR('',#13640,1.);
#13640 = DIRECTION('',(1.,0.E+000));
#13641 = ( GEOMETRIC_REPRESENTATION_CONTEXT(2) 
PARAMETRIC_REPRESENTATION_CONTEXT() REPRESENTATION_CONTEXT('2D SPACE',''
  ) );
#13642 = PCURVE('',#13025,#13643);
#13643 = DEFINITIONAL_REPRESENTATION('',(#13644),#13648);
#13644 = LINE('',#13645,#13646);
#13645 = CARTESIAN_POINT('',(-0.7366,5.08E-002));
#13646 = VECTOR('',#13647,1.);
#13647 = DIRECTION('',(0.707106781187,-0.707106781187));
#13648 = ( GEOMETRIC_REPRESENTATION_CONTEXT(2) 
PARAMETRIC_REPRESENTATION_CONTEXT() REPRESENTATION_CONTEXT('2D SPACE',''
  ) );
#13649 = ORIENTED_EDGE('',*,*,#13650,.F.);
#13650 = EDGE_CURVE('',#13651,#13628,#13653,.T.);
#13651 = VERTEX_POINT('',#13652);
#13652 = CARTESIAN_POINT('',(0.3048,-0.2794,0.E+000));
#13653 = SURFACE_CURVE('',#13654,(#13658,#13665),.PCURVE_S1.);
#13654 = LINE('',#13655,#13656);
#13655 = CARTESIAN_POINT('',(0.3048,-0.2794,0.E+000));
#13656 = VECTOR('',#13657,1.);
#13657 = DIRECTION('',(0.E+000,0.E+000,1.));
#13658 = PCURVE('',#13590,#13659);
#13659 = DEFINITIONAL_REPRESENTATION('',(#13660),#13664);
#13660 = LINE('',#13661,#13662);
#13661 = CARTESIAN_POINT('',(7.184204896855E-002,0.E+000));
#13662 = VECTOR('',#13663,1.);
#13663 = DIRECTION('',(0.E+000,-1.));
#13664 = ( GEOMETRIC_REPRESENTATION_CONTEXT(2) 
PARAMETRIC_REPRESENTATION_CONTEXT() REPRESENTATION_CONTEXT('2D SPACE',''
  ) );
#13665 = PCURVE('',#12997,#13666);
#13666 = DEFINITIONAL_REPRESENTATION('',(#13667),#13671);
#13667 = LINE('',#13668,#13669);
#13668 = CARTESIAN_POINT('',(0.E+000,-0.E+000));
#13669 = VECTOR('',#13670,1.);
#13670 = DIRECTION('',(0.E+000,-1.));
#13671 = ( GEOMETRIC_REPRESENTATION_CONTEXT(2) 
PARAMETRIC_REPRESENTATION_CONTEXT() REPRESENTATION_CONTEXT('2D SPACE',''
  ) );
#13672 = ORIENTED_EDGE('',*,*,#13673,.F.);
#13673 = EDGE_CURVE('',#13575,#13651,#13674,.T.);
#13674 = SURFACE_CURVE('',#13675,(#13679,#13686),.PCURVE_S1.);
#13675 = LINE('',#13676,#13677);
#13676 = CARTESIAN_POINT('',(0.3556,-0.2286,0.E+000));
#13677 = VECTOR('',#13678,1.);
#13678 = DIRECTION('',(-0.707106781187,-0.707106781187,0.E+000));
#13679 = PCURVE('',#13590,#13680);
#13680 = DEFINITIONAL_REPRESENTATION('',(#13681),#13685);
#13681 = LINE('',#13682,#13683);
#13682 = CARTESIAN_POINT('',(0.E+000,0.E+000));
#13683 = VECTOR('',#13684,1.);
#13684 = DIRECTION('',(1.,0.E+000));
#13685 = ( GEOMETRIC_REPRESENTATION_CONTEXT(2) 
PARAMETRIC_REPRESENTATION_CONTEXT() REPRESENTATION_CONTEXT('2D SPACE',''
  ) );
#13686 = PCURVE('',#13079,#13687);
#13687 = DEFINITIONAL_REPRESENTATION('',(#13688),#13692);
#13688 = LINE('',#13689,#13690);
#13689 = CARTESIAN_POINT('',(-0.7366,5.08E-002));
#13690 = VECTOR('',#13691,1.);
#13691 = DIRECTION('',(0.707106781187,-0.707106781187));
#13692 = ( GEOMETRIC_REPRESENTATION_CONTEXT(2) 
PARAMETRIC_REPRESENTATION_CONTEXT() REPRESENTATION_CONTEXT('2D SPACE',''
  ) );
#13693 = ADVANCED_FACE('',(#13694),#12997,.F.);
#13694 = FACE_BOUND('',#13695,.F.);
#13695 = EDGE_LOOP('',(#13696,#13697,#13718,#13719));
#13696 = ORIENTED_EDGE('',*,*,#13650,.T.);
#13697 = ORIENTED_EDGE('',*,*,#13698,.T.);
#13698 = EDGE_CURVE('',#13628,#12977,#13699,.T.);
#13699 = SURFACE_CURVE('',#13700,(#13704,#13711),.PCURVE_S1.);
#13700 = LINE('',#13701,#13702);
#13701 = CARTESIAN_POINT('',(0.3048,-0.2794,2.54E-004));
#13702 = VECTOR('',#13703,1.);
#13703 = DIRECTION('',(-1.,0.E+000,0.E+000));
#13704 = PCURVE('',#12997,#13705);
#13705 = DEFINITIONAL_REPRESENTATION('',(#13706),#13710);
#13706 = LINE('',#13707,#13708);
#13707 = CARTESIAN_POINT('',(0.E+000,-2.54E-004));
#13708 = VECTOR('',#13709,1.);
#13709 = DIRECTION('',(1.,0.E+000));
#13710 = ( GEOMETRIC_REPRESENTATION_CONTEXT(2) 
PARAMETRIC_REPRESENTATION_CONTEXT() REPRESENTATION_CONTEXT('2D SPACE',''
  ) );
#13711 = PCURVE('',#13025,#13712);
#13712 = DEFINITIONAL_REPRESENTATION('',(#13713),#13717);
#13713 = LINE('',#13714,#13715);
#13714 = CARTESIAN_POINT('',(-0.6858,0.E+000));
#13715 = VECTOR('',#13716,1.);
#13716 = DIRECTION('',(1.,0.E+000));
#13717 = ( GEOMETRIC_REPRESENTATION_CONTEXT(2) 
PARAMETRIC_REPRESENTATION_CONTEXT() REPRESENTATION_CONTEXT('2D SPACE',''
  ) );
#13718 = ORIENTED_EDGE('',*,*,#12974,.F.);
#13719 = ORIENTED_EDGE('',*,*,#13720,.F.);
#13720 = EDGE_CURVE('',#13651,#12975,#13721,.T.);
#13721 = SURFACE_CURVE('',#13722,(#13726,#13733),.PCURVE_S1.);
#13722 = LINE('',#13723,#13724);
#13723 = CARTESIAN_POINT('',(0.3048,-0.2794,0.E+000));
#13724 = VECTOR('',#13725,1.);
#13725 = DIRECTION('',(-1.,0.E+000,0.E+000));
#13726 = PCURVE('',#12997,#13727);
#13727 = DEFINITIONAL_REPRESENTATION('',(#13728),#13732);
#13728 = LINE('',#13729,#13730);
#13729 = CARTESIAN_POINT('',(0.E+000,-0.E+000));
#13730 = VECTOR('',#13731,1.);
#13731 = DIRECTION('',(1.,0.E+000));
#13732 = ( GEOMETRIC_REPRESENTATION_CONTEXT(2) 
PARAMETRIC_REPRESENTATION_CONTEXT() REPRESENTATION_CONTEXT('2D SPACE',''
  ) );
#13733 = PCURVE('',#13079,#13734);
#13734 = DEFINITIONAL_REPRESENTATION('',(#13735),#13739);
#13735 = LINE('',#13736,#13737);
#13736 = CARTESIAN_POINT('',(-0.6858,0.E+000));
#13737 = VECTOR('',#13738,1.);
#13738 = DIRECTION('',(1.,0.E+000));
#13739 = ( GEOMETRIC_REPRESENTATION_CONTEXT(2) 
PARAMETRIC_REPRESENTATION_CONTEXT() REPRESENTATION_CONTEXT('2D SPACE',''
  ) );
#13740 = ADVANCED_FACE('',(#13741),#13079,.T.);
#13741 = FACE_BOUND('',#13742,.F.);
#13742 = EDGE_LOOP('',(#13743,#13744,#13745,#13746,#13747,#13748,#13749,
    #13750,#13751,#13752));
#13743 = ORIENTED_EDGE('',*,*,#13065,.T.);
#13744 = ORIENTED_EDGE('',*,*,#13146,.T.);
#13745 = ORIENTED_EDGE('',*,*,#13222,.T.);
#13746 = ORIENTED_EDGE('',*,*,#13298,.T.);
#13747 = ORIENTED_EDGE('',*,*,#13374,.T.);
#13748 = ORIENTED_EDGE('',*,*,#13450,.T.);
#13749 = ORIENTED_EDGE('',*,*,#13526,.T.);
#13750 = ORIENTED_EDGE('',*,*,#13602,.T.);
#13751 = ORIENTED_EDGE('',*,*,#13673,.T.);
#13752 = ORIENTED_EDGE('',*,*,#13720,.T.);
#13753 = ADVANCED_FACE('',(#13754),#13025,.F.);
#13754 = FACE_BOUND('',#13755,.T.);
#13755 = EDGE_LOOP('',(#13756,#13757,#13758,#13759,#13760,#13761,#13762,
    #13763,#13764,#13765));
#13756 = ORIENTED_EDGE('',*,*,#13009,.T.);
#13757 = ORIENTED_EDGE('',*,*,#13095,.T.);
#13758 = ORIENTED_EDGE('',*,*,#13171,.T.);
#13759 = ORIENTED_EDGE('',*,*,#13247,.T.);
#13760 = ORIENTED_EDGE('',*,*,#13323,.T.);
#13761 = ORIENTED_EDGE('',*,*,#13399,.T.);
#13762 = ORIENTED_EDGE('',*,*,#13475,.T.);
#13763 = ORIENTED_EDGE('',*,*,#13551,.T.);
#13764 = ORIENTED_EDGE('',*,*,#13627,.T.);
#13765 = ORIENTED_EDGE('',*,*,#13698,.T.);
#13766 = ( GEOMETRIC_REPRESENTATION_CONTEXT(3) 
GLOBAL_UNCERTAINTY_ASSIGNED_CONTEXT((#13770)) 
GLOBAL_UNIT_ASSIGNED_CONTEXT((#13767,#13768,#13769)) 
REPRESENTATION_CONTEXT('Context #1',
  '3D Context with UNIT and UNCERTAINTY') );
#13767 = ( LENGTH_UNIT() NAMED_UNIT(*) SI_UNIT(.MILLI.,.METRE.) );
#13768 = ( NAMED_UNIT(*) PLANE_ANGLE_UNIT() SI_UNIT($,.RADIAN.) );
#13769 = ( NAMED_UNIT(*) SI_UNIT($,.STERADIAN.) SOLID_ANGLE_UNIT() );
#13770 = UNCERTAINTY_MEASURE_WITH_UNIT(LENGTH_MEASURE(1.E-007),#13767,
  'distance_accuracy_value','confusion accuracy');
#13771 = SHAPE_DEFINITION_REPRESENTATION(#13772,#12967);
#13772 = PRODUCT_DEFINITION_SHAPE('','',#13773);
#13773 = PRODUCT_DEFINITION('design','',#13774,#13777);
#13774 = PRODUCT_DEFINITION_FORMATION('','',#13775);
#13775 = PRODUCT('Extruded','Extruded','',(#13776));
#13776 = PRODUCT_CONTEXT('',#2,'mechanical');
#13777 = PRODUCT_DEFINITION_CONTEXT('part definition',#2,'design');
#13778 = CONTEXT_DEPENDENT_SHAPE_REPRESENTATION(#13779,#13781);
#13779 = ( REPRESENTATION_RELATIONSHIP('','',#12967,#12957) 
REPRESENTATION_RELATIONSHIP_WITH_TRANSFORMATION(#13780) 
SHAPE_REPRESENTATION_RELATIONSHIP() );
#13780 = ITEM_DEFINED_TRANSFORMATION('','',#11,#12958);
#13781 = PRODUCT_DEFINITION_SHAPE('Placement','Placement of an item',
  #13782);
#13782 = NEXT_ASSEMBLY_USAGE_OCCURRENCE('103','=>[0:1:1:2]','',#12952,
  #13773,$);
#13783 = PRODUCT_RELATED_PRODUCT_CATEGORY('part',$,(#13775));
#13784 = CONTEXT_DEPENDENT_SHAPE_REPRESENTATION(#13785,#13787);
#13785 = ( REPRESENTATION_RELATIONSHIP('','',#12957,#12928) 
REPRESENTATION_RELATIONSHIP_WITH_TRANSFORMATION(#13786) 
SHAPE_REPRESENTATION_RELATIONSHIP() );
#13786 = ITEM_DEFINED_TRANSFORMATION('','',#11,#12929);
#13787 = PRODUCT_DEFINITION_SHAPE('Placement','Placement of an item',
  #13788);
#13788 = NEXT_ASSEMBLY_USAGE_OCCURRENCE('104','=>[0:1:1:47]','',#12923,
  #12952,$);
#13789 = PRODUCT_RELATED_PRODUCT_CATEGORY('part',$,(#12954));
#13790 = SHAPE_DEFINITION_REPRESENTATION(#13791,#13797);
#13791 = PRODUCT_DEFINITION_SHAPE('','',#13792);
#13792 = PRODUCT_DEFINITION('design','',#13793,#13796);
#13793 = PRODUCT_DEFINITION_FORMATION('','',#13794);
#13794 = PRODUCT('868861072','868861072','',(#13795));
#13795 = PRODUCT_CONTEXT('',#2,'mechanical');
#13796 = PRODUCT_DEFINITION_CONTEXT('part definition',#2,'design');
#13797 = SHAPE_REPRESENTATION('',(#11,#13798),#13802);
#13798 = AXIS2_PLACEMENT_3D('',#13799,#13800,#13801);
#13799 = CARTESIAN_POINT('',(0.E+000,0.E+000,0.E+000));
#13800 = DIRECTION('',(0.E+000,0.E+000,1.));
#13801 = DIRECTION('',(1.,0.E+000,0.E+000));
#13802 = ( GEOMETRIC_REPRESENTATION_CONTEXT(3) 
GLOBAL_UNCERTAINTY_ASSIGNED_CONTEXT((#13806)) 
GLOBAL_UNIT_ASSIGNED_CONTEXT((#13803,#13804,#13805)) 
REPRESENTATION_CONTEXT('Context #1',
  '3D Context with UNIT and UNCERTAINTY') );
#13803 = ( LENGTH_UNIT() NAMED_UNIT(*) SI_UNIT(.MILLI.,.METRE.) );
#13804 = ( NAMED_UNIT(*) PLANE_ANGLE_UNIT() SI_UNIT($,.RADIAN.) );
#13805 = ( NAMED_UNIT(*) SI_UNIT($,.STERADIAN.) SOLID_ANGLE_UNIT() );
#13806 = UNCERTAINTY_MEASURE_WITH_UNIT(LENGTH_MEASURE(1.E-007),#13803,
  'distance_accuracy_value','confusion accuracy');
#13807 = ADVANCED_BREP_SHAPE_REPRESENTATION('',(#11,#13808),#14138);
#13808 = MANIFOLD_SOLID_BREP('',#13809);
#13809 = CLOSED_SHELL('',(#13810,#13930,#14006,#14077,#14124,#14131));
#13810 = ADVANCED_FACE('',(#13811),#13825,.F.);
#13811 = FACE_BOUND('',#13812,.F.);
#13812 = EDGE_LOOP('',(#13813,#13848,#13876,#13904));
#13813 = ORIENTED_EDGE('',*,*,#13814,.T.);
#13814 = EDGE_CURVE('',#13815,#13817,#13819,.T.);
#13815 = VERTEX_POINT('',#13816);
#13816 = CARTESIAN_POINT('',(-0.6096,-1.143,0.E+000));
#13817 = VERTEX_POINT('',#13818);
#13818 = CARTESIAN_POINT('',(-0.6096,-1.143,0.4826));
#13819 = SURFACE_CURVE('',#13820,(#13824,#13836),.PCURVE_S1.);
#13820 = LINE('',#13821,#13822);
#13821 = CARTESIAN_POINT('',(-0.6096,-1.143,0.E+000));
#13822 = VECTOR('',#13823,1.);
#13823 = DIRECTION('',(0.E+000,0.E+000,1.));
#13824 = PCURVE('',#13825,#13830);
#13825 = PLANE('',#13826);
#13826 = AXIS2_PLACEMENT_3D('',#13827,#13828,#13829);
#13827 = CARTESIAN_POINT('',(-0.6096,-1.143,0.E+000));
#13828 = DIRECTION('',(0.E+000,1.,0.E+000));
#13829 = DIRECTION('',(1.,0.E+000,0.E+000));
#13830 = DEFINITIONAL_REPRESENTATION('',(#13831),#13835);
#13831 = LINE('',#13832,#13833);
#13832 = CARTESIAN_POINT('',(0.E+000,0.E+000));
#13833 = VECTOR('',#13834,1.);
#13834 = DIRECTION('',(0.E+000,-1.));
#13835 = ( GEOMETRIC_REPRESENTATION_CONTEXT(2) 
PARAMETRIC_REPRESENTATION_CONTEXT() REPRESENTATION_CONTEXT('2D SPACE',''
  ) );
#13836 = PCURVE('',#13837,#13842);
#13837 = PLANE('',#13838);
#13838 = AXIS2_PLACEMENT_3D('',#13839,#13840,#13841);
#13839 = CARTESIAN_POINT('',(-0.6096,1.143,0.E+000));
#13840 = DIRECTION('',(1.,0.E+000,-0.E+000));
#13841 = DIRECTION('',(0.E+000,-1.,0.E+000));
#13842 = DEFINITIONAL_REPRESENTATION('',(#13843),#13847);
#13843 = LINE('',#13844,#13845);
#13844 = CARTESIAN_POINT('',(2.286,0.E+000));
#13845 = VECTOR('',#13846,1.);
#13846 = DIRECTION('',(0.E+000,-1.));
#13847 = ( GEOMETRIC_REPRESENTATION_CONTEXT(2) 
PARAMETRIC_REPRESENTATION_CONTEXT() REPRESENTATION_CONTEXT('2D SPACE',''
  ) );
#13848 = ORIENTED_EDGE('',*,*,#13849,.T.);
#13849 = EDGE_CURVE('',#13817,#13850,#13852,.T.);
#13850 = VERTEX_POINT('',#13851);
#13851 = CARTESIAN_POINT('',(0.6096,-1.143,0.4826));
#13852 = SURFACE_CURVE('',#13853,(#13857,#13864),.PCURVE_S1.);
#13853 = LINE('',#13854,#13855);
#13854 = CARTESIAN_POINT('',(-0.6096,-1.143,0.4826));
#13855 = VECTOR('',#13856,1.);
#13856 = DIRECTION('',(1.,0.E+000,0.E+000));
#13857 = PCURVE('',#13825,#13858);
#13858 = DEFINITIONAL_REPRESENTATION('',(#13859),#13863);
#13859 = LINE('',#13860,#13861);
#13860 = CARTESIAN_POINT('',(0.E+000,-0.4826));
#13861 = VECTOR('',#13862,1.);
#13862 = DIRECTION('',(1.,0.E+000));
#13863 = ( GEOMETRIC_REPRESENTATION_CONTEXT(2) 
PARAMETRIC_REPRESENTATION_CONTEXT() REPRESENTATION_CONTEXT('2D SPACE',''
  ) );
#13864 = PCURVE('',#13865,#13870);
#13865 = PLANE('',#13866);
#13866 = AXIS2_PLACEMENT_3D('',#13867,#13868,#13869);
#13867 = CARTESIAN_POINT('',(-0.6096,-1.143,0.4826));
#13868 = DIRECTION('',(0.E+000,0.E+000,-1.));
#13869 = DIRECTION('',(-1.,0.E+000,-0.E+000));
#13870 = DEFINITIONAL_REPRESENTATION('',(#13871),#13875);
#13871 = LINE('',#13872,#13873);
#13872 = CARTESIAN_POINT('',(0.E+000,0.E+000));
#13873 = VECTOR('',#13874,1.);
#13874 = DIRECTION('',(-1.,0.E+000));
#13875 = ( GEOMETRIC_REPRESENTATION_CONTEXT(2) 
PARAMETRIC_REPRESENTATION_CONTEXT() REPRESENTATION_CONTEXT('2D SPACE',''
  ) );
#13876 = ORIENTED_EDGE('',*,*,#13877,.F.);
#13877 = EDGE_CURVE('',#13878,#13850,#13880,.T.);
#13878 = VERTEX_POINT('',#13879);
#13879 = CARTESIAN_POINT('',(0.6096,-1.143,0.E+000));
#13880 = SURFACE_CURVE('',#13881,(#13885,#13892),.PCURVE_S1.);
#13881 = LINE('',#13882,#13883);
#13882 = CARTESIAN_POINT('',(0.6096,-1.143,0.E+000));
#13883 = VECTOR('',#13884,1.);
#13884 = DIRECTION('',(0.E+000,0.E+000,1.));
#13885 = PCURVE('',#13825,#13886);
#13886 = DEFINITIONAL_REPRESENTATION('',(#13887),#13891);
#13887 = LINE('',#13888,#13889);
#13888 = CARTESIAN_POINT('',(1.2192,0.E+000));
#13889 = VECTOR('',#13890,1.);
#13890 = DIRECTION('',(0.E+000,-1.));
#13891 = ( GEOMETRIC_REPRESENTATION_CONTEXT(2) 
PARAMETRIC_REPRESENTATION_CONTEXT() REPRESENTATION_CONTEXT('2D SPACE',''
  ) );
#13892 = PCURVE('',#13893,#13898);
#13893 = PLANE('',#13894);
#13894 = AXIS2_PLACEMENT_3D('',#13895,#13896,#13897);
#13895 = CARTESIAN_POINT('',(0.6096,-1.143,0.E+000));
#13896 = DIRECTION('',(-1.,0.E+000,0.E+000));
#13897 = DIRECTION('',(0.E+000,1.,0.E+000));
#13898 = DEFINITIONAL_REPRESENTATION('',(#13899),#13903);
#13899 = LINE('',#13900,#13901);
#13900 = CARTESIAN_POINT('',(0.E+000,0.E+000));
#13901 = VECTOR('',#13902,1.);
#13902 = DIRECTION('',(0.E+000,-1.));
#13903 = ( GEOMETRIC_REPRESENTATION_CONTEXT(2) 
PARAMETRIC_REPRESENTATION_CONTEXT() REPRESENTATION_CONTEXT('2D SPACE',''
  ) );
#13904 = ORIENTED_EDGE('',*,*,#13905,.F.);
#13905 = EDGE_CURVE('',#13815,#13878,#13906,.T.);
#13906 = SURFACE_CURVE('',#13907,(#13911,#13918),.PCURVE_S1.);
#13907 = LINE('',#13908,#13909);
#13908 = CARTESIAN_POINT('',(-0.6096,-1.143,0.E+000));
#13909 = VECTOR('',#13910,1.);
#13910 = DIRECTION('',(1.,0.E+000,0.E+000));
#13911 = PCURVE('',#13825,#13912);
#13912 = DEFINITIONAL_REPRESENTATION('',(#13913),#13917);
#13913 = LINE('',#13914,#13915);
#13914 = CARTESIAN_POINT('',(0.E+000,0.E+000));
#13915 = VECTOR('',#13916,1.);
#13916 = DIRECTION('',(1.,0.E+000));
#13917 = ( GEOMETRIC_REPRESENTATION_CONTEXT(2) 
PARAMETRIC_REPRESENTATION_CONTEXT() REPRESENTATION_CONTEXT('2D SPACE',''
  ) );
#13918 = PCURVE('',#13919,#13924);
#13919 = PLANE('',#13920);
#13920 = AXIS2_PLACEMENT_3D('',#13921,#13922,#13923);
#13921 = CARTESIAN_POINT('',(-0.6096,-1.143,0.E+000));
#13922 = DIRECTION('',(0.E+000,0.E+000,-1.));
#13923 = DIRECTION('',(-1.,0.E+000,-0.E+000));
#13924 = DEFINITIONAL_REPRESENTATION('',(#13925),#13929);
#13925 = LINE('',#13926,#13927);
#13926 = CARTESIAN_POINT('',(0.E+000,0.E+000));
#13927 = VECTOR('',#13928,1.);
#13928 = DIRECTION('',(-1.,0.E+000));
#13929 = ( GEOMETRIC_REPRESENTATION_CONTEXT(2) 
PARAMETRIC_REPRESENTATION_CONTEXT() REPRESENTATION_CONTEXT('2D SPACE',''
  ) );
#13930 = ADVANCED_FACE('',(#13931),#13893,.F.);
#13931 = FACE_BOUND('',#13932,.F.);
#13932 = EDGE_LOOP('',(#13933,#13934,#13957,#13985));
#13933 = ORIENTED_EDGE('',*,*,#13877,.T.);
#13934 = ORIENTED_EDGE('',*,*,#13935,.T.);
#13935 = EDGE_CURVE('',#13850,#13936,#13938,.T.);
#13936 = VERTEX_POINT('',#13937);
#13937 = CARTESIAN_POINT('',(0.6096,1.143,0.4826));
#13938 = SURFACE_CURVE('',#13939,(#13943,#13950),.PCURVE_S1.);
#13939 = LINE('',#13940,#13941);
#13940 = CARTESIAN_POINT('',(0.6096,-1.143,0.4826));
#13941 = VECTOR('',#13942,1.);
#13942 = DIRECTION('',(0.E+000,1.,0.E+000));
#13943 = PCURVE('',#13893,#13944);
#13944 = DEFINITIONAL_REPRESENTATION('',(#13945),#13949);
#13945 = LINE('',#13946,#13947);
#13946 = CARTESIAN_POINT('',(0.E+000,-0.4826));
#13947 = VECTOR('',#13948,1.);
#13948 = DIRECTION('',(1.,0.E+000));
#13949 = ( GEOMETRIC_REPRESENTATION_CONTEXT(2) 
PARAMETRIC_REPRESENTATION_CONTEXT() REPRESENTATION_CONTEXT('2D SPACE',''
  ) );
#13950 = PCURVE('',#13865,#13951);
#13951 = DEFINITIONAL_REPRESENTATION('',(#13952),#13956);
#13952 = LINE('',#13953,#13954);
#13953 = CARTESIAN_POINT('',(-1.2192,0.E+000));
#13954 = VECTOR('',#13955,1.);
#13955 = DIRECTION('',(0.E+000,1.));
#13956 = ( GEOMETRIC_REPRESENTATION_CONTEXT(2) 
PARAMETRIC_REPRESENTATION_CONTEXT() REPRESENTATION_CONTEXT('2D SPACE',''
  ) );
#13957 = ORIENTED_EDGE('',*,*,#13958,.F.);
#13958 = EDGE_CURVE('',#13959,#13936,#13961,.T.);
#13959 = VERTEX_POINT('',#13960);
#13960 = CARTESIAN_POINT('',(0.6096,1.143,0.E+000));
#13961 = SURFACE_CURVE('',#13962,(#13966,#13973),.PCURVE_S1.);
#13962 = LINE('',#13963,#13964);
#13963 = CARTESIAN_POINT('',(0.6096,1.143,0.E+000));
#13964 = VECTOR('',#13965,1.);
#13965 = DIRECTION('',(0.E+000,0.E+000,1.));
#13966 = PCURVE('',#13893,#13967);
#13967 = DEFINITIONAL_REPRESENTATION('',(#13968),#13972);
#13968 = LINE('',#13969,#13970);
#13969 = CARTESIAN_POINT('',(2.286,0.E+000));
#13970 = VECTOR('',#13971,1.);
#13971 = DIRECTION('',(0.E+000,-1.));
#13972 = ( GEOMETRIC_REPRESENTATION_CONTEXT(2) 
PARAMETRIC_REPRESENTATION_CONTEXT() REPRESENTATION_CONTEXT('2D SPACE',''
  ) );
#13973 = PCURVE('',#13974,#13979);
#13974 = PLANE('',#13975);
#13975 = AXIS2_PLACEMENT_3D('',#13976,#13977,#13978);
#13976 = CARTESIAN_POINT('',(0.6096,1.143,0.E+000));
#13977 = DIRECTION('',(0.E+000,-1.,0.E+000));
#13978 = DIRECTION('',(-1.,0.E+000,0.E+000));
#13979 = DEFINITIONAL_REPRESENTATION('',(#13980),#13984);
#13980 = LINE('',#13981,#13982);
#13981 = CARTESIAN_POINT('',(0.E+000,-0.E+000));
#13982 = VECTOR('',#13983,1.);
#13983 = DIRECTION('',(0.E+000,-1.));
#13984 = ( GEOMETRIC_REPRESENTATION_CONTEXT(2) 
PARAMETRIC_REPRESENTATION_CONTEXT() REPRESENTATION_CONTEXT('2D SPACE',''
  ) );
#13985 = ORIENTED_EDGE('',*,*,#13986,.F.);
#13986 = EDGE_CURVE('',#13878,#13959,#13987,.T.);
#13987 = SURFACE_CURVE('',#13988,(#13992,#13999),.PCURVE_S1.);
#13988 = LINE('',#13989,#13990);
#13989 = CARTESIAN_POINT('',(0.6096,-1.143,0.E+000));
#13990 = VECTOR('',#13991,1.);
#13991 = DIRECTION('',(0.E+000,1.,0.E+000));
#13992 = PCURVE('',#13893,#13993);
#13993 = DEFINITIONAL_REPRESENTATION('',(#13994),#13998);
#13994 = LINE('',#13995,#13996);
#13995 = CARTESIAN_POINT('',(0.E+000,0.E+000));
#13996 = VECTOR('',#13997,1.);
#13997 = DIRECTION('',(1.,0.E+000));
#13998 = ( GEOMETRIC_REPRESENTATION_CONTEXT(2) 
PARAMETRIC_REPRESENTATION_CONTEXT() REPRESENTATION_CONTEXT('2D SPACE',''
  ) );
#13999 = PCURVE('',#13919,#14000);
#14000 = DEFINITIONAL_REPRESENTATION('',(#14001),#14005);
#14001 = LINE('',#14002,#14003);
#14002 = CARTESIAN_POINT('',(-1.2192,0.E+000));
#14003 = VECTOR('',#14004,1.);
#14004 = DIRECTION('',(0.E+000,1.));
#14005 = ( GEOMETRIC_REPRESENTATION_CONTEXT(2) 
PARAMETRIC_REPRESENTATION_CONTEXT() REPRESENTATION_CONTEXT('2D SPACE',''
  ) );
#14006 = ADVANCED_FACE('',(#14007),#13974,.F.);
#14007 = FACE_BOUND('',#14008,.F.);
#14008 = EDGE_LOOP('',(#14009,#14010,#14033,#14056));
#14009 = ORIENTED_EDGE('',*,*,#13958,.T.);
#14010 = ORIENTED_EDGE('',*,*,#14011,.T.);
#14011 = EDGE_CURVE('',#13936,#14012,#14014,.T.);
#14012 = VERTEX_POINT('',#14013);
#14013 = CARTESIAN_POINT('',(-0.6096,1.143,0.4826));
#14014 = SURFACE_CURVE('',#14015,(#14019,#14026),.PCURVE_S1.);
#14015 = LINE('',#14016,#14017);
#14016 = CARTESIAN_POINT('',(0.6096,1.143,0.4826));
#14017 = VECTOR('',#14018,1.);
#14018 = DIRECTION('',(-1.,0.E+000,0.E+000));
#14019 = PCURVE('',#13974,#14020);
#14020 = DEFINITIONAL_REPRESENTATION('',(#14021),#14025);
#14021 = LINE('',#14022,#14023);
#14022 = CARTESIAN_POINT('',(0.E+000,-0.4826));
#14023 = VECTOR('',#14024,1.);
#14024 = DIRECTION('',(1.,0.E+000));
#14025 = ( GEOMETRIC_REPRESENTATION_CONTEXT(2) 
PARAMETRIC_REPRESENTATION_CONTEXT() REPRESENTATION_CONTEXT('2D SPACE',''
  ) );
#14026 = PCURVE('',#13865,#14027);
#14027 = DEFINITIONAL_REPRESENTATION('',(#14028),#14032);
#14028 = LINE('',#14029,#14030);
#14029 = CARTESIAN_POINT('',(-1.2192,2.286));
#14030 = VECTOR('',#14031,1.);
#14031 = DIRECTION('',(1.,0.E+000));
#14032 = ( GEOMETRIC_REPRESENTATION_CONTEXT(2) 
PARAMETRIC_REPRESENTATION_CONTEXT() REPRESENTATION_CONTEXT('2D SPACE',''
  ) );
#14033 = ORIENTED_EDGE('',*,*,#14034,.F.);
#14034 = EDGE_CURVE('',#14035,#14012,#14037,.T.);
#14035 = VERTEX_POINT('',#14036);
#14036 = CARTESIAN_POINT('',(-0.6096,1.143,0.E+000));
#14037 = SURFACE_CURVE('',#14038,(#14042,#14049),.PCURVE_S1.);
#14038 = LINE('',#14039,#14040);
#14039 = CARTESIAN_POINT('',(-0.6096,1.143,0.E+000));
#14040 = VECTOR('',#14041,1.);
#14041 = DIRECTION('',(0.E+000,0.E+000,1.));
#14042 = PCURVE('',#13974,#14043);
#14043 = DEFINITIONAL_REPRESENTATION('',(#14044),#14048);
#14044 = LINE('',#14045,#14046);
#14045 = CARTESIAN_POINT('',(1.2192,0.E+000));
#14046 = VECTOR('',#14047,1.);
#14047 = DIRECTION('',(0.E+000,-1.));
#14048 = ( GEOMETRIC_REPRESENTATION_CONTEXT(2) 
PARAMETRIC_REPRESENTATION_CONTEXT() REPRESENTATION_CONTEXT('2D SPACE',''
  ) );
#14049 = PCURVE('',#13837,#14050);
#14050 = DEFINITIONAL_REPRESENTATION('',(#14051),#14055);
#14051 = LINE('',#14052,#14053);
#14052 = CARTESIAN_POINT('',(0.E+000,0.E+000));
#14053 = VECTOR('',#14054,1.);
#14054 = DIRECTION('',(0.E+000,-1.));
#14055 = ( GEOMETRIC_REPRESENTATION_CONTEXT(2) 
PARAMETRIC_REPRESENTATION_CONTEXT() REPRESENTATION_CONTEXT('2D SPACE',''
  ) );
#14056 = ORIENTED_EDGE('',*,*,#14057,.F.);
#14057 = EDGE_CURVE('',#13959,#14035,#14058,.T.);
#14058 = SURFACE_CURVE('',#14059,(#14063,#14070),.PCURVE_S1.);
#14059 = LINE('',#14060,#14061);
#14060 = CARTESIAN_POINT('',(0.6096,1.143,0.E+000));
#14061 = VECTOR('',#14062,1.);
#14062 = DIRECTION('',(-1.,0.E+000,0.E+000));
#14063 = PCURVE('',#13974,#14064);
#14064 = DEFINITIONAL_REPRESENTATION('',(#14065),#14069);
#14065 = LINE('',#14066,#14067);
#14066 = CARTESIAN_POINT('',(0.E+000,-0.E+000));
#14067 = VECTOR('',#14068,1.);
#14068 = DIRECTION('',(1.,0.E+000));
#14069 = ( GEOMETRIC_REPRESENTATION_CONTEXT(2) 
PARAMETRIC_REPRESENTATION_CONTEXT() REPRESENTATION_CONTEXT('2D SPACE',''
  ) );
#14070 = PCURVE('',#13919,#14071);
#14071 = DEFINITIONAL_REPRESENTATION('',(#14072),#14076);
#14072 = LINE('',#14073,#14074);
#14073 = CARTESIAN_POINT('',(-1.2192,2.286));
#14074 = VECTOR('',#14075,1.);
#14075 = DIRECTION('',(1.,0.E+000));
#14076 = ( GEOMETRIC_REPRESENTATION_CONTEXT(2) 
PARAMETRIC_REPRESENTATION_CONTEXT() REPRESENTATION_CONTEXT('2D SPACE',''
  ) );
#14077 = ADVANCED_FACE('',(#14078),#13837,.F.);
#14078 = FACE_BOUND('',#14079,.F.);
#14079 = EDGE_LOOP('',(#14080,#14081,#14102,#14103));
#14080 = ORIENTED_EDGE('',*,*,#14034,.T.);
#14081 = ORIENTED_EDGE('',*,*,#14082,.T.);
#14082 = EDGE_CURVE('',#14012,#13817,#14083,.T.);
#14083 = SURFACE_CURVE('',#14084,(#14088,#14095),.PCURVE_S1.);
#14084 = LINE('',#14085,#14086);
#14085 = CARTESIAN_POINT('',(-0.6096,1.143,0.4826));
#14086 = VECTOR('',#14087,1.);
#14087 = DIRECTION('',(0.E+000,-1.,0.E+000));
#14088 = PCURVE('',#13837,#14089);
#14089 = DEFINITIONAL_REPRESENTATION('',(#14090),#14094);
#14090 = LINE('',#14091,#14092);
#14091 = CARTESIAN_POINT('',(0.E+000,-0.4826));
#14092 = VECTOR('',#14093,1.);
#14093 = DIRECTION('',(1.,0.E+000));
#14094 = ( GEOMETRIC_REPRESENTATION_CONTEXT(2) 
PARAMETRIC_REPRESENTATION_CONTEXT() REPRESENTATION_CONTEXT('2D SPACE',''
  ) );
#14095 = PCURVE('',#13865,#14096);
#14096 = DEFINITIONAL_REPRESENTATION('',(#14097),#14101);
#14097 = LINE('',#14098,#14099);
#14098 = CARTESIAN_POINT('',(0.E+000,2.286));
#14099 = VECTOR('',#14100,1.);
#14100 = DIRECTION('',(-0.E+000,-1.));
#14101 = ( GEOMETRIC_REPRESENTATION_CONTEXT(2) 
PARAMETRIC_REPRESENTATION_CONTEXT() REPRESENTATION_CONTEXT('2D SPACE',''
  ) );
#14102 = ORIENTED_EDGE('',*,*,#13814,.F.);
#14103 = ORIENTED_EDGE('',*,*,#14104,.F.);
#14104 = EDGE_CURVE('',#14035,#13815,#14105,.T.);
#14105 = SURFACE_CURVE('',#14106,(#14110,#14117),.PCURVE_S1.);
#14106 = LINE('',#14107,#14108);
#14107 = CARTESIAN_POINT('',(-0.6096,1.143,0.E+000));
#14108 = VECTOR('',#14109,1.);
#14109 = DIRECTION('',(0.E+000,-1.,0.E+000));
#14110 = PCURVE('',#13837,#14111);
#14111 = DEFINITIONAL_REPRESENTATION('',(#14112),#14116);
#14112 = LINE('',#14113,#14114);
#14113 = CARTESIAN_POINT('',(0.E+000,0.E+000));
#14114 = VECTOR('',#14115,1.);
#14115 = DIRECTION('',(1.,0.E+000));
#14116 = ( GEOMETRIC_REPRESENTATION_CONTEXT(2) 
PARAMETRIC_REPRESENTATION_CONTEXT() REPRESENTATION_CONTEXT('2D SPACE',''
  ) );
#14117 = PCURVE('',#13919,#14118);
#14118 = DEFINITIONAL_REPRESENTATION('',(#14119),#14123);
#14119 = LINE('',#14120,#14121);
#14120 = CARTESIAN_POINT('',(0.E+000,2.286));
#14121 = VECTOR('',#14122,1.);
#14122 = DIRECTION('',(-0.E+000,-1.));
#14123 = ( GEOMETRIC_REPRESENTATION_CONTEXT(2) 
PARAMETRIC_REPRESENTATION_CONTEXT() REPRESENTATION_CONTEXT('2D SPACE',''
  ) );
#14124 = ADVANCED_FACE('',(#14125),#13919,.T.);
#14125 = FACE_BOUND('',#14126,.F.);
#14126 = EDGE_LOOP('',(#14127,#14128,#14129,#14130));
#14127 = ORIENTED_EDGE('',*,*,#13905,.T.);
#14128 = ORIENTED_EDGE('',*,*,#13986,.T.);
#14129 = ORIENTED_EDGE('',*,*,#14057,.T.);
#14130 = ORIENTED_EDGE('',*,*,#14104,.T.);
#14131 = ADVANCED_FACE('',(#14132),#13865,.F.);
#14132 = FACE_BOUND('',#14133,.T.);
#14133 = EDGE_LOOP('',(#14134,#14135,#14136,#14137));
#14134 = ORIENTED_EDGE('',*,*,#13849,.T.);
#14135 = ORIENTED_EDGE('',*,*,#13935,.T.);
#14136 = ORIENTED_EDGE('',*,*,#14011,.T.);
#14137 = ORIENTED_EDGE('',*,*,#14082,.T.);
#14138 = ( GEOMETRIC_REPRESENTATION_CONTEXT(3) 
GLOBAL_UNCERTAINTY_ASSIGNED_CONTEXT((#14142)) 
GLOBAL_UNIT_ASSIGNED_CONTEXT((#14139,#14140,#14141)) 
REPRESENTATION_CONTEXT('Context #1',
  '3D Context with UNIT and UNCERTAINTY') );
#14139 = ( LENGTH_UNIT() NAMED_UNIT(*) SI_UNIT(.MILLI.,.METRE.) );
#14140 = ( NAMED_UNIT(*) PLANE_ANGLE_UNIT() SI_UNIT($,.RADIAN.) );
#14141 = ( NAMED_UNIT(*) SI_UNIT($,.STERADIAN.) SOLID_ANGLE_UNIT() );
#14142 = UNCERTAINTY_MEASURE_WITH_UNIT(LENGTH_MEASURE(1.E-007),#14139,
  'distance_accuracy_value','confusion accuracy');
#14143 = SHAPE_DEFINITION_REPRESENTATION(#14144,#13807);
#14144 = PRODUCT_DEFINITION_SHAPE('','',#14145);
#14145 = PRODUCT_DEFINITION('design','',#14146,#14149);
#14146 = PRODUCT_DEFINITION_FORMATION('','',#14147);
#14147 = PRODUCT('Extruded','Extruded','',(#14148));
#14148 = PRODUCT_CONTEXT('',#2,'mechanical');
#14149 = PRODUCT_DEFINITION_CONTEXT('part definition',#2,'design');
#14150 = CONTEXT_DEPENDENT_SHAPE_REPRESENTATION(#14151,#14153);
#14151 = ( REPRESENTATION_RELATIONSHIP('','',#13807,#13797) 
REPRESENTATION_RELATIONSHIP_WITH_TRANSFORMATION(#14152) 
SHAPE_REPRESENTATION_RELATIONSHIP() );
#14152 = ITEM_DEFINED_TRANSFORMATION('','',#11,#13798);
#14153 = PRODUCT_DEFINITION_SHAPE('Placement','Placement of an item',
  #14154);
#14154 = NEXT_ASSEMBLY_USAGE_OCCURRENCE('105','=>[0:1:1:2]','',#13792,
  #14145,$);
#14155 = PRODUCT_RELATED_PRODUCT_CATEGORY('part',$,(#14147));
#14156 = CONTEXT_DEPENDENT_SHAPE_REPRESENTATION(#14157,#14159);
#14157 = ( REPRESENTATION_RELATIONSHIP('','',#13797,#12928) 
REPRESENTATION_RELATIONSHIP_WITH_TRANSFORMATION(#14158) 
SHAPE_REPRESENTATION_RELATIONSHIP() );
#14158 = ITEM_DEFINED_TRANSFORMATION('','',#11,#12933);
#14159 = PRODUCT_DEFINITION_SHAPE('Placement','Placement of an item',
  #14160);
#14160 = NEXT_ASSEMBLY_USAGE_OCCURRENCE('106','=>[0:1:1:49]','',#12923,
  #13792,$);
#14161 = PRODUCT_RELATED_PRODUCT_CATEGORY('part',$,(#13794));
#14162 = SHAPE_DEFINITION_REPRESENTATION(#14163,#14169);
#14163 = PRODUCT_DEFINITION_SHAPE('','',#14164);
#14164 = PRODUCT_DEFINITION('design','',#14165,#14168);
#14165 = PRODUCT_DEFINITION_FORMATION('','',#14166);
#14166 = PRODUCT('868860944','868860944','',(#14167));
#14167 = PRODUCT_CONTEXT('',#2,'mechanical');
#14168 = PRODUCT_DEFINITION_CONTEXT('part definition',#2,'design');
#14169 = SHAPE_REPRESENTATION('',(#11,#14170),#14174);
#14170 = AXIS2_PLACEMENT_3D('',#14171,#14172,#14173);
#14171 = CARTESIAN_POINT('',(0.E+000,0.E+000,0.E+000));
#14172 = DIRECTION('',(0.E+000,0.E+000,1.));
#14173 = DIRECTION('',(1.,0.E+000,0.E+000));
#14174 = ( GEOMETRIC_REPRESENTATION_CONTEXT(3) 
GLOBAL_UNCERTAINTY_ASSIGNED_CONTEXT((#14178)) 
GLOBAL_UNIT_ASSIGNED_CONTEXT((#14175,#14176,#14177)) 
REPRESENTATION_CONTEXT('Context #1',
  '3D Context with UNIT and UNCERTAINTY') );
#14175 = ( LENGTH_UNIT() NAMED_UNIT(*) SI_UNIT(.MILLI.,.METRE.) );
#14176 = ( NAMED_UNIT(*) PLANE_ANGLE_UNIT() SI_UNIT($,.RADIAN.) );
#14177 = ( NAMED_UNIT(*) SI_UNIT($,.STERADIAN.) SOLID_ANGLE_UNIT() );
#14178 = UNCERTAINTY_MEASURE_WITH_UNIT(LENGTH_MEASURE(1.E-007),#14175,
  'distance_accuracy_value','confusion accuracy');
#14179 = ADVANCED_BREP_SHAPE_REPRESENTATION('',(#11,#14180),#14510);
#14180 = MANIFOLD_SOLID_BREP('',#14181);
#14181 = CLOSED_SHELL('',(#14182,#14302,#14378,#14449,#14496,#14503));
#14182 = ADVANCED_FACE('',(#14183),#14197,.F.);
#14183 = FACE_BOUND('',#14184,.F.);
#14184 = EDGE_LOOP('',(#14185,#14220,#14248,#14276));
#14185 = ORIENTED_EDGE('',*,*,#14186,.T.);
#14186 = EDGE_CURVE('',#14187,#14189,#14191,.T.);
#14187 = VERTEX_POINT('',#14188);
#14188 = CARTESIAN_POINT('',(-0.635,-0.2032,0.E+000));
#14189 = VERTEX_POINT('',#14190);
#14190 = CARTESIAN_POINT('',(-0.635,-0.2032,0.508));
#14191 = SURFACE_CURVE('',#14192,(#14196,#14208),.PCURVE_S1.);
#14192 = LINE('',#14193,#14194);
#14193 = CARTESIAN_POINT('',(-0.635,-0.2032,0.E+000));
#14194 = VECTOR('',#14195,1.);
#14195 = DIRECTION('',(0.E+000,0.E+000,1.));
#14196 = PCURVE('',#14197,#14202);
#14197 = PLANE('',#14198);
#14198 = AXIS2_PLACEMENT_3D('',#14199,#14200,#14201);
#14199 = CARTESIAN_POINT('',(-0.635,-0.2032,0.E+000));
#14200 = DIRECTION('',(0.E+000,1.,0.E+000));
#14201 = DIRECTION('',(1.,0.E+000,0.E+000));
#14202 = DEFINITIONAL_REPRESENTATION('',(#14203),#14207);
#14203 = LINE('',#14204,#14205);
#14204 = CARTESIAN_POINT('',(0.E+000,0.E+000));
#14205 = VECTOR('',#14206,1.);
#14206 = DIRECTION('',(0.E+000,-1.));
#14207 = ( GEOMETRIC_REPRESENTATION_CONTEXT(2) 
PARAMETRIC_REPRESENTATION_CONTEXT() REPRESENTATION_CONTEXT('2D SPACE',''
  ) );
#14208 = PCURVE('',#14209,#14214);
#14209 = PLANE('',#14210);
#14210 = AXIS2_PLACEMENT_3D('',#14211,#14212,#14213);
#14211 = CARTESIAN_POINT('',(-0.635,0.2032,0.E+000));
#14212 = DIRECTION('',(1.,0.E+000,-0.E+000));
#14213 = DIRECTION('',(0.E+000,-1.,0.E+000));
#14214 = DEFINITIONAL_REPRESENTATION('',(#14215),#14219);
#14215 = LINE('',#14216,#14217);
#14216 = CARTESIAN_POINT('',(0.4064,0.E+000));
#14217 = VECTOR('',#14218,1.);
#14218 = DIRECTION('',(0.E+000,-1.));
#14219 = ( GEOMETRIC_REPRESENTATION_CONTEXT(2) 
PARAMETRIC_REPRESENTATION_CONTEXT() REPRESENTATION_CONTEXT('2D SPACE',''
  ) );
#14220 = ORIENTED_EDGE('',*,*,#14221,.T.);
#14221 = EDGE_CURVE('',#14189,#14222,#14224,.T.);
#14222 = VERTEX_POINT('',#14223);
#14223 = CARTESIAN_POINT('',(0.635,-0.2032,0.508));
#14224 = SURFACE_CURVE('',#14225,(#14229,#14236),.PCURVE_S1.);
#14225 = LINE('',#14226,#14227);
#14226 = CARTESIAN_POINT('',(-0.635,-0.2032,0.508));
#14227 = VECTOR('',#14228,1.);
#14228 = DIRECTION('',(1.,0.E+000,0.E+000));
#14229 = PCURVE('',#14197,#14230);
#14230 = DEFINITIONAL_REPRESENTATION('',(#14231),#14235);
#14231 = LINE('',#14232,#14233);
#14232 = CARTESIAN_POINT('',(0.E+000,-0.508));
#14233 = VECTOR('',#14234,1.);
#14234 = DIRECTION('',(1.,0.E+000));
#14235 = ( GEOMETRIC_REPRESENTATION_CONTEXT(2) 
PARAMETRIC_REPRESENTATION_CONTEXT() REPRESENTATION_CONTEXT('2D SPACE',''
  ) );
#14236 = PCURVE('',#14237,#14242);
#14237 = PLANE('',#14238);
#14238 = AXIS2_PLACEMENT_3D('',#14239,#14240,#14241);
#14239 = CARTESIAN_POINT('',(-0.635,-0.2032,0.508));
#14240 = DIRECTION('',(0.E+000,0.E+000,-1.));
#14241 = DIRECTION('',(-1.,0.E+000,-0.E+000));
#14242 = DEFINITIONAL_REPRESENTATION('',(#14243),#14247);
#14243 = LINE('',#14244,#14245);
#14244 = CARTESIAN_POINT('',(0.E+000,0.E+000));
#14245 = VECTOR('',#14246,1.);
#14246 = DIRECTION('',(-1.,0.E+000));
#14247 = ( GEOMETRIC_REPRESENTATION_CONTEXT(2) 
PARAMETRIC_REPRESENTATION_CONTEXT() REPRESENTATION_CONTEXT('2D SPACE',''
  ) );
#14248 = ORIENTED_EDGE('',*,*,#14249,.F.);
#14249 = EDGE_CURVE('',#14250,#14222,#14252,.T.);
#14250 = VERTEX_POINT('',#14251);
#14251 = CARTESIAN_POINT('',(0.635,-0.2032,0.E+000));
#14252 = SURFACE_CURVE('',#14253,(#14257,#14264),.PCURVE_S1.);
#14253 = LINE('',#14254,#14255);
#14254 = CARTESIAN_POINT('',(0.635,-0.2032,0.E+000));
#14255 = VECTOR('',#14256,1.);
#14256 = DIRECTION('',(0.E+000,0.E+000,1.));
#14257 = PCURVE('',#14197,#14258);
#14258 = DEFINITIONAL_REPRESENTATION('',(#14259),#14263);
#14259 = LINE('',#14260,#14261);
#14260 = CARTESIAN_POINT('',(1.27,0.E+000));
#14261 = VECTOR('',#14262,1.);
#14262 = DIRECTION('',(0.E+000,-1.));
#14263 = ( GEOMETRIC_REPRESENTATION_CONTEXT(2) 
PARAMETRIC_REPRESENTATION_CONTEXT() REPRESENTATION_CONTEXT('2D SPACE',''
  ) );
#14264 = PCURVE('',#14265,#14270);
#14265 = PLANE('',#14266);
#14266 = AXIS2_PLACEMENT_3D('',#14267,#14268,#14269);
#14267 = CARTESIAN_POINT('',(0.635,-0.2032,0.E+000));
#14268 = DIRECTION('',(-1.,0.E+000,0.E+000));
#14269 = DIRECTION('',(0.E+000,1.,0.E+000));
#14270 = DEFINITIONAL_REPRESENTATION('',(#14271),#14275);
#14271 = LINE('',#14272,#14273);
#14272 = CARTESIAN_POINT('',(0.E+000,0.E+000));
#14273 = VECTOR('',#14274,1.);
#14274 = DIRECTION('',(0.E+000,-1.));
#14275 = ( GEOMETRIC_REPRESENTATION_CONTEXT(2) 
PARAMETRIC_REPRESENTATION_CONTEXT() REPRESENTATION_CONTEXT('2D SPACE',''
  ) );
#14276 = ORIENTED_EDGE('',*,*,#14277,.F.);
#14277 = EDGE_CURVE('',#14187,#14250,#14278,.T.);
#14278 = SURFACE_CURVE('',#14279,(#14283,#14290),.PCURVE_S1.);
#14279 = LINE('',#14280,#14281);
#14280 = CARTESIAN_POINT('',(-0.635,-0.2032,0.E+000));
#14281 = VECTOR('',#14282,1.);
#14282 = DIRECTION('',(1.,0.E+000,0.E+000));
#14283 = PCURVE('',#14197,#14284);
#14284 = DEFINITIONAL_REPRESENTATION('',(#14285),#14289);
#14285 = LINE('',#14286,#14287);
#14286 = CARTESIAN_POINT('',(0.E+000,0.E+000));
#14287 = VECTOR('',#14288,1.);
#14288 = DIRECTION('',(1.,0.E+000));
#14289 = ( GEOMETRIC_REPRESENTATION_CONTEXT(2) 
PARAMETRIC_REPRESENTATION_CONTEXT() REPRESENTATION_CONTEXT('2D SPACE',''
  ) );
#14290 = PCURVE('',#14291,#14296);
#14291 = PLANE('',#14292);
#14292 = AXIS2_PLACEMENT_3D('',#14293,#14294,#14295);
#14293 = CARTESIAN_POINT('',(-0.635,-0.2032,0.E+000));
#14294 = DIRECTION('',(0.E+000,0.E+000,-1.));
#14295 = DIRECTION('',(-1.,0.E+000,-0.E+000));
#14296 = DEFINITIONAL_REPRESENTATION('',(#14297),#14301);
#14297 = LINE('',#14298,#14299);
#14298 = CARTESIAN_POINT('',(0.E+000,0.E+000));
#14299 = VECTOR('',#14300,1.);
#14300 = DIRECTION('',(-1.,0.E+000));
#14301 = ( GEOMETRIC_REPRESENTATION_CONTEXT(2) 
PARAMETRIC_REPRESENTATION_CONTEXT() REPRESENTATION_CONTEXT('2D SPACE',''
  ) );
#14302 = ADVANCED_FACE('',(#14303),#14265,.F.);
#14303 = FACE_BOUND('',#14304,.F.);
#14304 = EDGE_LOOP('',(#14305,#14306,#14329,#14357));
#14305 = ORIENTED_EDGE('',*,*,#14249,.T.);
#14306 = ORIENTED_EDGE('',*,*,#14307,.T.);
#14307 = EDGE_CURVE('',#14222,#14308,#14310,.T.);
#14308 = VERTEX_POINT('',#14309);
#14309 = CARTESIAN_POINT('',(0.635,0.2032,0.508));
#14310 = SURFACE_CURVE('',#14311,(#14315,#14322),.PCURVE_S1.);
#14311 = LINE('',#14312,#14313);
#14312 = CARTESIAN_POINT('',(0.635,-0.2032,0.508));
#14313 = VECTOR('',#14314,1.);
#14314 = DIRECTION('',(0.E+000,1.,0.E+000));
#14315 = PCURVE('',#14265,#14316);
#14316 = DEFINITIONAL_REPRESENTATION('',(#14317),#14321);
#14317 = LINE('',#14318,#14319);
#14318 = CARTESIAN_POINT('',(0.E+000,-0.508));
#14319 = VECTOR('',#14320,1.);
#14320 = DIRECTION('',(1.,0.E+000));
#14321 = ( GEOMETRIC_REPRESENTATION_CONTEXT(2) 
PARAMETRIC_REPRESENTATION_CONTEXT() REPRESENTATION_CONTEXT('2D SPACE',''
  ) );
#14322 = PCURVE('',#14237,#14323);
#14323 = DEFINITIONAL_REPRESENTATION('',(#14324),#14328);
#14324 = LINE('',#14325,#14326);
#14325 = CARTESIAN_POINT('',(-1.27,0.E+000));
#14326 = VECTOR('',#14327,1.);
#14327 = DIRECTION('',(0.E+000,1.));
#14328 = ( GEOMETRIC_REPRESENTATION_CONTEXT(2) 
PARAMETRIC_REPRESENTATION_CONTEXT() REPRESENTATION_CONTEXT('2D SPACE',''
  ) );
#14329 = ORIENTED_EDGE('',*,*,#14330,.F.);
#14330 = EDGE_CURVE('',#14331,#14308,#14333,.T.);
#14331 = VERTEX_POINT('',#14332);
#14332 = CARTESIAN_POINT('',(0.635,0.2032,0.E+000));
#14333 = SURFACE_CURVE('',#14334,(#14338,#14345),.PCURVE_S1.);
#14334 = LINE('',#14335,#14336);
#14335 = CARTESIAN_POINT('',(0.635,0.2032,0.E+000));
#14336 = VECTOR('',#14337,1.);
#14337 = DIRECTION('',(0.E+000,0.E+000,1.));
#14338 = PCURVE('',#14265,#14339);
#14339 = DEFINITIONAL_REPRESENTATION('',(#14340),#14344);
#14340 = LINE('',#14341,#14342);
#14341 = CARTESIAN_POINT('',(0.4064,0.E+000));
#14342 = VECTOR('',#14343,1.);
#14343 = DIRECTION('',(0.E+000,-1.));
#14344 = ( GEOMETRIC_REPRESENTATION_CONTEXT(2) 
PARAMETRIC_REPRESENTATION_CONTEXT() REPRESENTATION_CONTEXT('2D SPACE',''
  ) );
#14345 = PCURVE('',#14346,#14351);
#14346 = PLANE('',#14347);
#14347 = AXIS2_PLACEMENT_3D('',#14348,#14349,#14350);
#14348 = CARTESIAN_POINT('',(0.635,0.2032,0.E+000));
#14349 = DIRECTION('',(0.E+000,-1.,0.E+000));
#14350 = DIRECTION('',(-1.,0.E+000,0.E+000));
#14351 = DEFINITIONAL_REPRESENTATION('',(#14352),#14356);
#14352 = LINE('',#14353,#14354);
#14353 = CARTESIAN_POINT('',(0.E+000,-0.E+000));
#14354 = VECTOR('',#14355,1.);
#14355 = DIRECTION('',(0.E+000,-1.));
#14356 = ( GEOMETRIC_REPRESENTATION_CONTEXT(2) 
PARAMETRIC_REPRESENTATION_CONTEXT() REPRESENTATION_CONTEXT('2D SPACE',''
  ) );
#14357 = ORIENTED_EDGE('',*,*,#14358,.F.);
#14358 = EDGE_CURVE('',#14250,#14331,#14359,.T.);
#14359 = SURFACE_CURVE('',#14360,(#14364,#14371),.PCURVE_S1.);
#14360 = LINE('',#14361,#14362);
#14361 = CARTESIAN_POINT('',(0.635,-0.2032,0.E+000));
#14362 = VECTOR('',#14363,1.);
#14363 = DIRECTION('',(0.E+000,1.,0.E+000));
#14364 = PCURVE('',#14265,#14365);
#14365 = DEFINITIONAL_REPRESENTATION('',(#14366),#14370);
#14366 = LINE('',#14367,#14368);
#14367 = CARTESIAN_POINT('',(0.E+000,0.E+000));
#14368 = VECTOR('',#14369,1.);
#14369 = DIRECTION('',(1.,0.E+000));
#14370 = ( GEOMETRIC_REPRESENTATION_CONTEXT(2) 
PARAMETRIC_REPRESENTATION_CONTEXT() REPRESENTATION_CONTEXT('2D SPACE',''
  ) );
#14371 = PCURVE('',#14291,#14372);
#14372 = DEFINITIONAL_REPRESENTATION('',(#14373),#14377);
#14373 = LINE('',#14374,#14375);
#14374 = CARTESIAN_POINT('',(-1.27,0.E+000));
#14375 = VECTOR('',#14376,1.);
#14376 = DIRECTION('',(0.E+000,1.));
#14377 = ( GEOMETRIC_REPRESENTATION_CONTEXT(2) 
PARAMETRIC_REPRESENTATION_CONTEXT() REPRESENTATION_CONTEXT('2D SPACE',''
  ) );
#14378 = ADVANCED_FACE('',(#14379),#14346,.F.);
#14379 = FACE_BOUND('',#14380,.F.);
#14380 = EDGE_LOOP('',(#14381,#14382,#14405,#14428));
#14381 = ORIENTED_EDGE('',*,*,#14330,.T.);
#14382 = ORIENTED_EDGE('',*,*,#14383,.T.);
#14383 = EDGE_CURVE('',#14308,#14384,#14386,.T.);
#14384 = VERTEX_POINT('',#14385);
#14385 = CARTESIAN_POINT('',(-0.635,0.2032,0.508));
#14386 = SURFACE_CURVE('',#14387,(#14391,#14398),.PCURVE_S1.);
#14387 = LINE('',#14388,#14389);
#14388 = CARTESIAN_POINT('',(0.635,0.2032,0.508));
#14389 = VECTOR('',#14390,1.);
#14390 = DIRECTION('',(-1.,0.E+000,0.E+000));
#14391 = PCURVE('',#14346,#14392);
#14392 = DEFINITIONAL_REPRESENTATION('',(#14393),#14397);
#14393 = LINE('',#14394,#14395);
#14394 = CARTESIAN_POINT('',(0.E+000,-0.508));
#14395 = VECTOR('',#14396,1.);
#14396 = DIRECTION('',(1.,0.E+000));
#14397 = ( GEOMETRIC_REPRESENTATION_CONTEXT(2) 
PARAMETRIC_REPRESENTATION_CONTEXT() REPRESENTATION_CONTEXT('2D SPACE',''
  ) );
#14398 = PCURVE('',#14237,#14399);
#14399 = DEFINITIONAL_REPRESENTATION('',(#14400),#14404);
#14400 = LINE('',#14401,#14402);
#14401 = CARTESIAN_POINT('',(-1.27,0.4064));
#14402 = VECTOR('',#14403,1.);
#14403 = DIRECTION('',(1.,0.E+000));
#14404 = ( GEOMETRIC_REPRESENTATION_CONTEXT(2) 
PARAMETRIC_REPRESENTATION_CONTEXT() REPRESENTATION_CONTEXT('2D SPACE',''
  ) );
#14405 = ORIENTED_EDGE('',*,*,#14406,.F.);
#14406 = EDGE_CURVE('',#14407,#14384,#14409,.T.);
#14407 = VERTEX_POINT('',#14408);
#14408 = CARTESIAN_POINT('',(-0.635,0.2032,0.E+000));
#14409 = SURFACE_CURVE('',#14410,(#14414,#14421),.PCURVE_S1.);
#14410 = LINE('',#14411,#14412);
#14411 = CARTESIAN_POINT('',(-0.635,0.2032,0.E+000));
#14412 = VECTOR('',#14413,1.);
#14413 = DIRECTION('',(0.E+000,0.E+000,1.));
#14414 = PCURVE('',#14346,#14415);
#14415 = DEFINITIONAL_REPRESENTATION('',(#14416),#14420);
#14416 = LINE('',#14417,#14418);
#14417 = CARTESIAN_POINT('',(1.27,0.E+000));
#14418 = VECTOR('',#14419,1.);
#14419 = DIRECTION('',(0.E+000,-1.));
#14420 = ( GEOMETRIC_REPRESENTATION_CONTEXT(2) 
PARAMETRIC_REPRESENTATION_CONTEXT() REPRESENTATION_CONTEXT('2D SPACE',''
  ) );
#14421 = PCURVE('',#14209,#14422);
#14422 = DEFINITIONAL_REPRESENTATION('',(#14423),#14427);
#14423 = LINE('',#14424,#14425);
#14424 = CARTESIAN_POINT('',(0.E+000,0.E+000));
#14425 = VECTOR('',#14426,1.);
#14426 = DIRECTION('',(0.E+000,-1.));
#14427 = ( GEOMETRIC_REPRESENTATION_CONTEXT(2) 
PARAMETRIC_REPRESENTATION_CONTEXT() REPRESENTATION_CONTEXT('2D SPACE',''
  ) );
#14428 = ORIENTED_EDGE('',*,*,#14429,.F.);
#14429 = EDGE_CURVE('',#14331,#14407,#14430,.T.);
#14430 = SURFACE_CURVE('',#14431,(#14435,#14442),.PCURVE_S1.);
#14431 = LINE('',#14432,#14433);
#14432 = CARTESIAN_POINT('',(0.635,0.2032,0.E+000));
#14433 = VECTOR('',#14434,1.);
#14434 = DIRECTION('',(-1.,0.E+000,0.E+000));
#14435 = PCURVE('',#14346,#14436);
#14436 = DEFINITIONAL_REPRESENTATION('',(#14437),#14441);
#14437 = LINE('',#14438,#14439);
#14438 = CARTESIAN_POINT('',(0.E+000,-0.E+000));
#14439 = VECTOR('',#14440,1.);
#14440 = DIRECTION('',(1.,0.E+000));
#14441 = ( GEOMETRIC_REPRESENTATION_CONTEXT(2) 
PARAMETRIC_REPRESENTATION_CONTEXT() REPRESENTATION_CONTEXT('2D SPACE',''
  ) );
#14442 = PCURVE('',#14291,#14443);
#14443 = DEFINITIONAL_REPRESENTATION('',(#14444),#14448);
#14444 = LINE('',#14445,#14446);
#14445 = CARTESIAN_POINT('',(-1.27,0.4064));
#14446 = VECTOR('',#14447,1.);
#14447 = DIRECTION('',(1.,0.E+000));
#14448 = ( GEOMETRIC_REPRESENTATION_CONTEXT(2) 
PARAMETRIC_REPRESENTATION_CONTEXT() REPRESENTATION_CONTEXT('2D SPACE',''
  ) );
#14449 = ADVANCED_FACE('',(#14450),#14209,.F.);
#14450 = FACE_BOUND('',#14451,.F.);
#14451 = EDGE_LOOP('',(#14452,#14453,#14474,#14475));
#14452 = ORIENTED_EDGE('',*,*,#14406,.T.);
#14453 = ORIENTED_EDGE('',*,*,#14454,.T.);
#14454 = EDGE_CURVE('',#14384,#14189,#14455,.T.);
#14455 = SURFACE_CURVE('',#14456,(#14460,#14467),.PCURVE_S1.);
#14456 = LINE('',#14457,#14458);
#14457 = CARTESIAN_POINT('',(-0.635,0.2032,0.508));
#14458 = VECTOR('',#14459,1.);
#14459 = DIRECTION('',(0.E+000,-1.,0.E+000));
#14460 = PCURVE('',#14209,#14461);
#14461 = DEFINITIONAL_REPRESENTATION('',(#14462),#14466);
#14462 = LINE('',#14463,#14464);
#14463 = CARTESIAN_POINT('',(0.E+000,-0.508));
#14464 = VECTOR('',#14465,1.);
#14465 = DIRECTION('',(1.,0.E+000));
#14466 = ( GEOMETRIC_REPRESENTATION_CONTEXT(2) 
PARAMETRIC_REPRESENTATION_CONTEXT() REPRESENTATION_CONTEXT('2D SPACE',''
  ) );
#14467 = PCURVE('',#14237,#14468);
#14468 = DEFINITIONAL_REPRESENTATION('',(#14469),#14473);
#14469 = LINE('',#14470,#14471);
#14470 = CARTESIAN_POINT('',(0.E+000,0.4064));
#14471 = VECTOR('',#14472,1.);
#14472 = DIRECTION('',(-0.E+000,-1.));
#14473 = ( GEOMETRIC_REPRESENTATION_CONTEXT(2) 
PARAMETRIC_REPRESENTATION_CONTEXT() REPRESENTATION_CONTEXT('2D SPACE',''
  ) );
#14474 = ORIENTED_EDGE('',*,*,#14186,.F.);
#14475 = ORIENTED_EDGE('',*,*,#14476,.F.);
#14476 = EDGE_CURVE('',#14407,#14187,#14477,.T.);
#14477 = SURFACE_CURVE('',#14478,(#14482,#14489),.PCURVE_S1.);
#14478 = LINE('',#14479,#14480);
#14479 = CARTESIAN_POINT('',(-0.635,0.2032,0.E+000));
#14480 = VECTOR('',#14481,1.);
#14481 = DIRECTION('',(0.E+000,-1.,0.E+000));
#14482 = PCURVE('',#14209,#14483);
#14483 = DEFINITIONAL_REPRESENTATION('',(#14484),#14488);
#14484 = LINE('',#14485,#14486);
#14485 = CARTESIAN_POINT('',(0.E+000,0.E+000));
#14486 = VECTOR('',#14487,1.);
#14487 = DIRECTION('',(1.,0.E+000));
#14488 = ( GEOMETRIC_REPRESENTATION_CONTEXT(2) 
PARAMETRIC_REPRESENTATION_CONTEXT() REPRESENTATION_CONTEXT('2D SPACE',''
  ) );
#14489 = PCURVE('',#14291,#14490);
#14490 = DEFINITIONAL_REPRESENTATION('',(#14491),#14495);
#14491 = LINE('',#14492,#14493);
#14492 = CARTESIAN_POINT('',(0.E+000,0.4064));
#14493 = VECTOR('',#14494,1.);
#14494 = DIRECTION('',(-0.E+000,-1.));
#14495 = ( GEOMETRIC_REPRESENTATION_CONTEXT(2) 
PARAMETRIC_REPRESENTATION_CONTEXT() REPRESENTATION_CONTEXT('2D SPACE',''
  ) );
#14496 = ADVANCED_FACE('',(#14497),#14291,.T.);
#14497 = FACE_BOUND('',#14498,.F.);
#14498 = EDGE_LOOP('',(#14499,#14500,#14501,#14502));
#14499 = ORIENTED_EDGE('',*,*,#14277,.T.);
#14500 = ORIENTED_EDGE('',*,*,#14358,.T.);
#14501 = ORIENTED_EDGE('',*,*,#14429,.T.);
#14502 = ORIENTED_EDGE('',*,*,#14476,.T.);
#14503 = ADVANCED_FACE('',(#14504),#14237,.F.);
#14504 = FACE_BOUND('',#14505,.T.);
#14505 = EDGE_LOOP('',(#14506,#14507,#14508,#14509));
#14506 = ORIENTED_EDGE('',*,*,#14221,.T.);
#14507 = ORIENTED_EDGE('',*,*,#14307,.T.);
#14508 = ORIENTED_EDGE('',*,*,#14383,.T.);
#14509 = ORIENTED_EDGE('',*,*,#14454,.T.);
#14510 = ( GEOMETRIC_REPRESENTATION_CONTEXT(3) 
GLOBAL_UNCERTAINTY_ASSIGNED_CONTEXT((#14514)) 
GLOBAL_UNIT_ASSIGNED_CONTEXT((#14511,#14512,#14513)) 
REPRESENTATION_CONTEXT('Context #1',
  '3D Context with UNIT and UNCERTAINTY') );
#14511 = ( LENGTH_UNIT() NAMED_UNIT(*) SI_UNIT(.MILLI.,.METRE.) );
#14512 = ( NAMED_UNIT(*) PLANE_ANGLE_UNIT() SI_UNIT($,.RADIAN.) );
#14513 = ( NAMED_UNIT(*) SI_UNIT($,.STERADIAN.) SOLID_ANGLE_UNIT() );
#14514 = UNCERTAINTY_MEASURE_WITH_UNIT(LENGTH_MEASURE(1.E-007),#14511,
  'distance_accuracy_value','confusion accuracy');
#14515 = SHAPE_DEFINITION_REPRESENTATION(#14516,#14179);
#14516 = PRODUCT_DEFINITION_SHAPE('','',#14517);
#14517 = PRODUCT_DEFINITION('design','',#14518,#14521);
#14518 = PRODUCT_DEFINITION_FORMATION('','',#14519);
#14519 = PRODUCT('Extruded','Extruded','',(#14520));
#14520 = PRODUCT_CONTEXT('',#2,'mechanical');
#14521 = PRODUCT_DEFINITION_CONTEXT('part definition',#2,'design');
#14522 = CONTEXT_DEPENDENT_SHAPE_REPRESENTATION(#14523,#14525);
#14523 = ( REPRESENTATION_RELATIONSHIP('','',#14179,#14169) 
REPRESENTATION_RELATIONSHIP_WITH_TRANSFORMATION(#14524) 
SHAPE_REPRESENTATION_RELATIONSHIP() );
#14524 = ITEM_DEFINED_TRANSFORMATION('','',#11,#14170);
#14525 = PRODUCT_DEFINITION_SHAPE('Placement','Placement of an item',
  #14526);
#14526 = NEXT_ASSEMBLY_USAGE_OCCURRENCE('107','=>[0:1:1:2]','',#14164,
  #14517,$);
#14527 = PRODUCT_RELATED_PRODUCT_CATEGORY('part',$,(#14519));
#14528 = CONTEXT_DEPENDENT_SHAPE_REPRESENTATION(#14529,#14531);
#14529 = ( REPRESENTATION_RELATIONSHIP('','',#14169,#12928) 
REPRESENTATION_RELATIONSHIP_WITH_TRANSFORMATION(#14530) 
SHAPE_REPRESENTATION_RELATIONSHIP() );
#14530 = ITEM_DEFINED_TRANSFORMATION('','',#11,#12937);
#14531 = PRODUCT_DEFINITION_SHAPE('Placement','Placement of an item',
  #14532);
#14532 = NEXT_ASSEMBLY_USAGE_OCCURRENCE('108','=>[0:1:1:51]','',#12923,
  #14164,$);
#14533 = PRODUCT_RELATED_PRODUCT_CATEGORY('part',$,(#14166));
#14534 = CONTEXT_DEPENDENT_SHAPE_REPRESENTATION(#14535,#14537);
#14535 = ( REPRESENTATION_RELATIONSHIP('','',#14169,#12928) 
REPRESENTATION_RELATIONSHIP_WITH_TRANSFORMATION(#14536) 
SHAPE_REPRESENTATION_RELATIONSHIP() );
#14536 = ITEM_DEFINED_TRANSFORMATION('','',#11,#12941);
#14537 = PRODUCT_DEFINITION_SHAPE('Placement','Placement of an item',
  #14538);
#14538 = NEXT_ASSEMBLY_USAGE_OCCURRENCE('109','=>[0:1:1:51]','',#12923,
  #14164,$);
#14539 = CONTEXT_DEPENDENT_SHAPE_REPRESENTATION(#14540,#14542);
#14540 = ( REPRESENTATION_RELATIONSHIP('','',#12928,#10) 
REPRESENTATION_RELATIONSHIP_WITH_TRANSFORMATION(#14541) 
SHAPE_REPRESENTATION_RELATIONSHIP() );
#14541 = ITEM_DEFINED_TRANSFORMATION('','',#11,#111);
#14542 = PRODUCT_DEFINITION_SHAPE('Placement','Placement of an item',
  #14543);
#14543 = NEXT_ASSEMBLY_USAGE_OCCURRENCE('110','=>[0:1:1:46]','',#5,
  #12923,$);
#14544 = PRODUCT_RELATED_PRODUCT_CATEGORY('part',$,(#12925));
#14545 = SHAPE_DEFINITION_REPRESENTATION(#14546,#14552);
#14546 = PRODUCT_DEFINITION_SHAPE('','',#14547);
#14547 = PRODUCT_DEFINITION('design','',#14548,#14551);
#14548 = PRODUCT_DEFINITION_FORMATION('','',#14549);
#14549 = PRODUCT('R10','R10','',(#14550));
#14550 = PRODUCT_CONTEXT('',#2,'mechanical');
#14551 = PRODUCT_DEFINITION_CONTEXT('part definition',#2,'design');
#14552 = SHAPE_REPRESENTATION('',(#11,#14553,#14557,#14561),#14565);
#14553 = AXIS2_PLACEMENT_3D('',#14554,#14555,#14556);
#14554 = CARTESIAN_POINT('',(48.937540843652,14.605056737725,
    -0.871478736401));
#14555 = DIRECTION('',(0.E+000,0.E+000,1.));
#14556 = DIRECTION('',(1.,0.E+000,0.E+000));
#14557 = AXIS2_PLACEMENT_3D('',#14558,#14559,#14560);
#14558 = CARTESIAN_POINT('',(48.937540843652,13.233497594658,
    -0.871478736401));
#14559 = DIRECTION('',(0.E+000,0.E+000,1.));
#14560 = DIRECTION('',(1.,0.E+000,0.E+000));
#14561 = AXIS2_PLACEMENT_3D('',#14562,#14563,#14564);
#14562 = CARTESIAN_POINT('',(48.937540843652,13.919315313164,
    -0.861478745937));
#14563 = DIRECTION('',(0.E+000,0.E+000,1.));
#14564 = DIRECTION('',(1.,0.E+000,0.E+000));
#14565 = ( GEOMETRIC_REPRESENTATION_CONTEXT(3) 
GLOBAL_UNCERTAINTY_ASSIGNED_CONTEXT((#14569)) 
GLOBAL_UNIT_ASSIGNED_CONTEXT((#14566,#14567,#14568)) 
REPRESENTATION_CONTEXT('Context #1',
  '3D Context with UNIT and UNCERTAINTY') );
#14566 = ( LENGTH_UNIT() NAMED_UNIT(*) SI_UNIT(.MILLI.,.METRE.) );
#14567 = ( NAMED_UNIT(*) PLANE_ANGLE_UNIT() SI_UNIT($,.RADIAN.) );
#14568 = ( NAMED_UNIT(*) SI_UNIT($,.STERADIAN.) SOLID_ANGLE_UNIT() );
#14569 = UNCERTAINTY_MEASURE_WITH_UNIT(LENGTH_MEASURE(1.E-007),#14566,
  'distance_accuracy_value','confusion accuracy');
#14570 = CONTEXT_DEPENDENT_SHAPE_REPRESENTATION(#14571,#14573);
#14571 = ( REPRESENTATION_RELATIONSHIP('','',#8078,#14552) 
REPRESENTATION_RELATIONSHIP_WITH_TRANSFORMATION(#14572) 
SHAPE_REPRESENTATION_RELATIONSHIP() );
#14572 = ITEM_DEFINED_TRANSFORMATION('','',#11,#14553);
#14573 = PRODUCT_DEFINITION_SHAPE('Placement','Placement of an item',
  #14574);
#14574 = NEXT_ASSEMBLY_USAGE_OCCURRENCE('111','=>[0:1:1:9]','',#14547,
  #8073,$);
#14575 = CONTEXT_DEPENDENT_SHAPE_REPRESENTATION(#14576,#14578);
#14576 = ( REPRESENTATION_RELATIONSHIP('','',#8078,#14552) 
REPRESENTATION_RELATIONSHIP_WITH_TRANSFORMATION(#14577) 
SHAPE_REPRESENTATION_RELATIONSHIP() );
#14577 = ITEM_DEFINED_TRANSFORMATION('','',#11,#14557);
#14578 = PRODUCT_DEFINITION_SHAPE('Placement','Placement of an item',
  #14579);
#14579 = NEXT_ASSEMBLY_USAGE_OCCURRENCE('112','=>[0:1:1:9]','',#14547,
  #8073,$);
#14580 = CONTEXT_DEPENDENT_SHAPE_REPRESENTATION(#14581,#14583);
#14581 = ( REPRESENTATION_RELATIONSHIP('','',#8455,#14552) 
REPRESENTATION_RELATIONSHIP_WITH_TRANSFORMATION(#14582) 
SHAPE_REPRESENTATION_RELATIONSHIP() );
#14582 = ITEM_DEFINED_TRANSFORMATION('','',#11,#14561);
#14583 = PRODUCT_DEFINITION_SHAPE('Placement','Placement of an item',
  #14584);
#14584 = NEXT_ASSEMBLY_USAGE_OCCURRENCE('113','=>[0:1:1:11]','',#14547,
  #8450,$);
#14585 = CONTEXT_DEPENDENT_SHAPE_REPRESENTATION(#14586,#14588);
#14586 = ( REPRESENTATION_RELATIONSHIP('','',#14552,#10) 
REPRESENTATION_RELATIONSHIP_WITH_TRANSFORMATION(#14587) 
SHAPE_REPRESENTATION_RELATIONSHIP() );
#14587 = ITEM_DEFINED_TRANSFORMATION('','',#11,#115);
#14588 = PRODUCT_DEFINITION_SHAPE('Placement','Placement of an item',
  #14589);
#14589 = NEXT_ASSEMBLY_USAGE_OCCURRENCE('114','=>[0:1:1:53]','',#5,
  #14547,$);
#14590 = PRODUCT_RELATED_PRODUCT_CATEGORY('part',$,(#14549));
#14591 = SHAPE_DEFINITION_REPRESENTATION(#14592,#14598);
#14592 = PRODUCT_DEFINITION_SHAPE('','',#14593);
#14593 = PRODUCT_DEFINITION('design','',#14594,#14597);
#14594 = PRODUCT_DEFINITION_FORMATION('','',#14595);
#14595 = PRODUCT('R11','R11','',(#14596));
#14596 = PRODUCT_CONTEXT('',#2,'mechanical');
#14597 = PRODUCT_DEFINITION_CONTEXT('part definition',#2,'design');
#14598 = SHAPE_REPRESENTATION('',(#11,#14599,#14603,#14607),#14611);
#14599 = AXIS2_PLACEMENT_3D('',#14600,#14601,#14602);
#14600 = CARTESIAN_POINT('',(50.484186961816,14.605056737725,
    -0.871478736401));
#14601 = DIRECTION('',(0.E+000,0.E+000,1.));
#14602 = DIRECTION('',(1.,0.E+000,0.E+000));
#14603 = AXIS2_PLACEMENT_3D('',#14604,#14605,#14606);
#14604 = CARTESIAN_POINT('',(50.484186961816,13.233497594658,
    -0.871478736401));
#14605 = DIRECTION('',(0.E+000,0.E+000,1.));
#14606 = DIRECTION('',(1.,0.E+000,0.E+000));
#14607 = AXIS2_PLACEMENT_3D('',#14608,#14609,#14610);
#14608 = CARTESIAN_POINT('',(50.484186961816,13.919315313164,
    -0.861478745937));
#14609 = DIRECTION('',(0.E+000,0.E+000,1.));
#14610 = DIRECTION('',(1.,0.E+000,0.E+000));
#14611 = ( GEOMETRIC_REPRESENTATION_CONTEXT(3) 
GLOBAL_UNCERTAINTY_ASSIGNED_CONTEXT((#14615)) 
GLOBAL_UNIT_ASSIGNED_CONTEXT((#14612,#14613,#14614)) 
REPRESENTATION_CONTEXT('Context #1',
  '3D Context with UNIT and UNCERTAINTY') );
#14612 = ( LENGTH_UNIT() NAMED_UNIT(*) SI_UNIT(.MILLI.,.METRE.) );
#14613 = ( NAMED_UNIT(*) PLANE_ANGLE_UNIT() SI_UNIT($,.RADIAN.) );
#14614 = ( NAMED_UNIT(*) SI_UNIT($,.STERADIAN.) SOLID_ANGLE_UNIT() );
#14615 = UNCERTAINTY_MEASURE_WITH_UNIT(LENGTH_MEASURE(1.E-007),#14612,
  'distance_accuracy_value','confusion accuracy');
#14616 = CONTEXT_DEPENDENT_SHAPE_REPRESENTATION(#14617,#14619);
#14617 = ( REPRESENTATION_RELATIONSHIP('','',#8078,#14598) 
REPRESENTATION_RELATIONSHIP_WITH_TRANSFORMATION(#14618) 
SHAPE_REPRESENTATION_RELATIONSHIP() );
#14618 = ITEM_DEFINED_TRANSFORMATION('','',#11,#14599);
#14619 = PRODUCT_DEFINITION_SHAPE('Placement','Placement of an item',
  #14620);
#14620 = NEXT_ASSEMBLY_USAGE_OCCURRENCE('115','=>[0:1:1:9]','',#14593,
  #8073,$);
#14621 = CONTEXT_DEPENDENT_SHAPE_REPRESENTATION(#14622,#14624);
#14622 = ( REPRESENTATION_RELATIONSHIP('','',#8078,#14598) 
REPRESENTATION_RELATIONSHIP_WITH_TRANSFORMATION(#14623) 
SHAPE_REPRESENTATION_RELATIONSHIP() );
#14623 = ITEM_DEFINED_TRANSFORMATION('','',#11,#14603);
#14624 = PRODUCT_DEFINITION_SHAPE('Placement','Placement of an item',
  #14625);
#14625 = NEXT_ASSEMBLY_USAGE_OCCURRENCE('116','=>[0:1:1:9]','',#14593,
  #8073,$);
#14626 = CONTEXT_DEPENDENT_SHAPE_REPRESENTATION(#14627,#14629);
#14627 = ( REPRESENTATION_RELATIONSHIP('','',#8455,#14598) 
REPRESENTATION_RELATIONSHIP_WITH_TRANSFORMATION(#14628) 
SHAPE_REPRESENTATION_RELATIONSHIP() );
#14628 = ITEM_DEFINED_TRANSFORMATION('','',#11,#14607);
#14629 = PRODUCT_DEFINITION_SHAPE('Placement','Placement of an item',
  #14630);
#14630 = NEXT_ASSEMBLY_USAGE_OCCURRENCE('117','=>[0:1:1:11]','',#14593,
  #8450,$);
#14631 = CONTEXT_DEPENDENT_SHAPE_REPRESENTATION(#14632,#14634);
#14632 = ( REPRESENTATION_RELATIONSHIP('','',#14598,#10) 
REPRESENTATION_RELATIONSHIP_WITH_TRANSFORMATION(#14633) 
SHAPE_REPRESENTATION_RELATIONSHIP() );
#14633 = ITEM_DEFINED_TRANSFORMATION('','',#11,#119);
#14634 = PRODUCT_DEFINITION_SHAPE('Placement','Placement of an item',
  #14635);
#14635 = NEXT_ASSEMBLY_USAGE_OCCURRENCE('118','=>[0:1:1:54]','',#5,
  #14593,$);
#14636 = PRODUCT_RELATED_PRODUCT_CATEGORY('part',$,(#14595));
#14637 = SHAPE_DEFINITION_REPRESENTATION(#14638,#14644);
#14638 = PRODUCT_DEFINITION_SHAPE('','',#14639);
#14639 = PRODUCT_DEFINITION('design','',#14640,#14643);
#14640 = PRODUCT_DEFINITION_FORMATION('','',#14641);
#14641 = PRODUCT('C16','C16','',(#14642));
#14642 = PRODUCT_CONTEXT('',#2,'mechanical');
#14643 = PRODUCT_DEFINITION_CONTEXT('part definition',#2,'design');
#14644 = SHAPE_REPRESENTATION('',(#11,#14645,#14649,#14653),#14657);
#14645 = AXIS2_PLACEMENT_3D('',#14646,#14647,#14648);
#14646 = CARTESIAN_POINT('',(51.282671764062,16.789401983086,
    1.000759541057E-003));
#14647 = DIRECTION('',(0.E+000,0.E+000,1.));
#14648 = DIRECTION('',(1.,0.E+000,0.E+000));
#14649 = AXIS2_PLACEMENT_3D('',#14650,#14651,#14652);
#14650 = CARTESIAN_POINT('',(52.654230907129,16.789401983086,
    1.000759541057E-003));
#14651 = DIRECTION('',(0.E+000,0.E+000,1.));
#14652 = DIRECTION('',(1.,0.E+000,0.E+000));
#14653 = AXIS2_PLACEMENT_3D('',#14654,#14655,#14656);
#14654 = CARTESIAN_POINT('',(51.968409373926,16.789401983086,
    2.500120922923E-002));
#14655 = DIRECTION('',(0.E+000,0.E+000,1.));
#14656 = DIRECTION('',(1.,0.E+000,0.E+000));
#14657 = ( GEOMETRIC_REPRESENTATION_CONTEXT(3) 
GLOBAL_UNCERTAINTY_ASSIGNED_CONTEXT((#14661)) 
GLOBAL_UNIT_ASSIGNED_CONTEXT((#14658,#14659,#14660)) 
REPRESENTATION_CONTEXT('Context #1',
  '3D Context with UNIT and UNCERTAINTY') );
#14658 = ( LENGTH_UNIT() NAMED_UNIT(*) SI_UNIT(.MILLI.,.METRE.) );
#14659 = ( NAMED_UNIT(*) PLANE_ANGLE_UNIT() SI_UNIT($,.RADIAN.) );
#14660 = ( NAMED_UNIT(*) SI_UNIT($,.STERADIAN.) SOLID_ANGLE_UNIT() );
#14661 = UNCERTAINTY_MEASURE_WITH_UNIT(LENGTH_MEASURE(1.E-007),#14658,
  'distance_accuracy_value','confusion accuracy');
#14662 = CONTEXT_DEPENDENT_SHAPE_REPRESENTATION(#14663,#14665);
#14663 = ( REPRESENTATION_RELATIONSHIP('','',#9368,#14644) 
REPRESENTATION_RELATIONSHIP_WITH_TRANSFORMATION(#14664) 
SHAPE_REPRESENTATION_RELATIONSHIP() );
#14664 = ITEM_DEFINED_TRANSFORMATION('','',#11,#14645);
#14665 = PRODUCT_DEFINITION_SHAPE('Placement','Placement of an item',
  #14666);
#14666 = NEXT_ASSEMBLY_USAGE_OCCURRENCE('119','=>[0:1:1:19]','',#14639,
  #9363,$);
#14667 = CONTEXT_DEPENDENT_SHAPE_REPRESENTATION(#14668,#14670);
#14668 = ( REPRESENTATION_RELATIONSHIP('','',#9368,#14644) 
REPRESENTATION_RELATIONSHIP_WITH_TRANSFORMATION(#14669) 
SHAPE_REPRESENTATION_RELATIONSHIP() );
#14669 = ITEM_DEFINED_TRANSFORMATION('','',#11,#14649);
#14670 = PRODUCT_DEFINITION_SHAPE('Placement','Placement of an item',
  #14671);
#14671 = NEXT_ASSEMBLY_USAGE_OCCURRENCE('120','=>[0:1:1:19]','',#14639,
  #9363,$);
#14672 = CONTEXT_DEPENDENT_SHAPE_REPRESENTATION(#14673,#14675);
#14673 = ( REPRESENTATION_RELATIONSHIP('','',#8996,#14644) 
REPRESENTATION_RELATIONSHIP_WITH_TRANSFORMATION(#14674) 
SHAPE_REPRESENTATION_RELATIONSHIP() );
#14674 = ITEM_DEFINED_TRANSFORMATION('','',#11,#14653);
#14675 = PRODUCT_DEFINITION_SHAPE('Placement','Placement of an item',
  #14676);
#14676 = NEXT_ASSEMBLY_USAGE_OCCURRENCE('121','=>[0:1:1:17]','',#14639,
  #8991,$);
#14677 = CONTEXT_DEPENDENT_SHAPE_REPRESENTATION(#14678,#14680);
#14678 = ( REPRESENTATION_RELATIONSHIP('','',#14644,#10) 
REPRESENTATION_RELATIONSHIP_WITH_TRANSFORMATION(#14679) 
SHAPE_REPRESENTATION_RELATIONSHIP() );
#14679 = ITEM_DEFINED_TRANSFORMATION('','',#11,#123);
#14680 = PRODUCT_DEFINITION_SHAPE('Placement','Placement of an item',
  #14681);
#14681 = NEXT_ASSEMBLY_USAGE_OCCURRENCE('122','=>[0:1:1:55]','',#5,
  #14639,$);
#14682 = PRODUCT_RELATED_PRODUCT_CATEGORY('part',$,(#14641));
#14683 = SHAPE_DEFINITION_REPRESENTATION(#14684,#14690);
#14684 = PRODUCT_DEFINITION_SHAPE('','',#14685);
#14685 = PRODUCT_DEFINITION('design','',#14686,#14689);
#14686 = PRODUCT_DEFINITION_FORMATION('','',#14687);
#14687 = PRODUCT('M1','M1','',(#14688));
#14688 = PRODUCT_CONTEXT('',#2,'mechanical');
#14689 = PRODUCT_DEFINITION_CONTEXT('part definition',#2,'design');
#14690 = SHAPE_REPRESENTATION('',(#11,#14691),#14695);
#14691 = AXIS2_PLACEMENT_3D('',#14692,#14693,#14694);
#14692 = CARTESIAN_POINT('',(56.578501537012,22.580600713555,0.E+000));
#14693 = DIRECTION('',(0.E+000,0.E+000,1.));
#14694 = DIRECTION('',(1.,0.E+000,0.E+000));
#14695 = ( GEOMETRIC_REPRESENTATION_CONTEXT(3) 
GLOBAL_UNCERTAINTY_ASSIGNED_CONTEXT((#14699)) 
GLOBAL_UNIT_ASSIGNED_CONTEXT((#14696,#14697,#14698)) 
REPRESENTATION_CONTEXT('Context #1',
  '3D Context with UNIT and UNCERTAINTY') );
#14696 = ( LENGTH_UNIT() NAMED_UNIT(*) SI_UNIT(.MILLI.,.METRE.) );
#14697 = ( NAMED_UNIT(*) PLANE_ANGLE_UNIT() SI_UNIT($,.RADIAN.) );
#14698 = ( NAMED_UNIT(*) SI_UNIT($,.STERADIAN.) SOLID_ANGLE_UNIT() );
#14699 = UNCERTAINTY_MEASURE_WITH_UNIT(LENGTH_MEASURE(1.E-007),#14696,
  'distance_accuracy_value','confusion accuracy');
#14700 = SHAPE_DEFINITION_REPRESENTATION(#14701,#14707);
#14701 = PRODUCT_DEFINITION_SHAPE('','',#14702);
#14702 = PRODUCT_DEFINITION('design','',#14703,#14706);
#14703 = PRODUCT_DEFINITION_FORMATION('','',#14704);
#14704 = PRODUCT('868861584','868861584','',(#14705));
#14705 = PRODUCT_CONTEXT('',#2,'mechanical');
#14706 = PRODUCT_DEFINITION_CONTEXT('part definition',#2,'design');
#14707 = SHAPE_REPRESENTATION('',(#11,#14708),#14712);
#14708 = AXIS2_PLACEMENT_3D('',#14709,#14710,#14711);
#14709 = CARTESIAN_POINT('',(0.E+000,0.E+000,0.E+000));
#14710 = DIRECTION('',(0.E+000,0.E+000,1.));
#14711 = DIRECTION('',(1.,0.E+000,0.E+000));
#14712 = ( GEOMETRIC_REPRESENTATION_CONTEXT(3) 
GLOBAL_UNCERTAINTY_ASSIGNED_CONTEXT((#14716)) 
GLOBAL_UNIT_ASSIGNED_CONTEXT((#14713,#14714,#14715)) 
REPRESENTATION_CONTEXT('Context #1',
  '3D Context with UNIT and UNCERTAINTY') );
#14713 = ( LENGTH_UNIT() NAMED_UNIT(*) SI_UNIT(.MILLI.,.METRE.) );
#14714 = ( NAMED_UNIT(*) PLANE_ANGLE_UNIT() SI_UNIT($,.RADIAN.) );
#14715 = ( NAMED_UNIT(*) SI_UNIT($,.STERADIAN.) SOLID_ANGLE_UNIT() );
#14716 = UNCERTAINTY_MEASURE_WITH_UNIT(LENGTH_MEASURE(1.E-007),#14713,
  'distance_accuracy_value','confusion accuracy');
#14717 = ADVANCED_BREP_SHAPE_REPRESENTATION('',(#11,#14718),#15048);
#14718 = MANIFOLD_SOLID_BREP('',#14719);
#14719 = CLOSED_SHELL('',(#14720,#14840,#14916,#14987,#15034,#15041));
#14720 = ADVANCED_FACE('',(#14721),#14735,.T.);
#14721 = FACE_BOUND('',#14722,.T.);
#14722 = EDGE_LOOP('',(#14723,#14758,#14786,#14814));
#14723 = ORIENTED_EDGE('',*,*,#14724,.T.);
#14724 = EDGE_CURVE('',#14725,#14727,#14729,.T.);
#14725 = VERTEX_POINT('',#14726);
#14726 = CARTESIAN_POINT('',(-0.5969,1.4478,0.E+000));
#14727 = VERTEX_POINT('',#14728);
#14728 = CARTESIAN_POINT('',(-0.5969,1.4478,1.143));
#14729 = SURFACE_CURVE('',#14730,(#14734,#14746),.PCURVE_S1.);
#14730 = LINE('',#14731,#14732);
#14731 = CARTESIAN_POINT('',(-0.5969,1.4478,0.E+000));
#14732 = VECTOR('',#14733,1.);
#14733 = DIRECTION('',(0.E+000,0.E+000,1.));
#14734 = PCURVE('',#14735,#14740);
#14735 = PLANE('',#14736);
#14736 = AXIS2_PLACEMENT_3D('',#14737,#14738,#14739);
#14737 = CARTESIAN_POINT('',(-0.5969,1.4478,0.E+000));
#14738 = DIRECTION('',(0.E+000,1.,0.E+000));
#14739 = DIRECTION('',(1.,0.E+000,0.E+000));
#14740 = DEFINITIONAL_REPRESENTATION('',(#14741),#14745);
#14741 = LINE('',#14742,#14743);
#14742 = CARTESIAN_POINT('',(0.E+000,0.E+000));
#14743 = VECTOR('',#14744,1.);
#14744 = DIRECTION('',(0.E+000,-1.));
#14745 = ( GEOMETRIC_REPRESENTATION_CONTEXT(2) 
PARAMETRIC_REPRESENTATION_CONTEXT() REPRESENTATION_CONTEXT('2D SPACE',''
  ) );
#14746 = PCURVE('',#14747,#14752);
#14747 = PLANE('',#14748);
#14748 = AXIS2_PLACEMENT_3D('',#14749,#14750,#14751);
#14749 = CARTESIAN_POINT('',(-0.5969,-1.4478,0.E+000));
#14750 = DIRECTION('',(-1.,0.E+000,0.E+000));
#14751 = DIRECTION('',(0.E+000,1.,0.E+000));
#14752 = DEFINITIONAL_REPRESENTATION('',(#14753),#14757);
#14753 = LINE('',#14754,#14755);
#14754 = CARTESIAN_POINT('',(2.8956,0.E+000));
#14755 = VECTOR('',#14756,1.);
#14756 = DIRECTION('',(0.E+000,-1.));
#14757 = ( GEOMETRIC_REPRESENTATION_CONTEXT(2) 
PARAMETRIC_REPRESENTATION_CONTEXT() REPRESENTATION_CONTEXT('2D SPACE',''
  ) );
#14758 = ORIENTED_EDGE('',*,*,#14759,.T.);
#14759 = EDGE_CURVE('',#14727,#14760,#14762,.T.);
#14760 = VERTEX_POINT('',#14761);
#14761 = CARTESIAN_POINT('',(0.5969,1.4478,1.143));
#14762 = SURFACE_CURVE('',#14763,(#14767,#14774),.PCURVE_S1.);
#14763 = LINE('',#14764,#14765);
#14764 = CARTESIAN_POINT('',(-0.5969,1.4478,1.143));
#14765 = VECTOR('',#14766,1.);
#14766 = DIRECTION('',(1.,0.E+000,0.E+000));
#14767 = PCURVE('',#14735,#14768);
#14768 = DEFINITIONAL_REPRESENTATION('',(#14769),#14773);
#14769 = LINE('',#14770,#14771);
#14770 = CARTESIAN_POINT('',(0.E+000,-1.143));
#14771 = VECTOR('',#14772,1.);
#14772 = DIRECTION('',(1.,0.E+000));
#14773 = ( GEOMETRIC_REPRESENTATION_CONTEXT(2) 
PARAMETRIC_REPRESENTATION_CONTEXT() REPRESENTATION_CONTEXT('2D SPACE',''
  ) );
#14774 = PCURVE('',#14775,#14780);
#14775 = PLANE('',#14776);
#14776 = AXIS2_PLACEMENT_3D('',#14777,#14778,#14779);
#14777 = CARTESIAN_POINT('',(-0.5969,1.4478,1.143));
#14778 = DIRECTION('',(-0.E+000,0.E+000,1.));
#14779 = DIRECTION('',(1.,0.E+000,0.E+000));
#14780 = DEFINITIONAL_REPRESENTATION('',(#14781),#14785);
#14781 = LINE('',#14782,#14783);
#14782 = CARTESIAN_POINT('',(0.E+000,0.E+000));
#14783 = VECTOR('',#14784,1.);
#14784 = DIRECTION('',(1.,0.E+000));
#14785 = ( GEOMETRIC_REPRESENTATION_CONTEXT(2) 
PARAMETRIC_REPRESENTATION_CONTEXT() REPRESENTATION_CONTEXT('2D SPACE',''
  ) );
#14786 = ORIENTED_EDGE('',*,*,#14787,.F.);
#14787 = EDGE_CURVE('',#14788,#14760,#14790,.T.);
#14788 = VERTEX_POINT('',#14789);
#14789 = CARTESIAN_POINT('',(0.5969,1.4478,0.E+000));
#14790 = SURFACE_CURVE('',#14791,(#14795,#14802),.PCURVE_S1.);
#14791 = LINE('',#14792,#14793);
#14792 = CARTESIAN_POINT('',(0.5969,1.4478,0.E+000));
#14793 = VECTOR('',#14794,1.);
#14794 = DIRECTION('',(0.E+000,0.E+000,1.));
#14795 = PCURVE('',#14735,#14796);
#14796 = DEFINITIONAL_REPRESENTATION('',(#14797),#14801);
#14797 = LINE('',#14798,#14799);
#14798 = CARTESIAN_POINT('',(1.1938,0.E+000));
#14799 = VECTOR('',#14800,1.);
#14800 = DIRECTION('',(0.E+000,-1.));
#14801 = ( GEOMETRIC_REPRESENTATION_CONTEXT(2) 
PARAMETRIC_REPRESENTATION_CONTEXT() REPRESENTATION_CONTEXT('2D SPACE',''
  ) );
#14802 = PCURVE('',#14803,#14808);
#14803 = PLANE('',#14804);
#14804 = AXIS2_PLACEMENT_3D('',#14805,#14806,#14807);
#14805 = CARTESIAN_POINT('',(0.5969,1.4478,0.E+000));
#14806 = DIRECTION('',(1.,0.E+000,-0.E+000));
#14807 = DIRECTION('',(0.E+000,-1.,0.E+000));
#14808 = DEFINITIONAL_REPRESENTATION('',(#14809),#14813);
#14809 = LINE('',#14810,#14811);
#14810 = CARTESIAN_POINT('',(0.E+000,0.E+000));
#14811 = VECTOR('',#14812,1.);
#14812 = DIRECTION('',(0.E+000,-1.));
#14813 = ( GEOMETRIC_REPRESENTATION_CONTEXT(2) 
PARAMETRIC_REPRESENTATION_CONTEXT() REPRESENTATION_CONTEXT('2D SPACE',''
  ) );
#14814 = ORIENTED_EDGE('',*,*,#14815,.F.);
#14815 = EDGE_CURVE('',#14725,#14788,#14816,.T.);
#14816 = SURFACE_CURVE('',#14817,(#14821,#14828),.PCURVE_S1.);
#14817 = LINE('',#14818,#14819);
#14818 = CARTESIAN_POINT('',(-0.5969,1.4478,0.E+000));
#14819 = VECTOR('',#14820,1.);
#14820 = DIRECTION('',(1.,0.E+000,0.E+000));
#14821 = PCURVE('',#14735,#14822);
#14822 = DEFINITIONAL_REPRESENTATION('',(#14823),#14827);
#14823 = LINE('',#14824,#14825);
#14824 = CARTESIAN_POINT('',(0.E+000,0.E+000));
#14825 = VECTOR('',#14826,1.);
#14826 = DIRECTION('',(1.,0.E+000));
#14827 = ( GEOMETRIC_REPRESENTATION_CONTEXT(2) 
PARAMETRIC_REPRESENTATION_CONTEXT() REPRESENTATION_CONTEXT('2D SPACE',''
  ) );
#14828 = PCURVE('',#14829,#14834);
#14829 = PLANE('',#14830);
#14830 = AXIS2_PLACEMENT_3D('',#14831,#14832,#14833);
#14831 = CARTESIAN_POINT('',(-0.5969,1.4478,0.E+000));
#14832 = DIRECTION('',(-0.E+000,0.E+000,1.));
#14833 = DIRECTION('',(1.,0.E+000,0.E+000));
#14834 = DEFINITIONAL_REPRESENTATION('',(#14835),#14839);
#14835 = LINE('',#14836,#14837);
#14836 = CARTESIAN_POINT('',(0.E+000,0.E+000));
#14837 = VECTOR('',#14838,1.);
#14838 = DIRECTION('',(1.,0.E+000));
#14839 = ( GEOMETRIC_REPRESENTATION_CONTEXT(2) 
PARAMETRIC_REPRESENTATION_CONTEXT() REPRESENTATION_CONTEXT('2D SPACE',''
  ) );
#14840 = ADVANCED_FACE('',(#14841),#14803,.T.);
#14841 = FACE_BOUND('',#14842,.T.);
#14842 = EDGE_LOOP('',(#14843,#14844,#14867,#14895));
#14843 = ORIENTED_EDGE('',*,*,#14787,.T.);
#14844 = ORIENTED_EDGE('',*,*,#14845,.T.);
#14845 = EDGE_CURVE('',#14760,#14846,#14848,.T.);
#14846 = VERTEX_POINT('',#14847);
#14847 = CARTESIAN_POINT('',(0.5969,-1.4478,1.143));
#14848 = SURFACE_CURVE('',#14849,(#14853,#14860),.PCURVE_S1.);
#14849 = LINE('',#14850,#14851);
#14850 = CARTESIAN_POINT('',(0.5969,1.4478,1.143));
#14851 = VECTOR('',#14852,1.);
#14852 = DIRECTION('',(0.E+000,-1.,0.E+000));
#14853 = PCURVE('',#14803,#14854);
#14854 = DEFINITIONAL_REPRESENTATION('',(#14855),#14859);
#14855 = LINE('',#14856,#14857);
#14856 = CARTESIAN_POINT('',(0.E+000,-1.143));
#14857 = VECTOR('',#14858,1.);
#14858 = DIRECTION('',(1.,0.E+000));
#14859 = ( GEOMETRIC_REPRESENTATION_CONTEXT(2) 
PARAMETRIC_REPRESENTATION_CONTEXT() REPRESENTATION_CONTEXT('2D SPACE',''
  ) );
#14860 = PCURVE('',#14775,#14861);
#14861 = DEFINITIONAL_REPRESENTATION('',(#14862),#14866);
#14862 = LINE('',#14863,#14864);
#14863 = CARTESIAN_POINT('',(1.1938,0.E+000));
#14864 = VECTOR('',#14865,1.);
#14865 = DIRECTION('',(0.E+000,-1.));
#14866 = ( GEOMETRIC_REPRESENTATION_CONTEXT(2) 
PARAMETRIC_REPRESENTATION_CONTEXT() REPRESENTATION_CONTEXT('2D SPACE',''
  ) );
#14867 = ORIENTED_EDGE('',*,*,#14868,.F.);
#14868 = EDGE_CURVE('',#14869,#14846,#14871,.T.);
#14869 = VERTEX_POINT('',#14870);
#14870 = CARTESIAN_POINT('',(0.5969,-1.4478,0.E+000));
#14871 = SURFACE_CURVE('',#14872,(#14876,#14883),.PCURVE_S1.);
#14872 = LINE('',#14873,#14874);
#14873 = CARTESIAN_POINT('',(0.5969,-1.4478,0.E+000));
#14874 = VECTOR('',#14875,1.);
#14875 = DIRECTION('',(0.E+000,0.E+000,1.));
#14876 = PCURVE('',#14803,#14877);
#14877 = DEFINITIONAL_REPRESENTATION('',(#14878),#14882);
#14878 = LINE('',#14879,#14880);
#14879 = CARTESIAN_POINT('',(2.8956,0.E+000));
#14880 = VECTOR('',#14881,1.);
#14881 = DIRECTION('',(0.E+000,-1.));
#14882 = ( GEOMETRIC_REPRESENTATION_CONTEXT(2) 
PARAMETRIC_REPRESENTATION_CONTEXT() REPRESENTATION_CONTEXT('2D SPACE',''
  ) );
#14883 = PCURVE('',#14884,#14889);
#14884 = PLANE('',#14885);
#14885 = AXIS2_PLACEMENT_3D('',#14886,#14887,#14888);
#14886 = CARTESIAN_POINT('',(0.5969,-1.4478,0.E+000));
#14887 = DIRECTION('',(0.E+000,-1.,0.E+000));
#14888 = DIRECTION('',(-1.,0.E+000,0.E+000));
#14889 = DEFINITIONAL_REPRESENTATION('',(#14890),#14894);
#14890 = LINE('',#14891,#14892);
#14891 = CARTESIAN_POINT('',(0.E+000,-0.E+000));
#14892 = VECTOR('',#14893,1.);
#14893 = DIRECTION('',(0.E+000,-1.));
#14894 = ( GEOMETRIC_REPRESENTATION_CONTEXT(2) 
PARAMETRIC_REPRESENTATION_CONTEXT() REPRESENTATION_CONTEXT('2D SPACE',''
  ) );
#14895 = ORIENTED_EDGE('',*,*,#14896,.F.);
#14896 = EDGE_CURVE('',#14788,#14869,#14897,.T.);
#14897 = SURFACE_CURVE('',#14898,(#14902,#14909),.PCURVE_S1.);
#14898 = LINE('',#14899,#14900);
#14899 = CARTESIAN_POINT('',(0.5969,1.4478,0.E+000));
#14900 = VECTOR('',#14901,1.);
#14901 = DIRECTION('',(0.E+000,-1.,0.E+000));
#14902 = PCURVE('',#14803,#14903);
#14903 = DEFINITIONAL_REPRESENTATION('',(#14904),#14908);
#14904 = LINE('',#14905,#14906);
#14905 = CARTESIAN_POINT('',(0.E+000,0.E+000));
#14906 = VECTOR('',#14907,1.);
#14907 = DIRECTION('',(1.,0.E+000));
#14908 = ( GEOMETRIC_REPRESENTATION_CONTEXT(2) 
PARAMETRIC_REPRESENTATION_CONTEXT() REPRESENTATION_CONTEXT('2D SPACE',''
  ) );
#14909 = PCURVE('',#14829,#14910);
#14910 = DEFINITIONAL_REPRESENTATION('',(#14911),#14915);
#14911 = LINE('',#14912,#14913);
#14912 = CARTESIAN_POINT('',(1.1938,0.E+000));
#14913 = VECTOR('',#14914,1.);
#14914 = DIRECTION('',(0.E+000,-1.));
#14915 = ( GEOMETRIC_REPRESENTATION_CONTEXT(2) 
PARAMETRIC_REPRESENTATION_CONTEXT() REPRESENTATION_CONTEXT('2D SPACE',''
  ) );
#14916 = ADVANCED_FACE('',(#14917),#14884,.T.);
#14917 = FACE_BOUND('',#14918,.T.);
#14918 = EDGE_LOOP('',(#14919,#14920,#14943,#14966));
#14919 = ORIENTED_EDGE('',*,*,#14868,.T.);
#14920 = ORIENTED_EDGE('',*,*,#14921,.T.);
#14921 = EDGE_CURVE('',#14846,#14922,#14924,.T.);
#14922 = VERTEX_POINT('',#14923);
#14923 = CARTESIAN_POINT('',(-0.5969,-1.4478,1.143));
#14924 = SURFACE_CURVE('',#14925,(#14929,#14936),.PCURVE_S1.);
#14925 = LINE('',#14926,#14927);
#14926 = CARTESIAN_POINT('',(0.5969,-1.4478,1.143));
#14927 = VECTOR('',#14928,1.);
#14928 = DIRECTION('',(-1.,0.E+000,0.E+000));
#14929 = PCURVE('',#14884,#14930);
#14930 = DEFINITIONAL_REPRESENTATION('',(#14931),#14935);
#14931 = LINE('',#14932,#14933);
#14932 = CARTESIAN_POINT('',(0.E+000,-1.143));
#14933 = VECTOR('',#14934,1.);
#14934 = DIRECTION('',(1.,0.E+000));
#14935 = ( GEOMETRIC_REPRESENTATION_CONTEXT(2) 
PARAMETRIC_REPRESENTATION_CONTEXT() REPRESENTATION_CONTEXT('2D SPACE',''
  ) );
#14936 = PCURVE('',#14775,#14937);
#14937 = DEFINITIONAL_REPRESENTATION('',(#14938),#14942);
#14938 = LINE('',#14939,#14940);
#14939 = CARTESIAN_POINT('',(1.1938,-2.8956));
#14940 = VECTOR('',#14941,1.);
#14941 = DIRECTION('',(-1.,0.E+000));
#14942 = ( GEOMETRIC_REPRESENTATION_CONTEXT(2) 
PARAMETRIC_REPRESENTATION_CONTEXT() REPRESENTATION_CONTEXT('2D SPACE',''
  ) );
#14943 = ORIENTED_EDGE('',*,*,#14944,.F.);
#14944 = EDGE_CURVE('',#14945,#14922,#14947,.T.);
#14945 = VERTEX_POINT('',#14946);
#14946 = CARTESIAN_POINT('',(-0.5969,-1.4478,0.E+000));
#14947 = SURFACE_CURVE('',#14948,(#14952,#14959),.PCURVE_S1.);
#14948 = LINE('',#14949,#14950);
#14949 = CARTESIAN_POINT('',(-0.5969,-1.4478,0.E+000));
#14950 = VECTOR('',#14951,1.);
#14951 = DIRECTION('',(0.E+000,0.E+000,1.));
#14952 = PCURVE('',#14884,#14953);
#14953 = DEFINITIONAL_REPRESENTATION('',(#14954),#14958);
#14954 = LINE('',#14955,#14956);
#14955 = CARTESIAN_POINT('',(1.1938,0.E+000));
#14956 = VECTOR('',#14957,1.);
#14957 = DIRECTION('',(0.E+000,-1.));
#14958 = ( GEOMETRIC_REPRESENTATION_CONTEXT(2) 
PARAMETRIC_REPRESENTATION_CONTEXT() REPRESENTATION_CONTEXT('2D SPACE',''
  ) );
#14959 = PCURVE('',#14747,#14960);
#14960 = DEFINITIONAL_REPRESENTATION('',(#14961),#14965);
#14961 = LINE('',#14962,#14963);
#14962 = CARTESIAN_POINT('',(0.E+000,0.E+000));
#14963 = VECTOR('',#14964,1.);
#14964 = DIRECTION('',(0.E+000,-1.));
#14965 = ( GEOMETRIC_REPRESENTATION_CONTEXT(2) 
PARAMETRIC_REPRESENTATION_CONTEXT() REPRESENTATION_CONTEXT('2D SPACE',''
  ) );
#14966 = ORIENTED_EDGE('',*,*,#14967,.F.);
#14967 = EDGE_CURVE('',#14869,#14945,#14968,.T.);
#14968 = SURFACE_CURVE('',#14969,(#14973,#14980),.PCURVE_S1.);
#14969 = LINE('',#14970,#14971);
#14970 = CARTESIAN_POINT('',(0.5969,-1.4478,0.E+000));
#14971 = VECTOR('',#14972,1.);
#14972 = DIRECTION('',(-1.,0.E+000,0.E+000));
#14973 = PCURVE('',#14884,#14974);
#14974 = DEFINITIONAL_REPRESENTATION('',(#14975),#14979);
#14975 = LINE('',#14976,#14977);
#14976 = CARTESIAN_POINT('',(0.E+000,-0.E+000));
#14977 = VECTOR('',#14978,1.);
#14978 = DIRECTION('',(1.,0.E+000));
#14979 = ( GEOMETRIC_REPRESENTATION_CONTEXT(2) 
PARAMETRIC_REPRESENTATION_CONTEXT() REPRESENTATION_CONTEXT('2D SPACE',''
  ) );
#14980 = PCURVE('',#14829,#14981);
#14981 = DEFINITIONAL_REPRESENTATION('',(#14982),#14986);
#14982 = LINE('',#14983,#14984);
#14983 = CARTESIAN_POINT('',(1.1938,-2.8956));
#14984 = VECTOR('',#14985,1.);
#14985 = DIRECTION('',(-1.,0.E+000));
#14986 = ( GEOMETRIC_REPRESENTATION_CONTEXT(2) 
PARAMETRIC_REPRESENTATION_CONTEXT() REPRESENTATION_CONTEXT('2D SPACE',''
  ) );
#14987 = ADVANCED_FACE('',(#14988),#14747,.T.);
#14988 = FACE_BOUND('',#14989,.T.);
#14989 = EDGE_LOOP('',(#14990,#14991,#15012,#15013));
#14990 = ORIENTED_EDGE('',*,*,#14944,.T.);
#14991 = ORIENTED_EDGE('',*,*,#14992,.T.);
#14992 = EDGE_CURVE('',#14922,#14727,#14993,.T.);
#14993 = SURFACE_CURVE('',#14994,(#14998,#15005),.PCURVE_S1.);
#14994 = LINE('',#14995,#14996);
#14995 = CARTESIAN_POINT('',(-0.5969,-1.4478,1.143));
#14996 = VECTOR('',#14997,1.);
#14997 = DIRECTION('',(0.E+000,1.,0.E+000));
#14998 = PCURVE('',#14747,#14999);
#14999 = DEFINITIONAL_REPRESENTATION('',(#15000),#15004);
#15000 = LINE('',#15001,#15002);
#15001 = CARTESIAN_POINT('',(0.E+000,-1.143));
#15002 = VECTOR('',#15003,1.);
#15003 = DIRECTION('',(1.,0.E+000));
#15004 = ( GEOMETRIC_REPRESENTATION_CONTEXT(2) 
PARAMETRIC_REPRESENTATION_CONTEXT() REPRESENTATION_CONTEXT('2D SPACE',''
  ) );
#15005 = PCURVE('',#14775,#15006);
#15006 = DEFINITIONAL_REPRESENTATION('',(#15007),#15011);
#15007 = LINE('',#15008,#15009);
#15008 = CARTESIAN_POINT('',(0.E+000,-2.8956));
#15009 = VECTOR('',#15010,1.);
#15010 = DIRECTION('',(0.E+000,1.));
#15011 = ( GEOMETRIC_REPRESENTATION_CONTEXT(2) 
PARAMETRIC_REPRESENTATION_CONTEXT() REPRESENTATION_CONTEXT('2D SPACE',''
  ) );
#15012 = ORIENTED_EDGE('',*,*,#14724,.F.);
#15013 = ORIENTED_EDGE('',*,*,#15014,.F.);
#15014 = EDGE_CURVE('',#14945,#14725,#15015,.T.);
#15015 = SURFACE_CURVE('',#15016,(#15020,#15027),.PCURVE_S1.);
#15016 = LINE('',#15017,#15018);
#15017 = CARTESIAN_POINT('',(-0.5969,-1.4478,0.E+000));
#15018 = VECTOR('',#15019,1.);
#15019 = DIRECTION('',(0.E+000,1.,0.E+000));
#15020 = PCURVE('',#14747,#15021);
#15021 = DEFINITIONAL_REPRESENTATION('',(#15022),#15026);
#15022 = LINE('',#15023,#15024);
#15023 = CARTESIAN_POINT('',(0.E+000,0.E+000));
#15024 = VECTOR('',#15025,1.);
#15025 = DIRECTION('',(1.,0.E+000));
#15026 = ( GEOMETRIC_REPRESENTATION_CONTEXT(2) 
PARAMETRIC_REPRESENTATION_CONTEXT() REPRESENTATION_CONTEXT('2D SPACE',''
  ) );
#15027 = PCURVE('',#14829,#15028);
#15028 = DEFINITIONAL_REPRESENTATION('',(#15029),#15033);
#15029 = LINE('',#15030,#15031);
#15030 = CARTESIAN_POINT('',(0.E+000,-2.8956));
#15031 = VECTOR('',#15032,1.);
#15032 = DIRECTION('',(0.E+000,1.));
#15033 = ( GEOMETRIC_REPRESENTATION_CONTEXT(2) 
PARAMETRIC_REPRESENTATION_CONTEXT() REPRESENTATION_CONTEXT('2D SPACE',''
  ) );
#15034 = ADVANCED_FACE('',(#15035),#14829,.F.);
#15035 = FACE_BOUND('',#15036,.T.);
#15036 = EDGE_LOOP('',(#15037,#15038,#15039,#15040));
#15037 = ORIENTED_EDGE('',*,*,#14815,.T.);
#15038 = ORIENTED_EDGE('',*,*,#14896,.T.);
#15039 = ORIENTED_EDGE('',*,*,#14967,.T.);
#15040 = ORIENTED_EDGE('',*,*,#15014,.T.);
#15041 = ADVANCED_FACE('',(#15042),#14775,.T.);
#15042 = FACE_BOUND('',#15043,.F.);
#15043 = EDGE_LOOP('',(#15044,#15045,#15046,#15047));
#15044 = ORIENTED_EDGE('',*,*,#14759,.T.);
#15045 = ORIENTED_EDGE('',*,*,#14845,.T.);
#15046 = ORIENTED_EDGE('',*,*,#14921,.T.);
#15047 = ORIENTED_EDGE('',*,*,#14992,.T.);
#15048 = ( GEOMETRIC_REPRESENTATION_CONTEXT(3) 
GLOBAL_UNCERTAINTY_ASSIGNED_CONTEXT((#15052)) 
GLOBAL_UNIT_ASSIGNED_CONTEXT((#15049,#15050,#15051)) 
REPRESENTATION_CONTEXT('Context #1',
  '3D Context with UNIT and UNCERTAINTY') );
#15049 = ( LENGTH_UNIT() NAMED_UNIT(*) SI_UNIT(.MILLI.,.METRE.) );
#15050 = ( NAMED_UNIT(*) PLANE_ANGLE_UNIT() SI_UNIT($,.RADIAN.) );
#15051 = ( NAMED_UNIT(*) SI_UNIT($,.STERADIAN.) SOLID_ANGLE_UNIT() );
#15052 = UNCERTAINTY_MEASURE_WITH_UNIT(LENGTH_MEASURE(1.E-007),#15049,
  'distance_accuracy_value','confusion accuracy');
#15053 = SHAPE_DEFINITION_REPRESENTATION(#15054,#14717);
#15054 = PRODUCT_DEFINITION_SHAPE('','',#15055);
#15055 = PRODUCT_DEFINITION('design','',#15056,#15059);
#15056 = PRODUCT_DEFINITION_FORMATION('','',#15057);
#15057 = PRODUCT('Extruded','Extruded','',(#15058));
#15058 = PRODUCT_CONTEXT('',#2,'mechanical');
#15059 = PRODUCT_DEFINITION_CONTEXT('part definition',#2,'design');
#15060 = CONTEXT_DEPENDENT_SHAPE_REPRESENTATION(#15061,#15063);
#15061 = ( REPRESENTATION_RELATIONSHIP('','',#14717,#14707) 
REPRESENTATION_RELATIONSHIP_WITH_TRANSFORMATION(#15062) 
SHAPE_REPRESENTATION_RELATIONSHIP() );
#15062 = ITEM_DEFINED_TRANSFORMATION('','',#11,#14708);
#15063 = PRODUCT_DEFINITION_SHAPE('Placement','Placement of an item',
  #15064);
#15064 = NEXT_ASSEMBLY_USAGE_OCCURRENCE('123','=>[0:1:1:2]','',#14702,
  #15055,$);
#15065 = PRODUCT_RELATED_PRODUCT_CATEGORY('part',$,(#15057));
#15066 = CONTEXT_DEPENDENT_SHAPE_REPRESENTATION(#15067,#15069);
#15067 = ( REPRESENTATION_RELATIONSHIP('','',#14707,#14690) 
REPRESENTATION_RELATIONSHIP_WITH_TRANSFORMATION(#15068) 
SHAPE_REPRESENTATION_RELATIONSHIP() );
#15068 = ITEM_DEFINED_TRANSFORMATION('','',#11,#14691);
#15069 = PRODUCT_DEFINITION_SHAPE('Placement','Placement of an item',
  #15070);
#15070 = NEXT_ASSEMBLY_USAGE_OCCURRENCE('124','=>[0:1:1:57]','',#14685,
  #14702,$);
#15071 = PRODUCT_RELATED_PRODUCT_CATEGORY('part',$,(#14704));
#15072 = CONTEXT_DEPENDENT_SHAPE_REPRESENTATION(#15073,#15075);
#15073 = ( REPRESENTATION_RELATIONSHIP('','',#14690,#10) 
REPRESENTATION_RELATIONSHIP_WITH_TRANSFORMATION(#15074) 
SHAPE_REPRESENTATION_RELATIONSHIP() );
#15074 = ITEM_DEFINED_TRANSFORMATION('','',#11,#127);
#15075 = PRODUCT_DEFINITION_SHAPE('Placement','Placement of an item',
  #15076);
#15076 = NEXT_ASSEMBLY_USAGE_OCCURRENCE('125','=>[0:1:1:56]','',#5,
  #14685,$);
#15077 = PRODUCT_RELATED_PRODUCT_CATEGORY('part',$,(#14687));
#15078 = SHAPE_DEFINITION_REPRESENTATION(#15079,#15085);
#15079 = PRODUCT_DEFINITION_SHAPE('','',#15080);
#15080 = PRODUCT_DEFINITION('design','',#15081,#15084);
#15081 = PRODUCT_DEFINITION_FORMATION('','',#15082);
#15082 = PRODUCT('M2','M2','',(#15083));
#15083 = PRODUCT_CONTEXT('',#2,'mechanical');
#15084 = PRODUCT_DEFINITION_CONTEXT('part definition',#2,'design');
#15085 = SHAPE_REPRESENTATION('',(#11,#15086),#15090);
#15086 = AXIS2_PLACEMENT_3D('',#15087,#15088,#15089);
#15087 = CARTESIAN_POINT('',(51.981097057031,22.580600713555,0.E+000));
#15088 = DIRECTION('',(0.E+000,0.E+000,1.));
#15089 = DIRECTION('',(1.,0.E+000,0.E+000));
#15090 = ( GEOMETRIC_REPRESENTATION_CONTEXT(3) 
GLOBAL_UNCERTAINTY_ASSIGNED_CONTEXT((#15094)) 
GLOBAL_UNIT_ASSIGNED_CONTEXT((#15091,#15092,#15093)) 
REPRESENTATION_CONTEXT('Context #1',
  '3D Context with UNIT and UNCERTAINTY') );
#15091 = ( LENGTH_UNIT() NAMED_UNIT(*) SI_UNIT(.MILLI.,.METRE.) );
#15092 = ( NAMED_UNIT(*) PLANE_ANGLE_UNIT() SI_UNIT($,.RADIAN.) );
#15093 = ( NAMED_UNIT(*) SI_UNIT($,.STERADIAN.) SOLID_ANGLE_UNIT() );
#15094 = UNCERTAINTY_MEASURE_WITH_UNIT(LENGTH_MEASURE(1.E-007),#15091,
  'distance_accuracy_value','confusion accuracy');
#15095 = CONTEXT_DEPENDENT_SHAPE_REPRESENTATION(#15096,#15098);
#15096 = ( REPRESENTATION_RELATIONSHIP('','',#14707,#15085) 
REPRESENTATION_RELATIONSHIP_WITH_TRANSFORMATION(#15097) 
SHAPE_REPRESENTATION_RELATIONSHIP() );
#15097 = ITEM_DEFINED_TRANSFORMATION('','',#11,#15086);
#15098 = PRODUCT_DEFINITION_SHAPE('Placement','Placement of an item',
  #15099);
#15099 = NEXT_ASSEMBLY_USAGE_OCCURRENCE('126','=>[0:1:1:57]','',#15080,
  #14702,$);
#15100 = CONTEXT_DEPENDENT_SHAPE_REPRESENTATION(#15101,#15103);
#15101 = ( REPRESENTATION_RELATIONSHIP('','',#15085,#10) 
REPRESENTATION_RELATIONSHIP_WITH_TRANSFORMATION(#15102) 
SHAPE_REPRESENTATION_RELATIONSHIP() );
#15102 = ITEM_DEFINED_TRANSFORMATION('','',#11,#131);
#15103 = PRODUCT_DEFINITION_SHAPE('Placement','Placement of an item',
  #15104);
#15104 = NEXT_ASSEMBLY_USAGE_OCCURRENCE('127','=>[0:1:1:59]','',#5,
  #15080,$);
#15105 = PRODUCT_RELATED_PRODUCT_CATEGORY('part',$,(#15082));
#15106 = SHAPE_DEFINITION_REPRESENTATION(#15107,#15113);
#15107 = PRODUCT_DEFINITION_SHAPE('','',#15108);
#15108 = PRODUCT_DEFINITION('design','',#15109,#15112);
#15109 = PRODUCT_DEFINITION_FORMATION('','',#15110);
#15110 = PRODUCT('R12','R12','',(#15111));
#15111 = PRODUCT_CONTEXT('',#2,'mechanical');
#15112 = PRODUCT_DEFINITION_CONTEXT('part definition',#2,'design');
#15113 = SHAPE_REPRESENTATION('',(#11,#15114,#15118,#15122),#15126);
#15114 = AXIS2_PLACEMENT_3D('',#15115,#15116,#15117);
#15115 = CARTESIAN_POINT('',(51.283068492578,18.072517370049,
    1.000759541057E-003));
#15116 = DIRECTION('',(0.E+000,0.E+000,1.));
#15117 = DIRECTION('',(1.,0.E+000,0.E+000));
#15118 = AXIS2_PLACEMENT_3D('',#15119,#15120,#15121);
#15119 = CARTESIAN_POINT('',(52.65462000625,18.072517370049,
    1.000759541057E-003));
#15120 = DIRECTION('',(0.E+000,0.E+000,1.));
#15121 = DIRECTION('',(1.,0.E+000,0.E+000));
#15122 = AXIS2_PLACEMENT_3D('',#15123,#15124,#15125);
#15123 = CARTESIAN_POINT('',(51.968806102441,18.072517370049,
    2.500120922923E-002));
#15124 = DIRECTION('',(0.E+000,0.E+000,1.));
#15125 = DIRECTION('',(1.,0.E+000,0.E+000));
#15126 = ( GEOMETRIC_REPRESENTATION_CONTEXT(3) 
GLOBAL_UNCERTAINTY_ASSIGNED_CONTEXT((#15130)) 
GLOBAL_UNIT_ASSIGNED_CONTEXT((#15127,#15128,#15129)) 
REPRESENTATION_CONTEXT('Context #1',
  '3D Context with UNIT and UNCERTAINTY') );
#15127 = ( LENGTH_UNIT() NAMED_UNIT(*) SI_UNIT(.MILLI.,.METRE.) );
#15128 = ( NAMED_UNIT(*) PLANE_ANGLE_UNIT() SI_UNIT($,.RADIAN.) );
#15129 = ( NAMED_UNIT(*) SI_UNIT($,.STERADIAN.) SOLID_ANGLE_UNIT() );
#15130 = UNCERTAINTY_MEASURE_WITH_UNIT(LENGTH_MEASURE(1.E-007),#15127,
  'distance_accuracy_value','confusion accuracy');
#15131 = CONTEXT_DEPENDENT_SHAPE_REPRESENTATION(#15132,#15134);
#15132 = ( REPRESENTATION_RELATIONSHIP('','',#9368,#15113) 
REPRESENTATION_RELATIONSHIP_WITH_TRANSFORMATION(#15133) 
SHAPE_REPRESENTATION_RELATIONSHIP() );
#15133 = ITEM_DEFINED_TRANSFORMATION('','',#11,#15114);
#15134 = PRODUCT_DEFINITION_SHAPE('Placement','Placement of an item',
  #15135);
#15135 = NEXT_ASSEMBLY_USAGE_OCCURRENCE('128','=>[0:1:1:19]','',#15108,
  #9363,$);
#15136 = CONTEXT_DEPENDENT_SHAPE_REPRESENTATION(#15137,#15139);
#15137 = ( REPRESENTATION_RELATIONSHIP('','',#9368,#15113) 
REPRESENTATION_RELATIONSHIP_WITH_TRANSFORMATION(#15138) 
SHAPE_REPRESENTATION_RELATIONSHIP() );
#15138 = ITEM_DEFINED_TRANSFORMATION('','',#11,#15118);
#15139 = PRODUCT_DEFINITION_SHAPE('Placement','Placement of an item',
  #15140);
#15140 = NEXT_ASSEMBLY_USAGE_OCCURRENCE('129','=>[0:1:1:19]','',#15108,
  #9363,$);
#15141 = CONTEXT_DEPENDENT_SHAPE_REPRESENTATION(#15142,#15144);
#15142 = ( REPRESENTATION_RELATIONSHIP('','',#8996,#15113) 
REPRESENTATION_RELATIONSHIP_WITH_TRANSFORMATION(#15143) 
SHAPE_REPRESENTATION_RELATIONSHIP() );
#15143 = ITEM_DEFINED_TRANSFORMATION('','',#11,#15122);
#15144 = PRODUCT_DEFINITION_SHAPE('Placement','Placement of an item',
  #15145);
#15145 = NEXT_ASSEMBLY_USAGE_OCCURRENCE('130','=>[0:1:1:17]','',#15108,
  #8991,$);
#15146 = CONTEXT_DEPENDENT_SHAPE_REPRESENTATION(#15147,#15149);
#15147 = ( REPRESENTATION_RELATIONSHIP('','',#15113,#10) 
REPRESENTATION_RELATIONSHIP_WITH_TRANSFORMATION(#15148) 
SHAPE_REPRESENTATION_RELATIONSHIP() );
#15148 = ITEM_DEFINED_TRANSFORMATION('','',#11,#135);
#15149 = PRODUCT_DEFINITION_SHAPE('Placement','Placement of an item',
  #15150);
#15150 = NEXT_ASSEMBLY_USAGE_OCCURRENCE('131','=>[0:1:1:60]','',#5,
  #15108,$);
#15151 = PRODUCT_RELATED_PRODUCT_CATEGORY('part',$,(#15110));
#15152 = SHAPE_DEFINITION_REPRESENTATION(#15153,#15159);
#15153 = PRODUCT_DEFINITION_SHAPE('','',#15154);
#15154 = PRODUCT_DEFINITION('design','',#15155,#15158);
#15155 = PRODUCT_DEFINITION_FORMATION('','',#15156);
#15156 = PRODUCT('R13','R13','',(#15157));
#15157 = PRODUCT_CONTEXT('',#2,'mechanical');
#15158 = PRODUCT_DEFINITION_CONTEXT('part definition',#2,'design');
#15159 = SHAPE_REPRESENTATION('',(#11,#15160,#15164,#15168),#15172);
#15160 = AXIS2_PLACEMENT_3D('',#15161,#15162,#15163);
#15161 = CARTESIAN_POINT('',(51.283068492578,19.35562131292,
    1.000759541057E-003));
#15162 = DIRECTION('',(0.E+000,0.E+000,1.));
#15163 = DIRECTION('',(1.,0.E+000,0.E+000));
#15164 = AXIS2_PLACEMENT_3D('',#15165,#15166,#15167);
#15165 = CARTESIAN_POINT('',(52.65462000625,19.35562131292,
    1.000759541057E-003));
#15166 = DIRECTION('',(0.E+000,0.E+000,1.));
#15167 = DIRECTION('',(1.,0.E+000,0.E+000));
#15168 = AXIS2_PLACEMENT_3D('',#15169,#15170,#15171);
#15169 = CARTESIAN_POINT('',(51.968806102441,19.35562131292,
    2.500120922923E-002));
#15170 = DIRECTION('',(0.E+000,0.E+000,1.));
#15171 = DIRECTION('',(1.,0.E+000,0.E+000));
#15172 = ( GEOMETRIC_REPRESENTATION_CONTEXT(3) 
GLOBAL_UNCERTAINTY_ASSIGNED_CONTEXT((#15176)) 
GLOBAL_UNIT_ASSIGNED_CONTEXT((#15173,#15174,#15175)) 
REPRESENTATION_CONTEXT('Context #1',
  '3D Context with UNIT and UNCERTAINTY') );
#15173 = ( LENGTH_UNIT() NAMED_UNIT(*) SI_UNIT(.MILLI.,.METRE.) );
#15174 = ( NAMED_UNIT(*) PLANE_ANGLE_UNIT() SI_UNIT($,.RADIAN.) );
#15175 = ( NAMED_UNIT(*) SI_UNIT($,.STERADIAN.) SOLID_ANGLE_UNIT() );
#15176 = UNCERTAINTY_MEASURE_WITH_UNIT(LENGTH_MEASURE(1.E-007),#15173,
  'distance_accuracy_value','confusion accuracy');
#15177 = CONTEXT_DEPENDENT_SHAPE_REPRESENTATION(#15178,#15180);
#15178 = ( REPRESENTATION_RELATIONSHIP('','',#9368,#15159) 
REPRESENTATION_RELATIONSHIP_WITH_TRANSFORMATION(#15179) 
SHAPE_REPRESENTATION_RELATIONSHIP() );
#15179 = ITEM_DEFINED_TRANSFORMATION('','',#11,#15160);
#15180 = PRODUCT_DEFINITION_SHAPE('Placement','Placement of an item',
  #15181);
#15181 = NEXT_ASSEMBLY_USAGE_OCCURRENCE('132','=>[0:1:1:19]','',#15154,
  #9363,$);
#15182 = CONTEXT_DEPENDENT_SHAPE_REPRESENTATION(#15183,#15185);
#15183 = ( REPRESENTATION_RELATIONSHIP('','',#9368,#15159) 
REPRESENTATION_RELATIONSHIP_WITH_TRANSFORMATION(#15184) 
SHAPE_REPRESENTATION_RELATIONSHIP() );
#15184 = ITEM_DEFINED_TRANSFORMATION('','',#11,#15164);
#15185 = PRODUCT_DEFINITION_SHAPE('Placement','Placement of an item',
  #15186);
#15186 = NEXT_ASSEMBLY_USAGE_OCCURRENCE('133','=>[0:1:1:19]','',#15154,
  #9363,$);
#15187 = CONTEXT_DEPENDENT_SHAPE_REPRESENTATION(#15188,#15190);
#15188 = ( REPRESENTATION_RELATIONSHIP('','',#8996,#15159) 
REPRESENTATION_RELATIONSHIP_WITH_TRANSFORMATION(#15189) 
SHAPE_REPRESENTATION_RELATIONSHIP() );
#15189 = ITEM_DEFINED_TRANSFORMATION('','',#11,#15168);
#15190 = PRODUCT_DEFINITION_SHAPE('Placement','Placement of an item',
  #15191);
#15191 = NEXT_ASSEMBLY_USAGE_OCCURRENCE('134','=>[0:1:1:17]','',#15154,
  #8991,$);
#15192 = CONTEXT_DEPENDENT_SHAPE_REPRESENTATION(#15193,#15195);
#15193 = ( REPRESENTATION_RELATIONSHIP('','',#15159,#10) 
REPRESENTATION_RELATIONSHIP_WITH_TRANSFORMATION(#15194) 
SHAPE_REPRESENTATION_RELATIONSHIP() );
#15194 = ITEM_DEFINED_TRANSFORMATION('','',#11,#139);
#15195 = PRODUCT_DEFINITION_SHAPE('Placement','Placement of an item',
  #15196);
#15196 = NEXT_ASSEMBLY_USAGE_OCCURRENCE('135','=>[0:1:1:61]','',#5,
  #15154,$);
#15197 = PRODUCT_RELATED_PRODUCT_CATEGORY('part',$,(#15156));
#15198 = SHAPE_DEFINITION_REPRESENTATION(#15199,#15205);
#15199 = PRODUCT_DEFINITION_SHAPE('','',#15200);
#15200 = PRODUCT_DEFINITION('design','',#15201,#15204);
#15201 = PRODUCT_DEFINITION_FORMATION('','',#15202);
#15202 = PRODUCT('U3','U3','',(#15203));
#15203 = PRODUCT_CONTEXT('',#2,'mechanical');
#15204 = PRODUCT_DEFINITION_CONTEXT('part definition',#2,'design');
#15205 = SHAPE_REPRESENTATION('',(#11,#15206),#15210);
#15206 = AXIS2_PLACEMENT_3D('',#15207,#15208,#15209);
#15207 = CARTESIAN_POINT('',(56.578501537012,18.16640469915,0.E+000));
#15208 = DIRECTION('',(0.E+000,0.E+000,1.));
#15209 = DIRECTION('',(1.,0.E+000,0.E+000));
#15210 = ( GEOMETRIC_REPRESENTATION_CONTEXT(3) 
GLOBAL_UNCERTAINTY_ASSIGNED_CONTEXT((#15214)) 
GLOBAL_UNIT_ASSIGNED_CONTEXT((#15211,#15212,#15213)) 
REPRESENTATION_CONTEXT('Context #1',
  '3D Context with UNIT and UNCERTAINTY') );
#15211 = ( LENGTH_UNIT() NAMED_UNIT(*) SI_UNIT(.MILLI.,.METRE.) );
#15212 = ( NAMED_UNIT(*) PLANE_ANGLE_UNIT() SI_UNIT($,.RADIAN.) );
#15213 = ( NAMED_UNIT(*) SI_UNIT($,.STERADIAN.) SOLID_ANGLE_UNIT() );
#15214 = UNCERTAINTY_MEASURE_WITH_UNIT(LENGTH_MEASURE(1.E-007),#15211,
  'distance_accuracy_value','confusion accuracy');
#15215 = CONTEXT_DEPENDENT_SHAPE_REPRESENTATION(#15216,#15218);
#15216 = ( REPRESENTATION_RELATIONSHIP('','',#14707,#15205) 
REPRESENTATION_RELATIONSHIP_WITH_TRANSFORMATION(#15217) 
SHAPE_REPRESENTATION_RELATIONSHIP() );
#15217 = ITEM_DEFINED_TRANSFORMATION('','',#11,#15206);
#15218 = PRODUCT_DEFINITION_SHAPE('Placement','Placement of an item',
  #15219);
#15219 = NEXT_ASSEMBLY_USAGE_OCCURRENCE('136','=>[0:1:1:57]','',#15200,
  #14702,$);
#15220 = CONTEXT_DEPENDENT_SHAPE_REPRESENTATION(#15221,#15223);
#15221 = ( REPRESENTATION_RELATIONSHIP('','',#15205,#10) 
REPRESENTATION_RELATIONSHIP_WITH_TRANSFORMATION(#15222) 
SHAPE_REPRESENTATION_RELATIONSHIP() );
#15222 = ITEM_DEFINED_TRANSFORMATION('','',#11,#143);
#15223 = PRODUCT_DEFINITION_SHAPE('Placement','Placement of an item',
  #15224);
#15224 = NEXT_ASSEMBLY_USAGE_OCCURRENCE('137','=>[0:1:1:62]','',#5,
  #15200,$);
#15225 = PRODUCT_RELATED_PRODUCT_CATEGORY('part',$,(#15202));
#15226 = SHAPE_DEFINITION_REPRESENTATION(#15227,#15233);
#15227 = PRODUCT_DEFINITION_SHAPE('','',#15228);
#15228 = PRODUCT_DEFINITION('design','',#15229,#15232);
#15229 = PRODUCT_DEFINITION_FORMATION('','',#15230);
#15230 = PRODUCT('C15','C15','',(#15231));
#15231 = PRODUCT_CONTEXT('',#2,'mechanical');
#15232 = PRODUCT_DEFINITION_CONTEXT('part definition',#2,'design');
#15233 = SHAPE_REPRESENTATION('',(#11,#15234,#15238,#15242),#15246);
#15234 = AXIS2_PLACEMENT_3D('',#15235,#15236,#15237);
#15235 = CARTESIAN_POINT('',(51.045115306543,22.545120214287,
    -0.91147851944));
#15236 = DIRECTION('',(0.E+000,0.E+000,1.));
#15237 = DIRECTION('',(1.,0.E+000,0.E+000));
#15238 = AXIS2_PLACEMENT_3D('',#15239,#15240,#15241);
#15239 = CARTESIAN_POINT('',(48.024889781641,22.545120214287,
    -0.91147851944));
#15240 = DIRECTION('',(0.E+000,0.E+000,1.));
#15241 = DIRECTION('',(1.,0.E+000,0.E+000));
#15242 = AXIS2_PLACEMENT_3D('',#15243,#15244,#15245);
#15243 = CARTESIAN_POINT('',(49.519999339746,22.555198644463,
    -0.861478745937));
#15244 = DIRECTION('',(0.E+000,0.E+000,1.));
#15245 = DIRECTION('',(1.,0.E+000,0.E+000));
#15246 = ( GEOMETRIC_REPRESENTATION_CONTEXT(3) 
GLOBAL_UNCERTAINTY_ASSIGNED_CONTEXT((#15250)) 
GLOBAL_UNIT_ASSIGNED_CONTEXT((#15247,#15248,#15249)) 
REPRESENTATION_CONTEXT('Context #1',
  '3D Context with UNIT and UNCERTAINTY') );
#15247 = ( LENGTH_UNIT() NAMED_UNIT(*) SI_UNIT(.MILLI.,.METRE.) );
#15248 = ( NAMED_UNIT(*) PLANE_ANGLE_UNIT() SI_UNIT($,.RADIAN.) );
#15249 = ( NAMED_UNIT(*) SI_UNIT($,.STERADIAN.) SOLID_ANGLE_UNIT() );
#15250 = UNCERTAINTY_MEASURE_WITH_UNIT(LENGTH_MEASURE(1.E-007),#15247,
  'distance_accuracy_value','confusion accuracy');
#15251 = CONTEXT_DEPENDENT_SHAPE_REPRESENTATION(#15252,#15254);
#15252 = ( REPRESENTATION_RELATIONSHIP('','',#12035,#15233) 
REPRESENTATION_RELATIONSHIP_WITH_TRANSFORMATION(#15253) 
SHAPE_REPRESENTATION_RELATIONSHIP() );
#15253 = ITEM_DEFINED_TRANSFORMATION('','',#11,#15234);
#15254 = PRODUCT_DEFINITION_SHAPE('Placement','Placement of an item',
  #15255);
#15255 = NEXT_ASSEMBLY_USAGE_OCCURRENCE('138','=>[0:1:1:39]','',#15228,
  #12030,$);
#15256 = CONTEXT_DEPENDENT_SHAPE_REPRESENTATION(#15257,#15259);
#15257 = ( REPRESENTATION_RELATIONSHIP('','',#12035,#15233) 
REPRESENTATION_RELATIONSHIP_WITH_TRANSFORMATION(#15258) 
SHAPE_REPRESENTATION_RELATIONSHIP() );
#15258 = ITEM_DEFINED_TRANSFORMATION('','',#11,#15238);
#15259 = PRODUCT_DEFINITION_SHAPE('Placement','Placement of an item',
  #15260);
#15260 = NEXT_ASSEMBLY_USAGE_OCCURRENCE('139','=>[0:1:1:39]','',#15228,
  #12030,$);
#15261 = CONTEXT_DEPENDENT_SHAPE_REPRESENTATION(#15262,#15264);
#15262 = ( REPRESENTATION_RELATIONSHIP('','',#12412,#15233) 
REPRESENTATION_RELATIONSHIP_WITH_TRANSFORMATION(#15263) 
SHAPE_REPRESENTATION_RELATIONSHIP() );
#15263 = ITEM_DEFINED_TRANSFORMATION('','',#11,#15242);
#15264 = PRODUCT_DEFINITION_SHAPE('Placement','Placement of an item',
  #15265);
#15265 = NEXT_ASSEMBLY_USAGE_OCCURRENCE('140','=>[0:1:1:41]','',#15228,
  #12407,$);
#15266 = CONTEXT_DEPENDENT_SHAPE_REPRESENTATION(#15267,#15269);
#15267 = ( REPRESENTATION_RELATIONSHIP('','',#15233,#10) 
REPRESENTATION_RELATIONSHIP_WITH_TRANSFORMATION(#15268) 
SHAPE_REPRESENTATION_RELATIONSHIP() );
#15268 = ITEM_DEFINED_TRANSFORMATION('','',#11,#147);
#15269 = PRODUCT_DEFINITION_SHAPE('Placement','Placement of an item',
  #15270);
#15270 = NEXT_ASSEMBLY_USAGE_OCCURRENCE('141','=>[0:1:1:63]','',#5,
  #15228,$);
#15271 = PRODUCT_RELATED_PRODUCT_CATEGORY('part',$,(#15230));
#15272 = MECHANICAL_DESIGN_GEOMETRIC_PRESENTATION_REPRESENTATION('',(
    #15273),#15048);
#15273 = STYLED_ITEM('color',(#15274),#14718);
#15274 = PRESENTATION_STYLE_ASSIGNMENT((#15275,#15281));
#15275 = SURFACE_STYLE_USAGE(.BOTH.,#15276);
#15276 = SURFACE_SIDE_STYLE('',(#15277));
#15277 = SURFACE_STYLE_FILL_AREA(#15278);
#15278 = FILL_AREA_STYLE('',(#15279));
#15279 = FILL_AREA_STYLE_COLOUR('',#15280);
#15280 = COLOUR_RGB('',0.501960813999,0.501960813999,0.501960813999);
#15281 = CURVE_STYLE('',#15282,POSITIVE_LENGTH_MEASURE(0.1),#15280);
#15282 = DRAUGHTING_PRE_DEFINED_CURVE_FONT('continuous');
#15283 = MECHANICAL_DESIGN_GEOMETRIC_PRESENTATION_REPRESENTATION('',(
    #15284),#12376);
#15284 = STYLED_ITEM('color',(#15285),#12046);
#15285 = PRESENTATION_STYLE_ASSIGNMENT((#15286,#15292));
#15286 = SURFACE_STYLE_USAGE(.BOTH.,#15287);
#15287 = SURFACE_SIDE_STYLE('',(#15288));
#15288 = SURFACE_STYLE_FILL_AREA(#15289);
#15289 = FILL_AREA_STYLE('',(#15290));
#15290 = FILL_AREA_STYLE_COLOUR('',#15291);
#15291 = COLOUR_RGB('',0.764705896378,0.811764717102,0.803921580315);
#15292 = CURVE_STYLE('',#15293,POSITIVE_LENGTH_MEASURE(0.1),#15291);
#15293 = DRAUGHTING_PRE_DEFINED_CURVE_FONT('continuous');
#15294 = MECHANICAL_DESIGN_GEOMETRIC_PRESENTATION_REPRESENTATION('',(
    #15295),#8419);
#15295 = STYLED_ITEM('color',(#15296),#8089);
#15296 = PRESENTATION_STYLE_ASSIGNMENT((#15297,#15302));
#15297 = SURFACE_STYLE_USAGE(.BOTH.,#15298);
#15298 = SURFACE_SIDE_STYLE('',(#15299));
#15299 = SURFACE_STYLE_FILL_AREA(#15300);
#15300 = FILL_AREA_STYLE('',(#15301));
#15301 = FILL_AREA_STYLE_COLOUR('',#15291);
#15302 = CURVE_STYLE('',#15303,POSITIVE_LENGTH_MEASURE(0.1),#15291);
#15303 = DRAUGHTING_PRE_DEFINED_CURVE_FONT('continuous');
#15304 = MECHANICAL_DESIGN_GEOMETRIC_PRESENTATION_REPRESENTATION('',(
    #15305),#9709);
#15305 = STYLED_ITEM('color',(#15306),#9379);
#15306 = PRESENTATION_STYLE_ASSIGNMENT((#15307,#15312));
#15307 = SURFACE_STYLE_USAGE(.BOTH.,#15308);
#15308 = SURFACE_SIDE_STYLE('',(#15309));
#15309 = SURFACE_STYLE_FILL_AREA(#15310);
#15310 = FILL_AREA_STYLE('',(#15311));
#15311 = FILL_AREA_STYLE_COLOUR('',#15291);
#15312 = CURVE_STYLE('',#15313,POSITIVE_LENGTH_MEASURE(0.1),#15291);
#15313 = DRAUGHTING_PRE_DEFINED_CURVE_FONT('continuous');
#15314 = MECHANICAL_DESIGN_GEOMETRIC_PRESENTATION_REPRESENTATION('',(
    #15315),#11463);
#15315 = STYLED_ITEM('color',(#15316),#10197);
#15316 = PRESENTATION_STYLE_ASSIGNMENT((#15317,#15323));
#15317 = SURFACE_STYLE_USAGE(.BOTH.,#15318);
#15318 = SURFACE_SIDE_STYLE('',(#15319));
#15319 = SURFACE_STYLE_FILL_AREA(#15320);
#15320 = FILL_AREA_STYLE('',(#15321));
#15321 = FILL_AREA_STYLE_COLOUR('',#15322);
#15322 = DRAUGHTING_PRE_DEFINED_COLOUR('white');
#15323 = CURVE_STYLE('',#15324,POSITIVE_LENGTH_MEASURE(0.1),#15322);
#15324 = DRAUGHTING_PRE_DEFINED_CURVE_FONT('continuous');
#15325 = MECHANICAL_DESIGN_GEOMETRIC_PRESENTATION_REPRESENTATION('',(
    #15326),#8011);
#15326 = STYLED_ITEM('color',(#15327),#7681);
#15327 = PRESENTATION_STYLE_ASSIGNMENT((#15328,#15333));
#15328 = SURFACE_STYLE_USAGE(.BOTH.,#15329);
#15329 = SURFACE_SIDE_STYLE('',(#15330));
#15330 = SURFACE_STYLE_FILL_AREA(#15331);
#15331 = FILL_AREA_STYLE('',(#15332));
#15332 = FILL_AREA_STYLE_COLOUR('',#15291);
#15333 = CURVE_STYLE('',#15334,POSITIVE_LENGTH_MEASURE(0.1),#15291);
#15334 = DRAUGHTING_PRE_DEFINED_CURVE_FONT('continuous');
#15335 = MECHANICAL_DESIGN_GEOMETRIC_PRESENTATION_REPRESENTATION('',(
    #15336),#8796);
#15336 = STYLED_ITEM('color',(#15337),#8466);
#15337 = PRESENTATION_STYLE_ASSIGNMENT((#15338,#15344));
#15338 = SURFACE_STYLE_USAGE(.BOTH.,#15339);
#15339 = SURFACE_SIDE_STYLE('',(#15340));
#15340 = SURFACE_STYLE_FILL_AREA(#15341);
#15341 = FILL_AREA_STYLE('',(#15342));
#15342 = FILL_AREA_STYLE_COLOUR('',#15343);
#15343 = COLOUR_RGB('',0.792156875134,0.776470601559,0.729411780834);
#15344 = CURVE_STYLE('',#15345,POSITIVE_LENGTH_MEASURE(0.1),#15343);
#15345 = DRAUGHTING_PRE_DEFINED_CURVE_FONT('continuous');
#15346 = MECHANICAL_DESIGN_GEOMETRIC_PRESENTATION_REPRESENTATION('',(
    #15347),#14510);
#15347 = STYLED_ITEM('color',(#15348),#14180);
#15348 = PRESENTATION_STYLE_ASSIGNMENT((#15349,#15355));
#15349 = SURFACE_STYLE_USAGE(.BOTH.,#15350);
#15350 = SURFACE_SIDE_STYLE('',(#15351));
#15351 = SURFACE_STYLE_FILL_AREA(#15352);
#15352 = FILL_AREA_STYLE('',(#15353));
#15353 = FILL_AREA_STYLE_COLOUR('',#15354);
#15354 = COLOUR_RGB('',0.839215695858,0.839215695858,0.839215695858);
#15355 = CURVE_STYLE('',#15356,POSITIVE_LENGTH_MEASURE(0.1),#15354);
#15356 = DRAUGHTING_PRE_DEFINED_CURVE_FONT('continuous');
#15357 = MECHANICAL_DESIGN_GEOMETRIC_PRESENTATION_REPRESENTATION('',(
    #15358),#7248);
#15358 = STYLED_ITEM('color',(#15359),#158);
#15359 = PRESENTATION_STYLE_ASSIGNMENT((#15360,#15366));
#15360 = SURFACE_STYLE_USAGE(.BOTH.,#15361);
#15361 = SURFACE_SIDE_STYLE('',(#15362));
#15362 = SURFACE_STYLE_FILL_AREA(#15363);
#15363 = FILL_AREA_STYLE('',(#15364));
#15364 = FILL_AREA_STYLE_COLOUR('',#15365);
#15365 = COLOUR_RGB('',9.019608050585E-002,0.223529413342,0.419607847929
  );
#15366 = CURVE_STYLE('',#15367,POSITIVE_LENGTH_MEASURE(0.1),#15365);
#15367 = DRAUGHTING_PRE_DEFINED_CURVE_FONT('continuous');
#15368 = MECHANICAL_DESIGN_GEOMETRIC_PRESENTATION_REPRESENTATION('',(
    #15369),#9337);
#15369 = STYLED_ITEM('color',(#15370),#9007);
#15370 = PRESENTATION_STYLE_ASSIGNMENT((#15371,#15376));
#15371 = SURFACE_STYLE_USAGE(.BOTH.,#15372);
#15372 = SURFACE_SIDE_STYLE('',(#15373));
#15373 = SURFACE_STYLE_FILL_AREA(#15374);
#15374 = FILL_AREA_STYLE('',(#15375));
#15375 = FILL_AREA_STYLE_COLOUR('',#15343);
#15376 = CURVE_STYLE('',#15377,POSITIVE_LENGTH_MEASURE(0.1),#15343);
#15377 = DRAUGHTING_PRE_DEFINED_CURVE_FONT('continuous');
#15378 = MECHANICAL_DESIGN_GEOMETRIC_PRESENTATION_REPRESENTATION('',(
    #15379),#7639);
#15379 = STYLED_ITEM('color',(#15380),#7309);
#15380 = PRESENTATION_STYLE_ASSIGNMENT((#15381,#15386));
#15381 = SURFACE_STYLE_USAGE(.BOTH.,#15382);
#15382 = SURFACE_SIDE_STYLE('',(#15383));
#15383 = SURFACE_STYLE_FILL_AREA(#15384);
#15384 = FILL_AREA_STYLE('',(#15385));
#15385 = FILL_AREA_STYLE_COLOUR('',#15343);
#15386 = CURVE_STYLE('',#15387,POSITIVE_LENGTH_MEASURE(0.1),#15343);
#15387 = DRAUGHTING_PRE_DEFINED_CURVE_FONT('continuous');
#15388 = MECHANICAL_DESIGN_GEOMETRIC_PRESENTATION_REPRESENTATION('',(
    #15389),#11835);
#15389 = STYLED_ITEM('color',(#15390),#11505);
#15390 = PRESENTATION_STYLE_ASSIGNMENT((#15391,#15396));
#15391 = SURFACE_STYLE_USAGE(.BOTH.,#15392);
#15392 = SURFACE_SIDE_STYLE('',(#15393));
#15393 = SURFACE_STYLE_FILL_AREA(#15394);
#15394 = FILL_AREA_STYLE('',(#15395));
#15395 = FILL_AREA_STYLE_COLOUR('',#15280);
#15396 = CURVE_STYLE('',#15397,POSITIVE_LENGTH_MEASURE(0.1),#15280);
#15397 = DRAUGHTING_PRE_DEFINED_CURVE_FONT('continuous');
#15398 = MECHANICAL_DESIGN_GEOMETRIC_PRESENTATION_REPRESENTATION('',(
    #15399),#12753);
#15399 = STYLED_ITEM('color',(#15400),#12423);
#15400 = PRESENTATION_STYLE_ASSIGNMENT((#15401,#15406));
#15401 = SURFACE_STYLE_USAGE(.BOTH.,#15402);
#15402 = SURFACE_SIDE_STYLE('',(#15403));
#15403 = SURFACE_STYLE_FILL_AREA(#15404);
#15404 = FILL_AREA_STYLE('',(#15405));
#15405 = FILL_AREA_STYLE_COLOUR('',#15343);
#15406 = CURVE_STYLE('',#15407,POSITIVE_LENGTH_MEASURE(0.1),#15343);
#15407 = DRAUGHTING_PRE_DEFINED_CURVE_FONT('continuous');
#15408 = MECHANICAL_DESIGN_GEOMETRIC_PRESENTATION_REPRESENTATION('',(
    #15409),#14138);
#15409 = STYLED_ITEM('color',(#15410),#13808);
#15410 = PRESENTATION_STYLE_ASSIGNMENT((#15411,#15417));
#15411 = SURFACE_STYLE_USAGE(.BOTH.,#15412);
#15412 = SURFACE_SIDE_STYLE('',(#15413));
#15413 = SURFACE_STYLE_FILL_AREA(#15414);
#15414 = FILL_AREA_STYLE('',(#15415));
#15415 = FILL_AREA_STYLE_COLOUR('',#15416);
#15416 = COLOUR_RGB('',0.972549021244,0.972549021244,0.972549021244);
#15417 = CURVE_STYLE('',#15418,POSITIVE_LENGTH_MEASURE(0.1),#15416);
#15418 = DRAUGHTING_PRE_DEFINED_CURVE_FONT('continuous');
#15419 = MECHANICAL_DESIGN_GEOMETRIC_PRESENTATION_REPRESENTATION('',(
    #15420),#13766);
#15420 = STYLED_ITEM('color',(#15421),#12968);
#15421 = PRESENTATION_STYLE_ASSIGNMENT((#15422,#15428));
#15422 = SURFACE_STYLE_USAGE(.BOTH.,#15423);
#15423 = SURFACE_SIDE_STYLE('',(#15424));
#15424 = SURFACE_STYLE_FILL_AREA(#15425);
#15425 = FILL_AREA_STYLE('',(#15426));
#15426 = FILL_AREA_STYLE_COLOUR('',#15427);
#15427 = COLOUR_RGB('',0.600000023842,0.800000011921,1.);
#15428 = CURVE_STYLE('',#15429,POSITIVE_LENGTH_MEASURE(0.1),#15427);
#15429 = DRAUGHTING_PRE_DEFINED_CURVE_FONT('continuous');
ENDSEC;
END-ISO-10303-21;
